timestamp, frame, x, y, z, qx, qy, qz, qw, fx, fy, cx, cy, distortion_center_x, distortion_center_y
65621.573783291, 000000, 0.19097431, 0.0018667877, -0.044843256, 0.61151147, -0.33175313, -0.3404715, 0.632513, 1596.0804, 1596.0804, 955.4697, 717.76526, , 
65621.5904525, 000001, 0.19133095, 0.0011406166, -0.044296034, 0.611123, -0.33168942, -0.33950287, 0.63344175, 1596.0804, 1596.0804, 955.4712, 717.7681, , 
65621.6071215, 000002, 0.19203316, 0.0004888326, -0.04320754, 0.6112694, -0.33185586, -0.33872372, 0.63363045, 1596.0804, 1596.0804, 955.47217, 717.76953, , 
65621.657129083, 000003, 0.19466446, -0.0007089378, -0.03870017, 0.613249, -0.33185002, -0.33664286, 0.6328291, 1596.5323, 1596.5323, 955.47565, 717.7675, , 
65621.673798291, 000004, 0.19483013, -0.00012135133, -0.038247287, 0.61463267, -0.33070153, -0.33552814, 0.6326802, 1596.5323, 1596.5323, 955.4769, 717.7667, , 
65621.707136708, 000005, 0.19629928, 0.00031924248, -0.035169095, 0.6164415, -0.3290971, -0.33486342, 0.6321087, 1596.5323, 1596.5323, 955.4804, 717.7624, , 
65621.723805916, 000006, 0.19713837, 0.00064704195, -0.03319761, 0.6174577, -0.3280472, -0.33519003, 0.63148916, 1596.5323, 1596.5323, 955.48157, 717.75903, , 
65621.757144166, 000007, 0.19775313, 0.0021920842, -0.030407425, 0.61965644, -0.3257071, -0.33551085, 0.6303755, 1596.5323, 1596.5323, 955.483, 717.7522, , 
65621.773813333, 000008, 0.19827591, 0.0026925579, -0.029059365, 0.6199735, -0.32527512, -0.33570442, 0.6301837, 1596.5323, 1596.5323, 955.4831, 717.75055, , 
65621.807151791, 000009, 0.19994019, 0.0030828156, -0.02623099, 0.6206286, -0.32538947, -0.33527648, 0.6297075, 1596.5323, 1596.5323, 955.4835, 717.74884, , 
65621.823820875, 000010, 0.20083275, 0.0032340211, -0.02482755, 0.6210778, -0.3255168, -0.33488843, 0.62940526, 1596.5323, 1596.5323, 955.4839, 717.74817, , 
65621.857159333, 000011, 0.2011721, 0.0045371163, -0.023041058, 0.62273085, -0.32479182, -0.33429894, 0.6284589, 1596.5323, 1596.5323, 955.4845, 717.74524, , 
65621.8738285, 000012, 0.20158981, 0.005137168, -0.021893615, 0.6232963, -0.3245604, -0.3343979, 0.6279653, 1596.5323, 1596.5323, 955.4845, 717.74335, , 
65621.907166791, 000013, 0.20314139, 0.0060386993, -0.018900469, 0.6244096, -0.32415512, -0.3348105, 0.6268476, 1592.0132, 1592.0132, 955.4845, 717.7385, , 
65621.923835958, 000014, 0.20403133, 0.006431479, -0.017324984, 0.624783, -0.32408813, -0.33509314, 0.6263591, 1592.0132, 1592.0132, 955.48425, 717.7368, , 
65621.940505208, 000015, 0.2049414, 0.006760042, -0.01575011, 0.6250124, -0.3241454, -0.33534506, 0.6259655, 1592.0132, 1592.0132, 955.48364, 717.7352, , 
65621.9738435, 000016, 0.20518687, 0.007981997, -0.013803855, 0.62598574, -0.32349926, -0.3353045, 0.6253486, 1594.2728, 1594.2728, 955.4834, 717.7334, , 
65621.990512666, 000017, 0.2051474, 0.008581575, -0.012937516, 0.62645024, -0.32325786, -0.33503187, 0.62515444, 1594.2728, 1594.2728, 955.48376, 717.73236, , 
65622.023851125, 000018, 0.20632313, 0.00906219, -0.010310724, 0.6274451, -0.3234908, -0.3341943, 0.6244841, 1596.5323, 1596.5323, 955.4847, 717.73047, , 
65622.040520166, 000019, 0.20705931, 0.009223659, -0.00890623, 0.62803316, -0.32365683, -0.3337453, 0.624047, 1596.5323, 1596.5323, 955.48517, 717.72943, , 
65622.073858583, 000020, 0.20694901, 0.010194156, -0.008340225, 0.6289859, -0.3226092, -0.33342987, 0.62379843, 1596.5323, 1596.5323, 955.4863, 717.7275, , 
65622.090527791, 000021, 0.20708096, 0.010462929, -0.0077873645, 0.6289637, -0.32239032, -0.33342552, 0.6239363, 1598.7919, 1598.7919, 955.4866, 717.7273, , 
65622.123866125, 000022, 0.20805874, 0.010442879, -0.0058291256, 0.62862206, -0.3226044, -0.33331585, 0.6242286, 1598.7919, 1598.7919, 955.4862, 717.7285, , 
65622.14053525, 000023, 0.20857526, 0.010346029, -0.004767224, 0.6286137, -0.32263824, -0.33313492, 0.62431604, 1598.7919, 1598.7919, 955.4863, 717.72894, , 
65622.157204541, 000024, 0.20906444, 0.010234822, -0.0037060082, 0.6287454, -0.32261467, -0.3328998, 0.624321, 1598.7919, 1598.7919, 955.4867, 717.72906, , 
65622.19054275, 000025, 0.20957585, 0.01064055, -0.0037151426, 0.62898135, -0.32150382, -0.33307105, 0.624565, 1601.0514, 1601.0514, 955.4876, 717.7288, , 
65622.207212, 000026, 0.20990513, 0.0104756765, -0.002961534, 0.62897754, -0.32143423, -0.3327793, 0.62476003, 1601.0514, 1601.0514, 955.4881, 717.72906, , 
65622.240550416, 000027, 0.21043096, 0.009996314, -0.0012763292, 0.6287528, -0.3213172, -0.3321869, 0.62536144, 1605.5704, 1605.5704, 955.48914, 717.73096, , 
65622.257219666, 000028, 0.21064894, 0.009772066, -0.00038218498, 0.6288435, -0.32119992, -0.3317984, 0.6255368, 1605.5704, 1605.5704, 955.4898, 717.7316, , 
65622.290557916, 000029, 0.21107471, 0.009790432, -0.0013405085, 0.6289855, -0.31974468, -0.33189374, 0.6260887, 1600.1476, 1600.1476, 955.4919, 717.7313, , 
65622.307227166, 000030, 0.21124111, 0.009660203, -0.0006458461, 0.62915224, -0.3194076, -0.331638, 0.6262288, 1600.1476, 1600.1476, 955.49286, 717.73114, , 
65622.323896333, 000031, 0.21138924, 0.009474676, 0.00015003979, 0.6290637, -0.31918585, -0.33142158, 0.6265452, 1600.1476, 1600.1476, 955.4938, 717.7318, , 
65622.357234666, 000032, 0.21169823, 0.009055164, 0.0017181039, 0.62837666, -0.3192546, -0.33109313, 0.6273727, 1600.1476, 1600.1476, 955.49426, 717.7343, , 
65622.373903833, 000033, 0.21185619, 0.008791108, -2.1263957e-05, 0.6275128, -0.31865567, -0.33177698, 0.6281801, 1600.1476, 1600.1476, 955.4943, 717.7361, , 
65622.407242291, 000034, 0.21219176, 0.008481201, 0.00042890012, 0.6272272, -0.3185955, -0.33149606, 0.628644, 1600.1476, 1600.1476, 955.4947, 717.7375, , 
65622.423911291, 000035, 0.21235003, 0.008335635, 0.0010782988, 0.6271982, -0.31869116, -0.33113497, 0.6288147, 1600.1476, 1600.1476, 955.4952, 717.73804, , 
65622.457249791, 000036, 0.21273494, 0.008014012, 0.0023958534, 0.62684983, -0.31920058, -0.33050343, 0.6292358, 1600.1476, 1600.1476, 955.4955, 717.74036, , 
65622.473919041, 000037, 0.21272774, 0.00800642, 0.0002385974, 0.626075, -0.31872624, -0.331102, 0.62993264, 1600.1476, 1600.1476, 955.4954, 717.74115, , 
65622.490588083, 000038, 0.21286577, 0.007972043, -2.090633e-05, 0.6261254, -0.31881365, -0.33090654, 0.629941, 1600.1476, 1600.1476, 955.4955, 717.74146, , 
65622.523926541, 000039, 0.21309915, 0.007837359, 0.0007805377, 0.6267137, -0.3192668, -0.3297314, 0.6297426, 1600.1476, 1600.1476, 955.4966, 717.74146, , 
65622.540595791, 000040, 0.21314122, 0.0077017355, 0.0012645841, 0.6268511, -0.31934798, -0.32907873, 0.629906, 1600.1476, 1600.1476, 955.4976, 717.7422, , 
65622.573934, 000041, 0.21300729, 0.007197302, -0.00032180548, 0.62601227, -0.31826332, -0.329237, 0.63120514, 1600.1476, 1600.1476, 955.4993, 717.74396, , 
65622.590603291, 000042, 0.2129067, 0.0069491826, -0.0006209314, 0.6257477, -0.31764612, -0.3292156, 0.6317893, 1600.1476, 1600.1476, 955.5006, 717.7452, , 
65622.623941708, 000043, 0.21273556, 0.006337758, 8.839369e-05, 0.6260008, -0.316838, -0.32799673, 0.6325779, 1600.1476, 1600.1476, 955.50366, 717.7466, , 
65622.640610708, 000044, 0.21267933, 0.005867217, 0.00057342934, 0.6264312, -0.31666782, -0.32684147, 0.63283485, 1600.1476, 1600.1476, 955.5062, 717.74756, , 
65622.673949166, 000045, 0.21153823, 0.0043327846, -0.0013107508, 0.6262326, -0.31496242, -0.32596776, 0.6343314, 1600.1476, 1600.1476, 955.5106, 717.749, , 
65622.690618458, 000046, 0.21119827, 0.0033924398, -0.0017653079, 0.6265739, -0.31500757, -0.3248348, 0.6345531, 1600.1476, 1600.1476, 955.51294, 717.7501, , 
65622.707287666, 000047, 0.2110682, 0.002341576, -0.0016402751, 0.62717116, -0.3159274, -0.32293868, 0.6344736, 1600.1476, 1600.1476, 955.5146, 717.75134, , 
65622.740625958, 000048, 0.21062219, -0.00016501918, -0.0010105968, 0.62851393, -0.31862667, -0.31795326, 0.6343129, 1600.1476, 1600.1476, 955.51794, 717.7549, , 
65622.757295166, 000049, 0.2102322, -0.0016405284, -0.0007145107, 0.6291701, -0.3201513, -0.3148674, 0.63443404, 1600.1476, 1600.1476, 955.5212, 717.7585, , 
65622.790633375, 000050, 0.2088173, -0.0048556253, -0.0027655214, 0.6296493, -0.3227537, -0.3091112, 0.6354699, 1600.1476, 1600.1476, 955.5268, 717.76544, , 
65622.807302666, 000051, 0.20834759, -0.006495505, -0.0026003094, 0.6303833, -0.32442474, -0.3057657, 0.63550985, 1600.1476, 1600.1476, 955.5305, 717.76965, , 
65622.840641125, 000052, 0.2076606, -0.009732913, -0.0014214069, 0.6327508, -0.32719418, -0.2992438, 0.6348413, 1600.1476, 1600.1476, 955.5367, 717.7729, , 
65622.857310291, 000053, 0.20752479, -0.011386629, -0.00055620074, 0.63403803, -0.32865295, -0.29600644, 0.63432103, 1600.1476, 1600.1476, 955.5407, 717.7742, , 
65622.890648583, 000054, 0.20773597, -0.014919911, 0.00031895048, 0.63578403, -0.33141628, -0.29070142, 0.6335886, 1599.6957, 1599.6957, 955.5454, 717.7761, , 
65622.907317791, 000055, 0.20765255, -0.016732384, 0.0018157363, 0.6366987, -0.333115, -0.28760034, 0.63319427, 1600.1476, 1600.1476, 955.5476, 717.7777, , 
65622.923987083, 000056, 0.20743288, -0.01864886, 0.0036655962, 0.63763803, -0.3348507, -0.28418306, 0.63287663, 1600.1476, 1600.1476, 955.5512, 717.7804, , 
65622.957325333, 000057, 0.20652393, -0.02262574, 0.008326426, 0.640214, -0.3382955, -0.27652293, 0.63183624, 1600.1476, 1600.1476, 955.55804, 717.7839, , 
65622.973994583, 000058, 0.20599361, -0.024822157, 0.01040287, 0.6417578, -0.3397181, -0.2726307, 0.6311981, 1600.1476, 1600.1476, 955.56366, 717.78485, , 
65623.007332833, 000059, 0.20463507, -0.028739084, 0.015920669, 0.64540935, -0.3444697, -0.2632891, 0.6288611, 1600.1476, 1600.1476, 955.5718, 717.78613, , 
65623.024002041, 000060, 0.20406963, -0.030467683, 0.018811747, 0.6470615, -0.34829712, -0.2583417, 0.62710446, 1600.1476, 1600.1476, 955.5748, 717.7877, , 
65623.040671291, 000061, 0.20358826, -0.032017738, 0.021719232, 0.64859295, -0.3530104, -0.25329408, 0.6249424, 1600.1476, 1600.1476, 955.5755, 717.7892, , 
65623.07400975, 000062, 0.2021577, -0.034877345, 0.02677688, 0.6518065, -0.36293748, -0.24257065, 0.62014854, 1600.1476, 1600.1476, 955.57666, 717.7925, , 
65623.090678833, 000063, 0.20141253, -0.036338054, 0.029343277, 0.65347695, -0.3678193, -0.23605208, 0.618026, 1600.1476, 1600.1476, 955.57886, 717.7946, , 
65623.107348, 000064, 0.20068187, -0.038003385, 0.03197449, 0.65477604, -0.37229854, -0.22862163, 0.61676115, 1599.6957, 1599.6957, 955.5834, 717.79846, , 
65623.1406865, 000065, 0.1996017, -0.041889746, 0.03755189, 0.656932, -0.38009563, -0.2117305, 0.61574167, 1600.1476, 1600.1476, 955.602, 717.8128, , 
65623.157355666, 000066, 0.19954611, -0.04374011, 0.040674232, 0.6588183, -0.3837801, -0.20295477, 0.6143945, 1600.1476, 1600.1476, 955.6113, 717.817, , 
65623.174024708, 000067, 0.19957334, -0.045219917, 0.04298896, 0.6612, -0.38705486, -0.19490097, 0.6123859, 1600.1476, 1600.1476, 955.61993, 717.8186, , 
65623.207363166, 000068, 0.20131947, -0.048246965, 0.04856284, 0.66623574, -0.39480838, -0.17809145, 0.60707474, 1599.6957, 1599.6957, 955.6372, 717.81836, , 
65623.224032375, 000069, 0.20265621, -0.05002492, 0.05097546, 0.6676484, -0.3984905, -0.169425, 0.6055957, 1600.1476, 1600.1476, 955.6456, 717.8205, , 
65623.240701458, 000070, 0.20430112, -0.052058924, 0.052973777, 0.6679888, -0.40215555, -0.16037506, 0.6052617, 1600.1476, 1600.1476, 955.65955, 717.82825, , 
65623.257370666, 000071, 0.2056046, -0.05415236, 0.05383593, 0.66727, -0.40553752, -0.15186173, 0.6059934, 1599.6957, 1599.6957, 955.6711, 717.83704, , 
65623.290709166, 000072, 0.2104484, -0.05812329, 0.056508556, 0.6659912, -0.4143414, -0.13356787, 0.6057529, 1599.6957, 1599.6957, 955.6972, 717.85876, , 
65623.307378291, 000073, 0.21359439, -0.059629783, 0.05804815, 0.6665497, -0.4192379, -0.1240526, 0.60378957, 1600.1476, 1600.1476, 955.707, 717.8644, , 
65623.324047416, 000074, 0.21705228, -0.060796097, 0.059708014, 0.66804224, -0.42402497, -0.1144275, 0.6006902, 1600.1476, 1600.1476, 955.7158, 717.8666, , 
65623.340716625, 000075, 0.22078262, -0.061731562, 0.061406992, 0.6700293, -0.42855898, -0.10483008, 0.59699965, 1599.6957, 1599.6957, 955.7271, 717.866, , 
65623.357385916, 000076, 0.22459477, -0.06233699, 0.06201175, 0.6718832, -0.4326505, -0.096226744, 0.59340274, 1599.6957, 1599.6957, 955.73474, 717.8644, , 
65623.390724166, 000077, 0.23398472, -0.062977254, 0.064781934, 0.67570037, -0.44326213, -0.07933629, 0.5836552, 1599.6957, 1599.6957, 955.74445, 717.85895, , 
65623.407393416, 000078, 0.23923261, -0.062975466, 0.06634992, 0.6774512, -0.44934958, -0.07133165, 0.5779763, 1599.6957, 1599.6957, 955.74536, 717.8562, , 
65623.424062666, 000079, 0.24467613, -0.06284629, 0.067966595, 0.6790477, -0.4557018, -0.06335725, 0.5720278, 1599.2438, 1599.2438, 955.74524, 717.85333, , 
65623.440731875, 000080, 0.25023443, -0.062649295, 0.06963497, 0.68045706, -0.46215045, -0.055308066, 0.5659825, 1599.2438, 1599.2438, 955.74475, 717.85004, , 
65623.457400875, 000081, 0.25576696, -0.062487226, 0.070341736, 0.6814774, -0.4681636, -0.0481191, 0.5604425, 1599.2438, 1599.2438, 955.7442, 717.8478, , 
65623.490739333, 000082, 0.26740164, -0.06173402, 0.07373854, 0.6838293, -0.4808141, -0.03360277, 0.54778284, 1599.6957, 1599.6957, 955.7405, 717.8428, , 
65623.507408541, 000083, 0.273333, -0.061217714, 0.07589412, 0.68509054, -0.48685765, -0.027055671, 0.5411918, 1599.6957, 1599.6957, 955.7357, 717.83826, , 
65623.524077791, 000084, 0.27929097, -0.06064627, 0.07826685, 0.6865472, -0.49248374, -0.020721598, 0.5344935, 1599.6957, 1599.6957, 955.7319, 717.83405, , 
65623.540746875, 000085, 0.2852754, -0.06006385, 0.080790624, 0.688145, -0.4976971, -0.014275466, 0.5277786, 1599.6957, 1599.6957, 955.7283, 717.8291, , 
65623.557416083, 000086, 0.2912883, -0.059492912, 0.08343897, 0.68973553, -0.50261027, -0.007572325, 0.5211434, 1599.6957, 1599.6957, 955.7249, 717.82214, , 
65623.574085333, 000087, 0.29795188, -0.059272137, 0.08534232, 0.6910927, -0.50710046, -0.0011880734, 0.51501316, 1599.6957, 1599.6957, 955.72314, 717.817, , 
65623.607423583, 000088, 0.31066957, -0.058348704, 0.09091484, 0.69369835, -0.5165646, 0.013195174, 0.5017663, 1599.6957, 1599.6957, 955.7202, 717.8058, , 
65623.624092791, 000089, 0.31707516, -0.057887416, 0.09412423, 0.6946986, -0.5213599, 0.020688763, 0.49512583, 1599.6957, 1599.6957, 955.7193, 717.8015, , 
65623.640762041, 000090, 0.32357812, -0.057429466, 0.09761381, 0.6954217, -0.5261603, 0.028173435, 0.48862064, 1599.6957, 1599.6957, 955.7184, 717.7976, , 
65623.657431291, 000091, 0.3302651, -0.056968533, 0.101359345, 0.69623625, -0.5311244, 0.035873678, 0.48153415, 1599.6957, 1599.6957, 955.71735, 717.79346, , 
65623.6741005, 000092, 0.33808655, -0.056683958, 0.104139075, 0.69705385, -0.5361157, 0.043297593, 0.47415313, 1599.2438, 1599.2438, 955.7148, 717.7876, , 
65623.6907695, 000093, 0.34536377, -0.056361355, 0.10807954, 0.6977524, -0.54121274, 0.051094286, 0.4664972, 1599.2438, 1599.2438, 955.71246, 717.7831, , 
65623.724107958, 000094, 0.35981807, -0.05617022, 0.11727293, 0.69808286, -0.55142677, 0.06746618, 0.45172685, 1599.2438, 1599.2438, 955.70917, 717.7751, , 
65623.740777208, 000095, 0.36725932, -0.056356095, 0.12225267, 0.69760376, -0.55648917, 0.07608579, 0.44483665, 1599.2438, 1599.2438, 955.7093, 717.77325, , 
65623.75744625, 000096, 0.3751886, -0.056468032, 0.12572531, 0.6966059, -0.5614963, 0.08434177, 0.4385755, 1599.2438, 1599.2438, 955.71027, 717.77246, , 
65623.774115541, 000097, 0.3831696, -0.056768797, 0.13073248, 0.6954154, -0.5668704, 0.09282343, 0.43178594, 1601.5033, 1601.5033, 955.7108, 717.77246, , 
65623.79078475, 000098, 0.3912712, -0.057165474, 0.13647042, 0.6939167, -0.5725053, 0.101216055, 0.42482054, 1601.5033, 1601.5033, 955.7103, 717.77313, , 
65623.807453958, 000099, 0.39947417, -0.057683025, 0.14263494, 0.6920552, -0.57823634, 0.1096752, 0.41793972, 1601.5033, 1601.5033, 955.71, 717.77454, , 
65623.840792208, 000100, 0.41591814, -0.059063878, 0.15590768, 0.68738467, -0.58957833, 0.12722158, 0.40461627, 1603.7628, 1603.7628, 955.71173, 717.7797, , 
65623.857461416, 000101, 0.42494267, -0.059927966, 0.16163027, 0.68497914, -0.5950268, 0.1360594, 0.39778706, 1603.7628, 1603.7628, 955.7134, 717.78186, , 
65623.874130708, 000102, 0.43344986, -0.060709387, 0.1686036, 0.6825885, -0.6005366, 0.14511774, 0.39034548, 1603.7628, 1603.7628, 955.7148, 717.78406, , 
65623.890799916, 000103, 0.4417653, -0.061402783, 0.17604879, 0.6802617, -0.60595125, 0.15385573, 0.3826168, 1606.0223, 1606.0223, 955.7148, 717.78516, , 
65623.924138166, 000104, 0.45881474, -0.06283995, 0.19111888, 0.6743052, -0.61701083, 0.17113242, 0.36786383, 1606.0223, 1606.0223, 955.71533, 717.79065, , 
65623.940807416, 000105, 0.46761686, -0.06383546, 0.19871874, 0.66991836, -0.6230645, 0.18053345, 0.36111993, 1606.0223, 1606.0223, 955.7184, 717.7966, , 
65623.957476666, 000106, 0.47701642, -0.06454286, 0.20493269, 0.66513497, -0.62885505, 0.19027884, 0.35486716, 1606.0223, 1606.0223, 955.7234, 717.80304, , 
65623.974145875, 000107, 0.48569286, -0.06536777, 0.2124052, 0.6608127, -0.63412905, 0.20080787, 0.34768265, 1608.2819, 1608.2819, 955.7293, 717.80786, , 
65623.990814916, 000108, 0.4939748, -0.06611155, 0.22048736, 0.6570892, -0.6389617, 0.21098562, 0.3397749, 1608.2819, 1608.2819, 955.7355, 717.811, , 
65624.024153333, 000109, 0.5102432, -0.06750011, 0.23781484, 0.65066403, -0.6482844, 0.22919863, 0.32222918, 1611.4452, 1611.4452, 955.7372, 717.81146, , 
65624.040822625, 000110, 0.5184139, -0.06833601, 0.24673775, 0.64720756, -0.65312403, 0.23750469, 0.3132776, 1611.4452, 1611.4452, 955.73535, 717.81244, , 
65624.057491666, 000111, 0.52717125, -0.06856754, 0.25410506, 0.6432128, -0.65796316, 0.24520433, 0.3053465, 1611.4452, 1611.4452, 955.73474, 717.81494, , 
65624.074160833, 000112, 0.53558934, -0.06952956, 0.26230922, 0.6384963, -0.6629719, 0.25328743, 0.2977183, 1611.4452, 1611.4452, 955.73596, 717.8193, , 
65624.090830083, 000113, 0.5438917, -0.07068846, 0.27075288, 0.6333838, -0.6679158, 0.261654, 0.29025954, 1606.9261, 1606.9261, 955.73956, 717.8263, , 
65624.1241685, 000114, 0.5601733, -0.0725211, 0.28816575, 0.6237995, -0.6766815, 0.27891386, 0.2741957, 1606.9261, 1606.9261, 955.74536, 717.8337, , 
65624.140837583, 000115, 0.56812924, -0.072997294, 0.29718485, 0.61969155, -0.6802923, 0.2878475, 0.26519552, 1607.378, 1607.378, 955.7473, 717.8343, , 
65624.157506833, 000116, 0.57530385, -0.07173248, 0.30571505, 0.61622435, -0.6832198, 0.29645768, 0.2561078, 1607.378, 1607.378, 955.74805, 717.83276, , 
65624.174176, 000117, 0.5827697, -0.07121884, 0.31481588, 0.6127577, -0.68596345, 0.30528492, 0.24654248, 1606.9261, 1606.9261, 955.74805, 717.8302, , 
65624.19084525, 000118, 0.5902809, -0.07087765, 0.32412007, 0.60914236, -0.6886769, 0.3139235, 0.23689999, 1606.9261, 1606.9261, 955.74744, 717.8267, , 
65624.207514333, 000119, 0.59778965, -0.070527084, 0.33350936, 0.60530365, -0.6914993, 0.32214338, 0.2272877, 1607.378, 1607.378, 955.74664, 717.82495, , 
65624.24085275, 000120, 0.61266506, -0.0694032, 0.35243338, 0.59768546, -0.69731206, 0.3367015, 0.20775004, 1606.9261, 1606.9261, 955.74176, 717.82294, , 
65624.257521958, 000121, 0.6183806, -0.066991344, 0.3612633, 0.59464675, -0.69996446, 0.3426074, 0.19764838, 1606.9261, 1606.9261, 955.73456, 717.8217, , 
65624.274191208, 000122, 0.6249814, -0.065209776, 0.3708037, 0.59179837, -0.7026813, 0.34818056, 0.18650424, 1606.9261, 1606.9261, 955.7261, 717.82, , 
65624.290860291, 000123, 0.63182265, -0.06348081, 0.38061768, 0.58899057, -0.7054643, 0.35347837, 0.17453693, 1606.9261, 1606.9261, 955.7156, 717.8181, , 
65624.307529458, 000124, 0.6386248, -0.061701912, 0.3903823, 0.5861608, -0.70818865, 0.35851467, 0.16233152, 1606.9261, 1606.9261, 955.70026, 717.8159, , 
65624.340867958, 000125, 0.65179455, -0.05810406, 0.40901676, 0.5803054, -0.712661, 0.36860418, 0.13960908, 1606.9261, 1606.9261, 955.6798, 717.81287, , 
65624.357537, 000126, 0.65664625, -0.054181587, 0.41696143, 0.57751036, -0.71436214, 0.3732588, 0.12979372, 1606.9261, 1606.9261, 955.6699, 717.8115, , 
65624.374206208, 000127, 0.6624446, -0.05168429, 0.4253555, 0.57455564, -0.7161293, 0.3776993, 0.119949296, 1606.9261, 1606.9261, 955.6626, 717.81104, , 
65624.390875416, 000128, 0.6685533, -0.049579035, 0.43389472, 0.57147795, -0.7180602, 0.38184917, 0.10951503, 1606.9261, 1606.9261, 955.6541, 717.81104, , 
65624.42421375, 000129, 0.6808829, -0.04575644, 0.4504781, 0.5645616, -0.7220973, 0.3898903, 0.08849308, 1606.9261, 1606.9261, 955.63385, 717.8134, , 
65624.440882958, 000130, 0.68712735, -0.04414921, 0.45829672, 0.5603223, -0.7243115, 0.39391845, 0.07899435, 1606.9261, 1606.9261, 955.6277, 717.8162, , 
65624.457552125, 000131, 0.69134295, -0.03880817, 0.46299174, 0.5558566, -0.7266802, 0.39750615, 0.070341915, 1606.9261, 1606.9261, 955.62317, 717.8207, , 
65624.474221375, 000132, 0.6969017, -0.036196917, 0.46945727, 0.55123824, -0.7292187, 0.40073693, 0.0615332, 1606.4742, 1606.4742, 955.61725, 717.82825, , 
65624.490890541, 000133, 0.70276827, -0.03435356, 0.47639745, 0.54695743, -0.7315121, 0.40375656, 0.052039422, 1606.9261, 1606.9261, 955.61145, 717.8335, , 
65624.524228875, 000134, 0.7142335, -0.03078753, 0.48988327, 0.54008526, -0.7344115, 0.40982175, 0.03152384, 1606.4742, 1606.4742, 955.59296, 717.83984, , 
65624.540898166, 000135, 0.71980387, -0.028929828, 0.49612316, 0.5372396, -0.73531234, 0.41260043, 0.021217111, 1606.4742, 1606.4742, 955.5841, 717.84094, , 
65624.557567333, 000136, 0.72534126, -0.02705016, 0.50191873, 0.534799, -0.73607564, 0.41479257, 0.011390494, 1606.9261, 1606.9261, 955.575, 717.8421, , 
65624.574236375, 000137, 0.72802836, -0.019845717, 0.5010837, 0.53287214, -0.73669446, 0.4163188, 0.002685705, 1604.6666, 1604.6666, 955.5626, 717.84357, , 
65624.607574833, 000138, 0.737987, -0.013520356, 0.5076461, 0.5299428, -0.7375325, 0.41834164, -0.014019934, 1604.6666, 1604.6666, 955.54443, 717.8457, , 
65624.624244041, 000139, 0.743518, -0.011214726, 0.51169735, 0.5286235, -0.73769766, 0.41934448, -0.02257276, 1602.4071, 1602.4071, 955.53235, 717.8467, , 
65624.64091325, 000140, 0.7490576, -0.008915897, 0.5157791, 0.5274181, -0.7374971, 0.42061725, -0.03176887, 1602.859, 1602.859, 955.5227, 717.84656, , 
65624.657582375, 000141, 0.7500657, -0.0014334734, 0.50883687, 0.5265027, -0.736818, 0.42216098, -0.04091368, 1602.4071, 1602.4071, 955.5125, 717.8454, , 
65624.690920791, 000142, 0.7588704, 0.0058056675, 0.5109227, 0.5244779, -0.7348048, 0.42570013, -0.061352238, 1600.5995, 1600.5995, 955.48773, 717.84094, , 
65624.707589958, 000143, 0.76409215, 0.008427266, 0.51353174, 0.5231634, -0.7339925, 0.42712674, -0.07153864, 1600.1476, 1600.1476, 955.47784, 717.8403, , 
65624.724259041, 000144, 0.7693926, 0.010877412, 0.516274, 0.5218765, -0.73329014, 0.42807907, -0.08172368, 1600.5995, 1600.5995, 955.4681, 717.84045, , 
65624.740928291, 000145, 0.77464145, 0.013272446, 0.51906735, 0.52076244, -0.732474, 0.4287196, -0.092129216, 1600.5995, 1600.5995, 955.4546, 717.8411, , 
65624.77426675, 000146, 0.7795647, 0.021775004, 0.51147467, 0.5192992, -0.730087, 0.4298189, -0.1120582, 1598.34, 1598.34, 955.43427, 717.8417, , 
65624.790935916, 000147, 0.7829741, 0.02539387, 0.5094716, 0.5187192, -0.7285728, 0.43049172, -0.1216092, 1597.8881, 1597.8881, 955.4217, 717.8409, , 
65624.807605041, 000148, 0.7877077, 0.028088514, 0.51008046, 0.5178628, -0.72726715, 0.43114278, -0.13044758, 1598.34, 1598.34, 955.4137, 717.84064, , 
65624.840943458, 000149, 0.7985975, 0.032146793, 0.51312965, 0.514574, -0.72631586, 0.4318681, -0.14549446, 1596.0804, 1596.0804, 955.4009, 717.8464, , 
65624.857612666, 000150, 0.7947665, 0.035912286, 0.49908257, 0.51247656, -0.72601604, 0.43287155, -0.15129624, 1596.0804, 1596.0804, 955.3974, 717.8502, , 
65624.87428175, 000151, 0.7970715, 0.038240645, 0.49534136, 0.5100734, -0.72543144, 0.434526, -0.15735675, 1596.0804, 1596.0804, 955.39484, 717.85315, , 
65624.890950916, 000152, 0.80114233, 0.040067416, 0.49482834, 0.5075371, -0.7244283, 0.4369522, -0.16334732, 1592.0132, 1592.0132, 955.3923, 717.8549, , 
65624.924289375, 000153, 0.8101484, 0.043070197, 0.49611765, 0.5026939, -0.72173995, 0.4424388, -0.17503774, 1592.0132, 1592.0132, 955.3888, 717.8548, , 
65624.940958625, 000154, 0.81462425, 0.044251297, 0.49706867, 0.50037766, -0.72041374, 0.44498628, -0.18059206, 1592.4652, 1592.4652, 955.3866, 717.8546, , 
65624.957627708, 000155, 0.8190618, 0.045208555, 0.4981148, -0.49792418, 0.7190987, -0.44770712, 0.18581414, 1592.4652, 1592.4652, 955.3853, 717.85455, , 
65624.990966125, 000156, 0.8227223, 0.04567453, 0.4820006, -0.49211457, 0.7170574, -0.454435, 0.19271931, 1600.1476, 1600.1476, 955.386, 717.8546, , 
65625.007635333, 000157, 0.82690054, 0.045871105, 0.48159963, -0.4883007, 0.7163722, -0.45836282, 0.19564447, 1600.1476, 1600.1476, 955.38916, 717.85535, , 
65625.024304375, 000158, 0.8312152, 0.046013, 0.48235202, -0.4844433, 0.71561694, -0.462388, 0.19850531, 1600.1476, 1600.1476, 955.3919, 717.85583, , 
65625.040973583, 000159, 0.8352885, 0.046190593, 0.4837258, -0.4807345, 0.71439564, -0.46667886, 0.2018515, 1600.1476, 1600.1476, 955.3942, 717.85547, , 
65625.074312041, 000160, 0.8418042, 0.03932495, 0.47697085, -0.4738649, 0.71127695, -0.47525826, 0.20896569, 1599.6957, 1599.6957, 955.39795, 717.8521, , 
65625.09098125, 000161, 0.8449439, 0.03688613, 0.47601348, -0.46951964, 0.7099691, -0.47949243, 0.21349944, 1599.6957, 1599.6957, 955.3996, 717.85205, , 
65625.107650333, 000162, 0.8481107, 0.035904553, 0.47775054, -0.46473747, 0.7088209, -0.48349598, 0.21868612, 1599.6957, 1599.6957, 955.4018, 717.8539, , 
65625.14098875, 000163, 0.8539671, 0.035164956, 0.48396933, -0.45476997, 0.70627296, -0.49132097, 0.23014426, 1600.1476, 1600.1476, 955.4046, 717.8579, , 
65625.157658, 000164, 0.8564988, 0.035021562, 0.48779023, -0.44982246, 0.7046436, -0.49532184, 0.23620605, 1600.1476, 1600.1476, 955.40564, 717.8595, , 
65625.174327041, 000165, 0.85770565, 0.03193276, 0.48728305, -0.4459281, 0.70304334, -0.4987285, 0.24113892, 1600.1476, 1600.1476, 955.4067, 717.8607, , 
65625.207665458, 000166, 0.86092734, 0.030660983, 0.4944111, -0.43695018, 0.69866115, -0.5072391, 0.2523005, 1600.1476, 1600.1476, 955.40796, 717.8599, , 
65625.224334666, 000167, 0.862229, 0.030577678, 0.49934143, -0.43222514, 0.69599783, -0.51191807, 0.2582795, 1600.1476, 1600.1476, 955.40857, 717.85803, , 
65625.241003875, 000168, 0.8632304, 0.030499581, 0.5048048, -0.42715347, 0.6931241, -0.5167576, 0.26472703, 1600.1476, 1600.1476, 955.4089, 717.85645, , 
65625.274342166, 000169, 0.86707973, 0.026012164, 0.51283073, -0.41655782, 0.68769073, -0.5258323, 0.27759928, 1600.1476, 1600.1476, 955.40985, 717.8551, , 
65625.291011416, 000170, 0.8682398, 0.024243142, 0.5181177, -0.41047883, 0.68478924, -0.53067064, 0.28453347, 1600.1476, 1600.1476, 955.41064, 717.8552, , 
65625.324349625, 000171, 0.8685489, 0.022379685, 0.53164047, -0.39693514, 0.6781006, -0.5416312, 0.29876024, 1600.1476, 1600.1476, 955.41376, 717.8539, , 
65625.341018958, 000172, 0.86810315, 0.021548565, 0.539061, -0.3897376, 0.6742651, -0.54772073, 0.3057338, 1600.1476, 1600.1476, 955.41565, 717.852, , 
65625.357688125, 000173, 0.86721885, 0.020682406, 0.5468577, -0.38225955, 0.67004156, -0.554092, 0.31289583, 1599.6957, 1599.6957, 955.4175, 717.84937, , 
65625.391026583, 000174, 0.8675849, 0.014394607, 0.56080115, -0.36718372, 0.6619391, -0.5662127, 0.32621446, 1599.6957, 1599.6957, 955.4227, 717.8432, , 
65625.407695583, 000175, 0.8660655, 0.012901019, 0.5693001, -0.3588363, 0.6578973, -0.572278, 0.3330246, 1600.1476, 1600.1476, 955.42566, 717.84143, , 
65625.424364833, 000176, 0.86404604, 0.011567447, 0.5781125, -0.3504714, 0.65402603, -0.57801557, 0.3395845, 1600.1476, 1600.1476, 955.42993, 717.8396, , 
65625.45770325, 000177, 0.8583819, 0.00907274, 0.59638244, -0.3337395, 0.64622605, -0.5886564, 0.3528362, 1600.1476, 1600.1476, 955.4362, 717.83795, , 
65625.474372333, 000178, 0.85904145, 0.0064051338, 0.60462916, -0.3260838, 0.64239186, -0.5933604, 0.3590617, 1599.6957, 1599.6957, 955.4389, 717.8369, , 
65625.491041583, 000179, 0.85628283, 0.0048025884, 0.6138357, -0.31772742, 0.63830006, -0.5982321, 0.36570564, 1599.6957, 1599.6957, 955.4425, 717.8359, , 
65625.524379958, 000180, 0.8472539, 0.0023908615, 0.6332339, -0.29962626, 0.63016945, -0.607642, 0.37931752, 1599.6957, 1599.6957, 955.4491, 717.8359, , 
65625.541049208, 000181, 0.84183526, 0.0013711564, 0.64306056, -0.29031438, 0.6261919, -0.6120691, 0.3859697, 1600.1476, 1600.1476, 955.4542, 717.83673, , 
65625.55771825, 000182, 0.8358799, 0.00048258138, 0.65286875, -0.28109643, 0.6220909, -0.6163116, 0.39261645, 1600.1476, 1600.1476, 955.45795, 717.8372, , 
65625.591056708, 000183, 0.8252008, -0.0011390559, 0.6700959, -0.26442963, 0.6139486, -0.62376225, 0.40504903, 1599.6957, 1599.6957, 955.4654, 717.83813, , 
65625.607725916, 000184, 0.8181815, -0.0017131269, 0.67939293, -0.25559425, 0.60961896, -0.6275012, 0.41143465, 1599.6957, 1599.6957, 955.46857, 717.83826, , 
65625.624394958, 000185, 0.8107346, -0.0022492371, 0.6887085, -0.2465504, 0.6054245, -0.6310147, 0.4177253, 1599.6957, 1599.6957, 955.4719, 717.83875, , 
65625.657733416, 000186, 0.7964834, -0.003481418, 0.7064535, -0.22882865, 0.5978962, -0.63667643, 0.4298845, 1599.6957, 1599.6957, 955.4812, 717.8429, , 
65625.674402625, 000187, 0.78842866, -0.004046917, 0.71538997, -0.22013126, 0.59430736, -0.6388639, 0.43611214, 1600.1476, 1600.1476, 955.48517, 717.8459, , 
65625.691071791, 000188, 0.77959913, -0.004533682, 0.72436833, -0.21190019, 0.59058267, -0.64062774, 0.44261315, 1600.1476, 1600.1476, 955.4889, 717.85034, , 
65625.707740875, 000189, 0.770292, -0.0049622688, 0.7332307, -0.20423968, 0.5867935, -0.6420364, 0.44916457, 1600.1476, 1600.1476, 955.4907, 717.8539, , 
65625.741079333, 000190, 0.75051206, -0.005657468, 0.7504757, -0.19014135, 0.5787837, -0.6443645, 0.46222302, 1600.1476, 1600.1476, 955.49274, 717.8615, , 
65625.757748541, 000191, 0.7413544, -0.0055257156, 0.75851226, -0.18433248, 0.57490945, -0.6450983, 0.468347, 1600.1476, 1600.1476, 955.49274, 717.8646, , 
65625.774417625, 000192, 0.7310056, -0.0056501105, 0.76659685, -0.17859146, 0.57082564, -0.6456499, 0.47476232, 1600.1476, 1600.1476, 955.4921, 717.8679, , 
65625.807756, 000193, 0.7088365, -0.00604631, 0.78239334, -0.16790386, 0.5619554, -0.64643407, 0.48799318, 1599.6957, 1599.6957, 955.4881, 717.8754, , 
65625.82442525, 000194, 0.6974251, -0.006250996, 0.790109, -0.16265638, 0.5573155, -0.6469084, 0.49442056, 1599.6957, 1599.6957, 955.4861, 717.8781, , 
65625.841094333, 000195, 0.6859602, -0.0064916313, 0.79774314, -0.15730003, 0.5528035, -0.64739704, 0.5005416, 1599.6957, 1599.6957, 955.4845, 717.8806, , 
65625.857763541, 000196, 0.6755375, -0.0061431564, 0.80415916, -0.15229304, 0.5486913, -0.6478574, 0.5059896, 1599.6957, 1599.6957, 955.4833, 717.884, , 
65625.891102, 000197, 0.65335375, -0.0062402966, 0.8183438, -0.14231564, 0.5408868, -0.6491119, 0.515598, 1599.6957, 1599.6957, 955.4826, 717.8875, , 
65625.907771166, 000198, 0.64230543, -0.0062962063, 0.8254298, -0.13777025, 0.5373628, -0.6499535, 0.5194431, 1599.6957, 1599.6957, 955.4826, 717.88837, , 
65625.924440208, 000199, 0.6313839, -0.0062598214, 0.83237284, -0.1336406, 0.5339513, -0.65105647, 0.5226488, 1599.6957, 1599.6957, 955.4826, 717.888, , 
65625.957778708, 000200, 0.6097133, -0.005957529, 0.8457816, -0.12618257, 0.52698296, -0.6541453, 0.5276938, 1599.6957, 1599.6957, 955.4821, 717.88367, , 
65625.974447875, 000201, 0.6001557, -0.005471863, 0.8509746, -0.122962296, 0.5235997, -0.65600246, 0.52951336, 1599.6957, 1599.6957, 955.48157, 717.879, , 
65625.991117083, 000202, 0.5898525, -0.005217474, 0.8569902, -0.11952417, 0.5200894, -0.6578024, 0.5315232, 1599.6957, 1599.6957, 955.4811, 717.87537, , 
65626.007786208, 000203, 0.57938176, -0.005105652, 0.8632509, -0.11608602, 0.5166245, -0.6593924, 0.5336898, 1599.6957, 1599.6957, 955.48065, 717.87213, , 
65626.024455416, 000204, 0.5689327, -0.0051025227, 0.8695608, -0.112856045, 0.5132312, -0.6606932, 0.5360425, 1599.6957, 1599.6957, 955.4798, 717.8687, , 
65626.057793791, 000205, 0.54844844, -0.0052103214, 0.8819721, -0.10726866, 0.5063516, -0.662853, 0.5410428, 1599.6957, 1599.6957, 955.4769, 717.8647, , 
65626.074462916, 000206, 0.5408279, -0.0049656034, 0.88649887, -0.1050565, 0.5033799, -0.6639027, 0.5429595, 1599.6957, 1599.6957, 955.4749, 717.86194, , 
65626.091132083, 000207, 0.5319906, -0.004974831, 0.8919401, -0.10236852, 0.50033635, -0.66493285, 0.54502153, 1599.6957, 1599.6957, 955.4739, 717.86, , 
65626.107801291, 000208, 0.52298766, -0.0051039793, 0.8976085, -0.09950011, 0.4974826, -0.6658575, 0.5470324, 1599.6957, 1599.6957, 955.4732, 717.8584, , 
65626.1244705, 000209, 0.5141784, -0.0052860826, 0.90327173, -0.09664365, 0.49491552, -0.6666585, 0.54889446, 1599.6957, 1599.6957, 955.47296, 717.8567, , 
65626.141139541, 000210, 0.5056823, -0.0054758526, 0.908819, -0.09389126, 0.49263123, -0.66734624, 0.5505886, 1599.6957, 1599.6957, 955.4731, 717.8557, , 
65626.174478, 000211, 0.49241757, -0.0053557525, 0.91810155, -0.08976993, 0.48906818, -0.6683342, 0.55324775, 1599.6957, 1599.6957, 955.4732, 717.8544, , 
65626.19114725, 000212, 0.48585105, -0.0052429065, 0.9226619, -0.088099286, 0.48745975, -0.66866547, 0.5545339, 1599.6957, 1599.6957, 955.47296, 717.85406, , 
65626.207816416, 000213, 0.47907907, -0.005147528, 0.9273614, -0.086337596, 0.48594087, -0.6689147, 0.55584204, 1599.6957, 1599.6957, 955.4727, 717.85394, , 
65626.2244855, 000214, 0.47251487, -0.00506866, 0.93209696, -0.08426707, 0.48474357, -0.66899467, 0.55710757, 1599.6957, 1599.6957, 955.4732, 717.8544, , 
65626.24115475, 000215, 0.46626553, -0.0049948324, 0.9368319, -0.081748396, 0.4838322, -0.66894007, 0.5583392, 1599.6957, 1599.6957, 955.47504, 717.8559, , 
65626.257823958, 000216, 0.46269828, -0.0034772754, 0.94082516, -0.0795519, 0.4836134, -0.66881377, 0.5589969, 1599.6957, 1599.6957, 955.47723, 717.8575, , 
65626.291162208, 000217, 0.45278168, -0.0023944378, 0.9496687, -0.07406729, 0.4821132, -0.6687532, 0.56111497, 1599.6957, 1599.6957, 955.4826, 717.8608, , 
65626.307831458, 000218, 0.44784588, -0.0019739047, 0.9540687, -0.071393676, 0.4810484, -0.66892695, 0.5621673, 1599.6957, 1599.6957, 955.4845, 717.8614, , 
65626.324500583, 000219, 0.4431515, -0.0015507825, 0.9584285, -0.068982646, 0.47997576, -0.669127, 0.5631462, 1599.6957, 1599.6957, 955.4861, 717.8617, , 
65626.341169833, 000220, 0.438758, -0.0011628192, 0.9627869, -0.06703618, 0.47913212, -0.66915727, 0.56406295, 1600.1476, 1600.1476, 955.48785, 717.8624, , 
65626.357839083, 000221, 0.43468708, -0.0008190796, 0.9671638, -0.065584905, 0.47856864, -0.6689862, 0.5649143, 1600.1476, 1600.1476, 955.4888, 717.86346, , 
65626.374508083, 000222, 0.43224877, 0.00023410878, 0.9715527, -0.06526582, 0.47893134, -0.6686855, 0.5649998, 1600.1476, 1600.1476, 955.48956, 717.8648, , 
65626.407846541, 000223, 0.4261662, 0.0010688566, 0.9805667, -0.06425713, 0.47905755, -0.6679211, 0.5659118, 1600.1476, 1600.1476, 955.49097, 717.86816, , 
65626.424515791, 000224, 0.4232987, 0.0013226569, 0.98517346, -0.0638504, 0.47904155, -0.6676175, 0.56632954, 1600.1476, 1600.1476, 955.49133, 717.8693, , 
65626.441184833, 000225, 0.42062402, 0.0015120547, 0.98987323, -0.06348059, 0.47905675, -0.6672768, 0.5667597, 1600.1476, 1600.1476, 955.4918, 717.8709, , 
65626.457854125, 000226, 0.41911435, 0.001282379, 0.9957977, -0.063846834, 0.47973102, -0.66675615, 0.56676096, 1600.1476, 1600.1476, 955.4921, 717.87244, , 
65626.474523208, 000227, 0.4171129, 0.0012084059, 1.0011353, -0.06367816, 0.47995654, -0.6661689, 0.5672792, 1600.1476, 1600.1476, 955.4924, 717.8744, , 
65626.4911925, 000228, 0.4151279, 0.0011794049, 1.0063514, -0.063297525, 0.47996503, -0.6656729, 0.5678966, 1600.1476, 1600.1476, 955.49286, 717.8767, , 
65626.507861708, 000229, 0.41332003, 0.0011335496, 1.0116075, -0.06281974, 0.47990164, -0.665228, 0.5685242, 1600.1476, 1600.1476, 955.49304, 717.8783, , 
65626.5412, 000230, 0.4103855, 0.0009600263, 1.0224106, -0.061430685, 0.47975853, -0.6646655, 0.5694539, 1600.1476, 1600.1476, 955.49445, 717.881, , 
65626.557869208, 000231, 0.40921882, 0.000903156, 1.02789, -0.060743243, 0.4794454, -0.6647024, 0.5697482, 1600.1476, 1600.1476, 955.4952, 717.8814, , 
65626.574538416, 000232, 0.40899968, 0.00018831751, 1.0357771, -0.06117347, 0.4795547, -0.6648203, 0.5694725, 1600.1476, 1600.1476, 955.49506, 717.88104, , 
65626.591207458, 000233, 0.40827993, -0.00012236461, 1.0421664, -0.061302908, 0.47903916, -0.6649808, 0.5697052, 1600.1476, 1600.1476, 955.4943, 717.8805, , 
65626.607876708, 000234, 0.40752074, -0.0003793761, 1.048197, -0.061536994, 0.4784697, -0.6651083, 0.5700096, 1600.1476, 1600.1476, 955.49286, 717.87964, , 
65626.641215125, 000235, 0.40640903, -0.0011909083, 1.0604552, -0.06258443, 0.47813198, -0.6650433, 0.5702547, 1599.6957, 1599.6957, 955.4907, 717.8794, , 
65626.657884291, 000236, 0.40609923, -0.0017592646, 1.0668314, -0.06312309, 0.47827977, -0.66501737, 0.57010156, 1599.6957, 1599.6957, 955.4899, 717.8793, , 
65626.674553375, 000237, 0.40674558, -0.002829127, 1.0755497, -0.06451494, 0.47917885, -0.66508204, 0.5691145, 1599.6957, 1599.6957, 955.48956, 717.8788, , 
65626.691222583, 000238, 0.4070553, -0.0036735572, 1.0829458, -0.065468684, 0.47967675, -0.66533035, 0.5682953, 1599.6957, 1599.6957, 955.48926, 717.87775, , 
65626.70789175, 000239, 0.40740433, -0.0044930205, 1.0900124, -0.06640274, 0.48009935, -0.6656646, 0.567438, 1599.6957, 1599.6957, 955.4889, 717.8764, , 
65626.741230083, 000240, 0.40852398, -0.0061609447, 1.1041191, -0.068535715, 0.48045737, -0.66660786, 0.5657716, 1599.6957, 1599.6957, 955.487, 717.8722, , 
65626.75789925, 000241, 0.40974125, -0.0071711843, 1.1129909, -0.070145704, 0.4808221, -0.66730285, 0.5644436, 1599.6957, 1599.6957, 955.48584, 717.86975, , 
65626.774568458, 000242, 0.41084817, -0.00807181, 1.1208597, -0.0712817, 0.48074368, -0.6681617, 0.5633509, 1599.6957, 1599.6957, 955.48425, 717.86566, , 
65626.79123775, 000243, 0.41204646, -0.00894041, 1.1285136, -0.07210173, 0.48053145, -0.66915274, 0.5622504, 1599.6957, 1599.6957, 955.4832, 717.8622, , 
65626.807906875, 000244, 0.41334435, -0.009780772, 1.1361945, -0.07262192, 0.48021013, -0.6702827, 0.5611108, 1599.6957, 1599.6957, 955.4825, 717.8584, , 
65626.824575958, 000245, 0.4146842, -0.0105559565, 1.1439909, -0.072917044, 0.4797066, -0.67148113, 0.5600693, 1599.6957, 1599.6957, 955.4817, 717.8531, , 
65626.857914416, 000246, 0.41762686, -0.01207865, 1.1616548, -0.07328248, 0.4791494, -0.6733103, 0.55829984, 1599.6957, 1599.6957, 955.48096, 717.84644, , 
65626.874583625, 000247, 0.41907626, -0.012677468, 1.1707081, -0.07318013, 0.47965634, -0.67364323, 0.5574757, 1599.6957, 1599.6957, 955.48206, 717.84467, , 
65626.891252666, 000248, 0.4205578, -0.01306786, 1.1796983, -0.072819695, 0.48076564, -0.67376727, 0.5564165, 1600.1476, 1600.1476, 955.48413, 717.8445, , 
65626.907921833, 000249, 0.42214552, -0.01320472, 1.1886766, -0.07236422, 0.4823883, -0.67386174, 0.5549551, 1600.1476, 1600.1476, 955.48724, 717.84454, , 
65626.924591083, 000250, 0.423792, -0.013050225, 1.1975491, -0.07192532, 0.48418778, -0.6740655, 0.5531948, 1599.6957, 1599.6957, 955.492, 717.84436, , 
65626.941260333, 000251, 0.42542195, -0.012629677, 1.2062516, -0.071653776, 0.48592493, -0.67438334, 0.55131626, 1599.6957, 1599.6957, 955.4955, 717.8438, , 
65626.974598583, 000252, 0.42848516, -0.011463821, 1.2232078, -0.07216944, 0.48919964, -0.674952, 0.5476451, 1599.6957, 1599.6957, 955.5011, 717.842, , 
65626.991267791, 000253, 0.42993906, -0.010739066, 1.2315258, -0.07273781, 0.49082226, -0.6750213, 0.5460302, 1599.6957, 1599.6957, 955.504, 717.84143, , 
65627.007937, 000254, 0.4313373, -0.009991679, 1.2397841, -0.07331068, 0.49244004, -0.6749947, 0.54452777, 1599.6957, 1599.6957, 955.506, 717.84143, , 
65627.024606291, 000255, 0.432672, -0.009189352, 1.2479569, -0.07386029, 0.49383944, -0.6750599, 0.54310346, 1599.6957, 1599.6957, 955.5078, 717.84125, , 
65627.041275291, 000256, 0.4339103, -0.008350987, 1.2560207, -0.074563324, 0.4949659, -0.67517745, 0.54183435, 1599.6957, 1599.6957, 955.5096, 717.8406, , 
65627.0579445, 000257, 0.43475, -0.00795535, 1.2647921, -0.07548334, 0.49582785, -0.6753167, 0.5407442, 1599.6957, 1599.6957, 955.51013, 717.83984, , 
65627.091282875, 000258, 0.43666723, -0.0065200324, 1.2808964, -0.07739753, 0.4968663, -0.67595387, 0.5387206, 1599.6957, 1599.6957, 955.5098, 717.83673, , 
65627.107952125, 000259, 0.43748242, -0.0058712177, 1.2888253, -0.07780458, 0.49730298, -0.6762196, 0.5379249, 1599.6957, 1599.6957, 955.51013, 717.8356, , 
65627.124621166, 000260, 0.43813652, -0.005304273, 1.2967895, -0.07796323, 0.49774545, -0.6763099, 0.5373789, 1599.6957, 1599.6957, 955.51086, 717.8351, , 
65627.141290416, 000261, 0.43859774, -0.004766848, 1.3047873, -0.078096054, 0.49807438, -0.67623454, 0.53714955, 1599.6957, 1599.6957, 955.5114, 717.8352, , 
65627.157959708, 000262, 0.43834174, -0.004165191, 1.3129919, -0.07806369, 0.49841967, -0.6758444, 0.53732497, 1599.6957, 1599.6957, 955.51166, 717.83606, , 
65627.174628833, 000263, 0.4383025, -0.0036961208, 1.3211241, -0.07806322, 0.4990023, -0.6753249, 0.53743756, 1599.6957, 1599.6957, 955.51215, 717.8376, , 
65627.191297875, 000264, 0.43829834, -0.003319297, 1.3292172, -0.07780442, 0.49988806, -0.6747118, 0.5374219, 1599.6957, 1599.6957, 955.5137, 717.84033, , 
65627.224636375, 000265, 0.43828222, -0.002763294, 1.3451653, -0.07646247, 0.50251275, -0.6732472, 0.5370033, 1600.1476, 1600.1476, 955.51874, 717.8458, , 
65627.241305583, 000266, 0.43816516, -0.0024956986, 1.3529345, -0.07577117, 0.50378764, -0.6724722, 0.5368779, 1600.1476, 1600.1476, 955.52246, 717.8498, , 
65627.257974583, 000267, 0.4377551, -0.0020530038, 1.3611934, -0.075251564, 0.50481397, -0.6716953, 0.53695935, 1599.6957, 1599.6957, 955.5245, 717.85254, , 
65627.274643791, 000268, 0.43741006, -0.0017265383, 1.368934, -0.07517992, 0.5057798, -0.67089653, 0.5370592, 1599.6957, 1599.6957, 955.5259, 717.85516, , 
65627.291313, 000269, 0.43710116, -0.0014911965, 1.3764771, -0.0755791, 0.50680536, -0.6700377, 0.5371085, 1599.6957, 1599.6957, 955.5267, 717.85785, , 
65627.307982208, 000270, 0.43680948, -0.0013384186, 1.3839545, -0.076267794, 0.5078366, -0.6692403, 0.5370313, 1599.6957, 1599.6957, 955.52716, 717.8612, , 
65627.3246515, 000271, 0.43651956, -0.0012770068, 1.3914716, -0.077026926, 0.5088779, -0.6685549, 0.5367909, 1599.6957, 1599.6957, 955.52747, 717.86316, , 
65627.357989708, 000272, 0.43605936, -0.0017309899, 1.4072139, -0.07853073, 0.5112342, -0.6671663, 0.53606117, 1599.6957, 1599.6957, 955.5286, 717.86755, , 
65627.374659, 000273, 0.43579933, -0.0021196567, 1.4152652, -0.07916541, 0.51263756, -0.6664088, 0.5355698, 1599.6957, 1599.6957, 955.52966, 717.86975, , 
65627.391328166, 000274, 0.43547037, -0.0025407295, 1.4233601, -0.07969923, 0.5139756, -0.66576827, 0.5350043, 1599.6957, 1599.6957, 955.5309, 717.8718, , 
65627.407997166, 000275, 0.43505436, -0.0029879995, 1.4315107, -0.08024769, 0.51510894, -0.66529465, 0.53442127, 1599.6957, 1599.6957, 955.53235, 717.87384, , 
65627.424666375, 000276, 0.43454513, -0.0034572552, 1.4397197, -0.08102638, 0.5160204, -0.6649444, 0.5338601, 1599.6957, 1599.6957, 955.53284, 717.8747, , 
65627.441335625, 000277, 0.43394122, -0.003923885, 1.4479675, -0.08214986, 0.51662326, -0.66477346, 0.5333181, 1599.6957, 1599.6957, 955.5325, 717.875, , 
65627.474674041, 000278, 0.43283227, -0.00478847, 1.4660447, -0.08494124, 0.5171741, -0.6650705, 0.5319747, 1599.6957, 1599.6957, 955.5295, 717.87274, , 
65627.491343083, 000279, 0.43227214, -0.005358249, 1.474555, -0.08661546, 0.51751786, -0.6655206, 0.5308062, 1600.1476, 1600.1476, 955.5281, 717.8707, , 
65627.508012291, 000280, 0.43174323, -0.0059692077, 1.4829967, -0.088454835, 0.5178578, -0.6661368, 0.52939665, 1600.1476, 1600.1476, 955.5268, 717.86804, , 
65627.5246815, 000281, 0.43116724, -0.0066030505, 1.491396, -0.090663634, 0.51806086, -0.6668191, 0.5279633, 1600.1476, 1600.1476, 955.52423, 717.8638, , 
65627.541350666, 000282, 0.43047056, -0.0072287545, 1.4997745, -0.09338116, 0.51794034, -0.6675146, 0.5267276, 1600.1476, 1600.1476, 955.5212, 717.8601, , 
65627.558019833, 000283, 0.42971867, -0.008451052, 1.5073272, -0.096509494, 0.5174866, -0.66815966, 0.525791, 1599.6957, 1599.6957, 955.51715, 717.8563, , 
65627.574689, 000284, 0.4289653, -0.009223394, 1.5156158, -0.10006905, 0.51729435, -0.6684919, 0.5248916, 1599.6957, 1599.6957, 955.51074, 717.85175, , 
65627.608027458, 000285, 0.42790714, -0.010656308, 1.5333192, -0.10792633, 0.5198381, -0.6672393, 0.52240974, 1599.6957, 1599.6957, 955.5033, 717.85016, , 
65627.624696625, 000286, 0.4277205, -0.011430111, 1.5423578, -0.11175049, 0.52270293, -0.6659313, 0.5204123, 1599.6957, 1599.6957, 955.5018, 717.85266, , 
65627.641365708, 000287, 0.42770934, -0.0120094605, 1.5512449, -0.11534478, 0.52547246, -0.6650303, 0.5179856, 1599.6957, 1599.6957, 955.50146, 717.8539, , 
65627.658034916, 000288, 0.42761344, -0.012290694, 1.5592363, -0.11876973, 0.52772033, -0.6647774, 0.51524365, 1599.6957, 1599.6957, 955.5011, 717.8533, , 
65627.674704083, 000289, 0.4279133, -0.012455236, 1.5674769, -0.121904254, 0.5299432, -0.66485095, 0.5121257, 1599.6957, 1599.6957, 955.5011, 717.85065, , 
65627.691373291, 000290, 0.42853746, -0.01261159, 1.5757846, -0.124789506, 0.5325206, -0.6648696, 0.50872165, 1599.6957, 1599.6957, 955.502, 717.8488, , 
65627.708042375, 000291, 0.42948568, -0.012786418, 1.5841134, -0.127447, 0.53557235, -0.66468805, 0.50508344, 1599.6957, 1599.6957, 955.504, 717.8476, , 
65627.741380791, 000292, 0.4325469, -0.013037425, 1.6005806, -0.13247089, 0.5431336, -0.66348785, 0.49723357, 1599.6957, 1599.6957, 955.51154, 717.8483, , 
65627.758050041, 000293, 0.43580827, -0.011954688, 1.6053982, -0.13517296, 0.54735655, -0.6627434, 0.49284914, 1599.6957, 1599.6957, 955.5155, 717.8492, , 
65627.77471925, 000294, 0.4383834, -0.011366196, 1.6119546, -0.13718311, 0.55077344, -0.6624488, 0.48886704, 1600.1476, 1600.1476, 955.5196, 717.8494, , 
65627.791388333, 000295, 0.44069022, -0.010754291, 1.6187136, -0.13888091, 0.55313164, -0.6627844, 0.485257, 1599.6957, 1599.6957, 955.524, 717.84753, , 
65627.8080575, 000296, 0.44277614, -0.009976629, 1.6252401, -0.14062078, 0.5543074, -0.6637173, 0.48212913, 1599.6957, 1599.6957, 955.52576, 717.8439, , 
65627.841395958, 000297, 0.44661164, -0.008398205, 1.6377078, -0.14504047, 0.5550807, -0.66558826, 0.47732672, 1599.6957, 1599.6957, 955.5246, 717.83295, , 
65627.858064916, 000298, 0.45066652, -0.0086650215, 1.6405337, -0.14831455, 0.5563327, -0.6655612, 0.47489476, 1599.6957, 1599.6957, 955.5233, 717.83, , 
65627.874734166, 000299, 0.4536712, -0.008665599, 1.6456258, -0.15145381, 0.5582011, -0.66500723, 0.47248143, 1599.6957, 1599.6957, 955.52234, 717.8288, , 
65627.891403416, 000300, 0.4565344, -0.00871769, 1.651448, -0.15455726, 0.5608362, -0.6639302, 0.46986327, 1599.6957, 1599.6957, 955.52234, 717.8293, , 
65627.908072666, 000301, 0.45944145, -0.008826889, 1.6574465, -0.15774605, 0.5638508, -0.66253674, 0.46715468, 1599.6957, 1599.6957, 955.5233, 717.8317, , 
65627.941410833, 000302, 0.46542874, -0.008917853, 1.6691839, -0.16446713, 0.56926966, -0.6599134, 0.461949, 1599.6957, 1599.6957, 955.5236, 717.83527, , 
65627.958080125, 000303, 0.46881565, -0.009098347, 1.6733463, -0.16798976, 0.5714333, -0.6590394, 0.45925003, 1599.6957, 1599.6957, 955.5231, 717.8355, , 
65627.974749291, 000304, 0.4720949, -0.00911909, 1.6784723, -0.1710071, 0.57325256, -0.6584313, 0.4567344, 1599.6957, 1599.6957, 955.5227, 717.83484, , 
65627.9914185, 000305, 0.47542015, -0.009180523, 1.6839603, -0.17371677, 0.5749836, -0.65777445, 0.4544767, 1599.6957, 1599.6957, 955.52234, 717.8345, , 
65628.008087541, 000306, 0.47887927, -0.009350482, 1.6896082, -0.17614561, 0.5767694, -0.6569774, 0.4524272, 1599.6957, 1599.6957, 955.5223, 717.8348, , 
65628.041425958, 000307, 0.4862656, -0.009924561, 1.7010531, -0.18043453, 0.58029467, -0.6551807, 0.44882017, 1599.6957, 1599.6957, 955.5226, 717.8367, , 
65628.058095166, 000308, 0.48978102, -0.010413941, 1.7069498, -0.18272573, 0.5820028, -0.6541787, 0.44714, 1599.6957, 1599.6957, 955.52246, 717.8379, , 
65628.074764416, 000309, 0.49375737, -0.01082987, 1.7127448, -0.18490566, 0.5835568, -0.65334404, 0.4454357, 1599.6957, 1599.6957, 955.5223, 717.8385, , 
65628.091433458, 000310, 0.49803394, -0.011261892, 1.7185141, -0.18694791, 0.5849983, -0.6526729, 0.44367275, 1599.6957, 1599.6957, 955.5223, 717.83887, , 
65628.124771833, 000311, 0.507231, -0.012299534, 1.7300702, -0.1908831, 0.587395, -0.65172, 0.4402178, 1599.6957, 1599.6957, 955.52203, 717.83826, , 
65628.141441083, 000312, 0.51208514, -0.012962796, 1.7359197, -0.19284281, 0.5883353, -0.6513516, 0.43865058, 1599.6957, 1599.6957, 955.5214, 717.8376, , 
65628.158110125, 000313, 0.51667565, -0.013812296, 1.7422975, -0.19493078, 0.5892629, -0.65087545, 0.4371868, 1600.1476, 1600.1476, 955.5206, 717.8366, , 
65628.174779375, 000314, 0.5217286, -0.014767945, 1.7485317, -0.19678694, 0.59011275, -0.65040976, 0.43590003, 1600.1476, 1600.1476, 955.5199, 717.8361, , 
65628.208117791, 000315, 0.532632, -0.017062545, 1.7611032, -0.20028979, 0.5916287, -0.64930624, 0.43389046, 1600.1476, 1600.1476, 955.5182, 717.8359, , 
65628.224786958, 000316, 0.5383929, -0.018385485, 1.7674919, -0.20194083, 0.59229815, -0.6487105, 0.43310204, 1600.1476, 1600.1476, 955.51666, 717.83606, , 
65628.241456, 000317, 0.5443461, -0.019778594, 1.7739394, -0.2034729, 0.59286517, -0.6482047, 0.43236604, 1599.6957, 1599.6957, 955.5155, 717.8361, , 
65628.258125208, 000318, 0.55024725, -0.02110478, 1.7800918, -0.2049414, 0.5933296, -0.64784735, 0.4315701, 1599.6957, 1599.6957, 955.5146, 717.8358, , 
65628.291463666, 000319, 0.5628641, -0.02380022, 1.7927752, -0.20754652, 0.59371716, -0.6478341, 0.4298085, 1599.6957, 1599.6957, 955.5126, 717.83307, , 
65628.308132708, 000320, 0.56933755, -0.025023233, 1.7990627, -0.20894973, 0.5934696, -0.64810956, 0.4290545, 1599.6957, 1599.6957, 955.51135, 717.83093, , 
65628.324801875, 000321, 0.57593006, -0.026083492, 1.8053449, -0.21051608, 0.5929522, -0.6485143, 0.42839223, 1599.6957, 1599.6957, 955.5088, 717.827, , 
65628.341471125, 000322, 0.5826987, -0.027070053, 1.8117349, -0.21193522, 0.5926392, -0.6487807, 0.42772165, 1599.6957, 1599.6957, 955.507, 717.82446, , 
65628.374809583, 000323, 0.5946174, -0.028526414, 1.8238373, -0.21243635, 0.5938658, -0.64860684, 0.42603213, 1599.6957, 1599.6957, 955.50854, 717.8235, , 
65628.391478583, 000324, 0.60180324, -0.029275006, 1.8305659, -0.21168277, 0.5953514, -0.64849955, 0.4244944, 1599.6957, 1599.6957, 955.51215, 717.8249, , 
65628.408147791, 000325, 0.60916805, -0.029783301, 1.837214, -0.21081121, 0.5968621, -0.6486608, 0.42255598, 1600.1476, 1600.1476, 955.51666, 717.82587, , 
65628.441486166, 000326, 0.62360394, -0.029882196, 1.8498484, -0.2099453, 0.59844905, -0.6501543, 0.41842693, 1599.6957, 1599.6957, 955.5255, 717.823, , 
65628.458155291, 000327, 0.62797505, -0.029350538, 1.853868, -0.20984574, 0.59861815, -0.65118086, 0.41663495, 1599.6957, 1599.6957, 955.5283, 717.82025, , 
65628.4748245, 000328, 0.6340838, -0.02901273, 1.8591721, -0.20956364, 0.5991271, -0.6521451, 0.41453165, 1599.6957, 1599.6957, 955.5326, 717.8169, , 
65628.491493708, 000329, 0.64074, -0.028775247, 1.864871, -0.20906636, 0.5999506, -0.652981, 0.41226965, 1599.6957, 1599.6957, 955.5367, 717.81494, , 
65628.524832083, 000330, 0.6540277, -0.028261224, 1.8764156, -0.20863625, 0.60161227, -0.65400916, 0.40841845, 1599.6957, 1599.6957, 955.544, 717.81244, , 
65628.541501125, 000331, 0.66031504, -0.027854387, 1.8821048, -0.20930322, 0.60202634, -0.6541364, 0.4072614, 1599.6957, 1599.6957, 955.5456, 717.81104, , 
65628.558170375, 000332, 0.66632634, -0.027335893, 1.8877616, -0.21050477, 0.6021366, -0.6540338, 0.40664372, 1599.6957, 1599.6957, 955.5449, 717.81, , 
65628.591508791, 000333, 0.6749628, -0.026388988, 1.8972753, -0.21315426, 0.6022165, -0.6530773, 0.40668246, 1599.6957, 1599.6957, 955.5405, 717.8096, , 
65628.608177833, 000334, 0.6804403, -0.025997713, 1.9031111, -0.21398133, 0.6029751, -0.65217125, 0.4065781, 1599.6957, 1599.6957, 955.53955, 717.8113, , 
65628.624847, 000335, 0.6860907, -0.025647227, 1.9091339, -0.21450576, 0.60401773, -0.6512484, 0.40623313, 1599.6957, 1599.6957, 955.5397, 717.8136, , 
65628.641516208, 000336, 0.69177526, -0.025287248, 1.9151978, -0.21492535, 0.6050895, -0.65048397, 0.40564078, 1599.6957, 1599.6957, 955.5403, 717.8159, , 
65628.674854541, 000337, 0.70122546, -0.02430915, 1.9252508, -0.21598516, 0.6072308, -0.64939713, 0.40361437, 1599.6957, 1599.6957, 955.54297, 717.81903, , 
65628.691523708, 000338, 0.70667493, -0.023964893, 1.9311154, -0.21685696, 0.60864824, -0.6487651, 0.40202513, 1599.6957, 1599.6957, 955.54443, 717.8202, , 
65628.708192916, 000339, 0.7121239, -0.02364916, 1.9370767, -0.21794702, 0.6101047, -0.6480535, 0.40037215, 1599.6957, 1599.6957, 955.54645, 717.8217, , 
65628.741531333, 000340, 0.7227726, -0.023179486, 1.9491162, -0.22076008, 0.6129419, -0.646327, 0.39727664, 1599.6957, 1599.6957, 955.548, 717.8241, , 
65628.758200416, 000341, 0.72656673, -0.023038719, 1.9531869, -0.22231418, 0.61421794, -0.64539105, 0.39595836, 1599.6957, 1599.6957, 955.5483, 717.8258, , 
65628.774869625, 000342, 0.7313135, -0.02310872, 1.9587349, -0.22374879, 0.6156307, -0.6443531, 0.39464447, 1599.6957, 1599.6957, 955.54865, 717.8274, , 
65628.79153875, 000343, 0.73637253, -0.023358919, 1.9648294, -0.22515395, 0.6171682, -0.6431874, 0.39334324, 1599.6957, 1599.6957, 955.54913, 717.82947, , 
65628.824877166, 000344, 0.7466723, -0.024132397, 1.9775116, -0.22832626, 0.6198099, -0.6410728, 0.39080474, 1599.6957, 1599.6957, 955.54913, 717.83344, , 
65628.841546333, 000345, 0.75180596, -0.024613176, 1.9839667, -0.22990397, 0.6207089, -0.6404444, 0.38948137, 1599.6957, 1599.6957, 955.5489, 717.83386, , 
65628.858215458, 000346, 0.7560403, -0.025346968, 1.9891409, -0.23138304, 0.62139755, -0.64006, 0.3881368, 1599.6957, 1599.6957, 955.54865, 717.8335, , 
65628.874884666, 000347, 0.7608777, -0.026142545, 1.9953792, -0.23278072, 0.6221984, -0.63970155, 0.3866061, 1599.6957, 1599.6957, 955.5489, 717.8331, , 
65628.908222916, 000348, 0.77089715, -0.027974881, 2.008938, -0.23612884, 0.62358034, -0.6389649, 0.38355523, 1599.6957, 1599.6957, 955.5484, 717.8313, , 
65628.924892166, 000349, 0.7758566, -0.029003944, 2.0160587, -0.23804314, 0.62402695, -0.638604, 0.3822444, 1599.6957, 1599.6957, 955.54736, 717.8302, , 
65628.941561291, 000350, 0.78077406, -0.030133834, 2.0234215, -0.23998836, 0.62436825, -0.6382082, 0.3811302, 1599.6957, 1599.6957, 955.54584, 717.829, , 
65628.974899625, 000351, 0.79026395, -0.03205169, 2.0383248, -0.24381486, 0.6255302, -0.63686794, 0.37903208, 1599.6957, 1599.6957, 955.5426, 717.82794, , 
65628.991568833, 000352, 0.7953402, -0.03351904, 2.0462525, -0.24582614, 0.6265373, -0.6359336, 0.377636, 1599.6957, 1599.6957, 955.54156, 717.82825, , 
65629.008238041, 000353, 0.8004469, -0.035056032, 2.0542927, -0.24800633, 0.6275636, -0.6350284, 0.37602633, 1599.6957, 1599.6957, 955.54083, 717.82855, , 
65629.024907208, 000354, 0.8054551, -0.0365625, 2.0624099, -0.2503986, 0.62832564, -0.63428754, 0.37441522, 1599.6957, 1599.6957, 955.53925, 717.8279, , 
65629.0582455, 000355, 0.8152547, -0.03921841, 2.078965, -0.25599185, 0.6286457, -0.6332885, 0.37177745, 1599.6957, 1599.6957, 955.5341, 717.8237, , 
65629.074914666, 000356, 0.8204738, -0.04009689, 2.0875363, -0.25848705, 0.6293784, -0.6325553, 0.37005562, 1599.6957, 1599.6957, 955.53156, 717.8217, , 
65629.091583875, 000357, 0.8259545, -0.041442115, 2.0960152, -0.26035288, 0.63106704, -0.6316222, 0.3674564, 1599.6957, 1599.6957, 955.5322, 717.822, , 
65629.124922125, 000358, 0.8369296, -0.04386759, 2.1121097, -0.26285136, 0.63360876, -0.63172215, 0.36107635, 1599.6957, 1599.6957, 955.53876, 717.8195, , 
65629.141591333, 000359, 0.8420628, -0.044627864, 2.1196089, -0.26425618, 0.6334468, -0.6329488, 0.3581754, 1599.6957, 1599.6957, 955.54065, 717.81445, , 
65629.158260583, 000360, 0.84695023, -0.045156, 2.1269112, -0.2660886, 0.632663, -0.6342528, 0.35588992, 1599.6957, 1599.6957, 955.54095, 717.8081, , 
65629.191599, 000361, 0.8562618, -0.045651875, 2.1408246, -0.27026504, 0.6324011, -0.63493747, 0.3519659, 1599.6957, 1599.6957, 955.53925, 717.79785, , 
65629.208268041, 000362, 0.8617819, -0.046271604, 2.1481826, -0.27183238, 0.6344246, -0.63384736, 0.34907007, 1599.6957, 1599.6957, 955.5407, 717.79834, , 
65629.224937291, 000363, 0.8677268, -0.046972036, 2.1554396, -0.27282268, 0.6377198, -0.63224334, 0.34518042, 1599.6957, 1599.6957, 955.5469, 717.8031, , 
65629.241606416, 000364, 0.8737277, -0.047469895, 2.1623614, -0.27356052, 0.64109117, -0.63088876, 0.34080213, 1599.6957, 1599.6957, 955.55316, 717.80695, , 
65629.274944666, 000365, 0.88443017, -0.0478228, 2.173384, -0.2761885, 0.6445458, -0.6302399, 0.33328417, 1599.6957, 1599.6957, 955.5624, 717.8077, , 
65629.291613875, 000366, 0.88913125, -0.047483668, 2.1785862, -0.27818266, 0.64501, -0.6302558, 0.33068722, 1599.6957, 1599.6957, 955.56384, 717.80426, , 
65629.324952333, 000367, 0.89793676, -0.046667866, 2.1892211, -0.28267705, 0.64599454, -0.6291124, 0.32711193, 1599.6957, 1599.6957, 955.56226, 717.8008, , 
65629.3416215, 000368, 0.90229005, -0.046507265, 2.1944861, -0.28487435, 0.64698523, -0.62785804, 0.3256546, 1599.6957, 1599.6957, 955.5606, 717.8013, , 
65629.358290541, 000369, 0.90671337, -0.046520956, 2.1996646, -0.2870379, 0.6482481, -0.62630194, 0.32423675, 1599.6957, 1599.6957, 955.55945, 717.80273, , 
65629.391629, 000370, 0.91428727, -0.04596892, 2.208004, -0.29114679, 0.65135145, -0.623063, 0.32057354, 1599.6957, 1599.6957, 955.5583, 717.8074, , 
65629.408298166, 000371, 0.9189515, -0.046177484, 2.2125137, -0.29285687, 0.652968, -0.621811, 0.31814888, 1599.6957, 1599.6957, 955.5592, 717.8089, , 
65629.424967208, 000372, 0.9237271, -0.04640966, 2.2168775, -0.29439428, 0.6543348, -0.62099916, 0.31549647, 1599.6957, 1599.6957, 955.56085, 717.8096, , 
65629.458305625, 000373, 0.93269706, -0.046516683, 2.225535, -0.29694438, 0.6564468, -0.62027866, 0.31009012, 1599.6957, 1599.6957, 955.56573, 717.8084, , 
65629.474974833, 000374, 0.9372774, -0.046704687, 2.2296982, -0.29760963, 0.65727633, -0.6203061, 0.30763057, 1599.6957, 1599.6957, 955.5684, 717.8075, , 
65629.491644083, 000375, 0.9419898, -0.04704043, 2.2337494, -0.29780817, 0.65805304, -0.62047005, 0.30543983, 1599.6957, 1599.6957, 955.5714, 717.8068, , 
65629.524982291, 000376, 0.95141387, -0.047836892, 2.2416804, -0.29754016, 0.65936446, -0.6208181, 0.3021478, 1599.6957, 1599.6957, 955.57874, 717.8063, , 
65629.541651541, 000377, 0.95604414, -0.048244517, 2.245612, -0.29744908, 0.65991455, -0.6207205, 0.30123544, 1599.6957, 1599.6957, 955.58075, 717.80664, , 
65629.558320708, 000378, 0.96064335, -0.04867696, 2.2495553, -0.29733884, 0.6605226, -0.6204093, 0.30065238, 1599.6957, 1599.6957, 955.58246, 717.8079, , 
65629.591658958, 000379, 0.96928376, -0.04946445, 2.2586157, -0.29712304, 0.66226923, -0.6192383, 0.2994348, 1599.2438, 1599.2438, 955.58514, 717.81165, , 
65629.608328125, 000380, 0.9739608, -0.04986279, 2.2624524, -0.29717493, 0.6630224, -0.6187824, 0.29865804, 1599.2438, 1599.2438, 955.58704, 717.81366, , 
65629.641666625, 000381, 0.9832574, -0.05043516, 2.269625, -0.29799905, 0.66361636, -0.6182584, 0.2976012, 1599.2438, 1599.2438, 955.5877, 717.8144, , 
65629.658335583, 000382, 0.9879074, -0.050707538, 2.273112, -0.2984564, 0.6635698, -0.618143, 0.2974862, 1599.2438, 1599.2438, 955.5869, 717.8139, , 
65629.675004875, 000383, 0.9924189, -0.050918594, 2.27711, -0.29872578, 0.6635992, -0.6180252, 0.29739532, 1599.2438, 1599.2438, 955.5864, 717.8137, , 
65629.70834325, 000384, 1.0023335, -0.051896863, 2.2843068, -0.29801226, 0.6637719, -0.618199, 0.2973643, 1599.2438, 1599.2438, 955.58734, 717.8143, , 
65629.72501225, 000385, 1.0074818, -0.052480306, 2.2877824, -0.29732442, 0.6637552, -0.6185036, 0.29745692, 1599.2438, 1599.2438, 955.58887, 717.81464, , 
65629.758350708, 000386, 1.0178581, -0.053483937, 2.2943583, -0.29639533, 0.6629589, -0.619619, 0.2978382, 1599.2438, 1599.2438, 955.59015, 717.8132, , 
65629.775019916, 000387, 1.0224817, -0.05364905, 2.2984252, -0.2963244, 0.6622215, -0.62023777, 0.29826114, 1599.2438, 1599.2438, 955.58954, 717.8108, , 
65629.791689083, 000388, 1.0274134, -0.05398297, 2.3018131, -0.2964405, 0.6614062, -0.6207165, 0.2989579, 1599.2438, 1599.2438, 955.58826, 717.8089, , 
65629.825027375, 000389, 1.0377693, -0.054988943, 2.3080258, -0.29646084, 0.6604929, -0.62079, 0.30079854, 1599.6957, 1599.6957, 955.5846, 717.80774, , 
65629.841696583, 000390, 1.043167, -0.055593442, 2.311006, -0.29617518, 0.6603995, -0.62051785, 0.30184478, 1599.6957, 1599.6957, 955.5834, 717.8087, , 
65629.858365791, 000391, 1.0486786, -0.056146983, 2.3138182, -0.29602623, 0.6602756, -0.620155, 0.30300567, 1599.6957, 1599.6957, 955.58203, 717.81006, , 
65629.891704041, 000392, 1.0597581, -0.056756906, 2.3193502, -0.2968891, 0.6591213, -0.61974216, 0.30550867, 1599.6957, 1599.6957, 955.57587, 717.81006, , 
65629.908373291, 000393, 1.0656273, -0.056925952, 2.3215413, -0.29745066, 0.6584501, -0.61964524, 0.3066043, 1599.6957, 1599.6957, 955.5728, 717.8092, , 
65629.925042375, 000394, 1.0717291, -0.057068165, 2.3235056, -0.29766998, 0.65798765, -0.6196008, 0.30747297, 1599.6957, 1599.6957, 955.57, 717.8087, , 
65629.958380666, 000395, 1.084575, -0.057074703, 2.3266873, -0.29749545, 0.6571675, -0.6199983, 0.30859277, 1599.6957, 1599.6957, 955.5682, 717.80774, , 
65629.975049916, 000396, 1.0909654, -0.05697191, 2.3281798, -0.2972585, 0.6570546, -0.62017494, 0.30870628, 1599.6957, 1599.6957, 955.56805, 717.8071, , 
65630.008388291, 000397, 1.1042553, -0.056900594, 2.330026, -0.2960704, 0.65713185, -0.6211382, 0.3077455, 1599.6957, 1599.6957, 955.5714, 717.8065, , 
65630.025057333, 000398, 1.1106329, -0.056696475, 2.330426, -0.29576373, 0.6563516, -0.6223629, 0.30723062, 1599.6957, 1599.6957, 955.57306, 717.80414, , 
65630.0417265, 000399, 1.1167419, -0.056403413, 2.3305857, -0.29579988, 0.6550542, -0.62386906, 0.3069098, 1599.6957, 1599.6957, 955.5736, 717.79846, , 
65630.075064958, 000400, 1.1281862, -0.056679085, 2.3308146, -0.29612777, 0.65275097, -0.62601835, 0.3071244, 1599.6957, 1599.6957, 955.5726, 717.7905, , 
65630.091733958, 000401, 1.13372, -0.056941185, 2.3310409, -0.29611298, 0.65208125, -0.6266002, 0.30737472, 1599.6957, 1599.6957, 955.5718, 717.7878, , 
65630.108403208, 000402, 1.139184, -0.05722397, 2.3313549, -0.29573873, 0.6517402, -0.6271317, 0.3073745, 1599.6957, 1599.6957, 955.57214, 717.7866, , 
65630.141741583, 000403, 1.1498034, -0.058118444, 2.33212, -0.29455873, 0.6520742, -0.6278532, 0.3063246, 1599.6957, 1599.6957, 955.5762, 717.786, , 
65630.158410791, 000404, 1.1548752, -0.058860235, 2.332962, -0.29394, 0.6527137, -0.62800187, 0.3052502, 1599.6957, 1599.6957, 955.579, 717.7865, , 
65630.175079833, 000405, 1.1597569, -0.05959623, 2.3334813, -0.29320434, 0.65334064, -0.62830937, 0.30398127, 1599.2438, 1599.2438, 955.5822, 717.78687, , 
65630.208418291, 000406, 1.1686938, -0.061220273, 2.334458, -0.2912994, 0.6543856, -0.62917596, 0.30176422, 1599.6957, 1599.6957, 955.5907, 717.7875, , 
65630.225087416, 000407, 1.1727325, -0.062125113, 2.3350556, -0.2903099, 0.65492725, -0.62938184, 0.30111247, 1599.6957, 1599.6957, 955.59375, 717.7882, , 
65630.258425708, 000408, 1.1801858, -0.06457737, 2.3365824, -0.28863952, 0.6560912, -0.6292768, 0.30040324, 1599.6957, 1599.6957, 955.59924, 717.7915, , 
65630.275094875, 000409, 1.1834232, -0.065647796, 2.3373668, -0.28800267, 0.6564052, -0.62929827, 0.3002837, 1599.6957, 1599.6957, 955.6007, 717.7925, , 
65630.291764125, 000410, 1.1863674, -0.066562384, 2.3381033, -0.28753135, 0.6565761, -0.6293621, 0.30022806, 1599.6957, 1599.6957, 955.60187, 717.7931, , 
65630.325102333, 000411, 1.1916162, -0.06842477, 2.3396878, -0.28612247, 0.65711987, -0.62931144, 0.30049047, 1599.6957, 1599.6957, 955.6042, 717.7952, , 
65630.3417715, 000412, 1.1940249, -0.0694806, 2.3406034, -0.28492576, 0.6577793, -0.6290082, 0.30081955, 1599.6957, 1599.6957, 955.60583, 717.79755, , 
65630.358440791, 000413, 1.1966698, -0.070277765, 2.342046, -0.28355452, 0.6586794, -0.62846917, 0.30127168, 1599.6957, 1599.6957, 955.6083, 717.8021, , 
65630.391778958, 000414, 1.2003505, -0.07201449, 2.3443751, -0.28160337, 0.6602894, -0.6267187, 0.30321807, 1599.6957, 1599.6957, 955.60956, 717.8101, , 
65630.40844825, 000415, 1.2016015, -0.072737, 2.3454602, -0.28102872, 0.66098416, -0.6256434, 0.3044555, 1599.6957, 1599.6957, 955.60864, 717.81537, , 
65630.425117375, 000416, 1.2025703, -0.07338695, 2.3464932, -0.2804927, 0.6617181, -0.6245639, 0.30556992, 1599.6957, 1599.6957, 955.6078, 717.81934, , 
65630.458455791, 000417, 1.2037864, -0.07472169, 2.348333, -0.27870598, 0.6635961, -0.62266, 0.30701432, 1599.6957, 1599.6957, 955.60864, 717.8274, , 
65630.475124833, 000418, 1.2047256, -0.07521109, 2.3492513, -0.27732652, 0.66487306, -0.621874, 0.30709362, 1599.6957, 1599.6957, 955.6115, 717.83307, , 
65630.491794083, 000419, 1.2050251, -0.075844, 2.3498218, -0.2758495, 0.6661913, -0.6212816, 0.30676597, 1599.6957, 1599.6957, 955.6151, 717.83716, , 
65630.525132458, 000420, 1.2041144, -0.07682079, 2.3503392, -0.27380455, 0.66790915, -0.62062246, 0.3061962, 1599.6957, 1599.6957, 955.6219, 717.8436, , 
65630.541801458, 000421, 1.2028387, -0.077016786, 2.350495, -0.27332452, 0.6680288, -0.62050754, 0.30659658, 1599.6957, 1599.6957, 955.62256, 717.8448, , 
65630.558470666, 000422, 1.2011015, -0.07705179, 2.3506708, -0.27300072, 0.66789424, -0.62036854, 0.3074586, 1599.6957, 1599.6957, 955.62213, 717.8456, , 
65630.591809125, 000423, 1.1973133, -0.07644382, 2.3512769, -0.2715641, 0.66726464, -0.62043625, 0.3099511, 1599.6957, 1599.6957, 955.62, 717.8474, , 
65630.608478291, 000424, 1.1946127, -0.076123446, 2.351626, -0.27020976, 0.6669866, -0.6205261, 0.3115493, 1599.6957, 1599.6957, 955.6198, 717.84894, , 
65630.625147333, 000425, 1.1914942, -0.075674616, 2.3519955, -0.26868126, 0.6665746, -0.62069625, 0.31340843, 1599.6957, 1599.6957, 955.61957, 717.85095, , 
65630.65848575, 000426, 1.1842499, -0.0737029, 2.3529575, -0.26507783, 0.66474766, -0.62188554, 0.3179666, 1599.6957, 1599.6957, 955.6185, 717.85223, , 
65630.675155, 000427, 1.1798111, -0.07248287, 2.3534389, -0.2630595, 0.663119, -0.62298477, 0.32087818, 1599.6957, 1599.6957, 955.61676, 717.8514, , 
65630.691823958, 000428, 1.1747819, -0.071220756, 2.3539515, -0.26080853, 0.6611312, -0.6242787, 0.32428482, 1599.6957, 1599.6957, 955.6149, 717.8502, , 
65630.725162375, 000429, 1.163267, -0.06849964, 2.355097, -0.256072, 0.65623724, -0.62716633, 0.3323285, 1599.6957, 1599.6957, 955.6083, 717.8466, , 
65630.741831625, 000430, 1.1569489, -0.067222044, 2.3557801, -0.25331023, 0.6539197, -0.6285349, 0.33640248, 1599.6957, 1599.6957, 955.60596, 717.84564, , 
65630.758500791, 000431, 1.1506903, -0.06571101, 2.3563657, -0.2504314, 0.6518318, -0.6298404, 0.3401477, 1599.6957, 1599.6957, 955.6043, 717.8453, , 
65630.791839041, 000432, 1.136457, -0.0634091, 2.357636, -0.24462996, 0.6476507, -0.6324102, 0.34750813, 1599.6957, 1599.6957, 955.6012, 717.8443, , 
65630.808508208, 000433, 1.1286869, -0.062409088, 2.3582013, -0.24179204, 0.6455806, -0.6335881, 0.35118157, 1599.6957, 1599.6957, 955.5998, 717.84393, , 
65630.825177458, 000434, 1.120557, -0.06150806, 2.3587086, -0.23899668, 0.6436668, -0.63449574, 0.35494897, 1599.6957, 1599.6957, 955.59827, 717.8441, , 
65630.841846458, 000435, 1.112082, -0.060712036, 2.3591645, -0.23626535, 0.64188117, -0.6351089, 0.35889268, 1599.2438, 1599.2438, 955.59595, 717.84534, , 
65630.875184875, 000436, 1.0950495, -0.05933828, 2.358837, -0.23073395, 0.6386638, -0.635701, 0.36708933, 1599.6957, 1599.6957, 955.592, 717.8495, , 
65630.891854083, 000437, 1.0855756, -0.058898445, 2.3589232, -0.22757384, 0.6369439, -0.63598573, 0.37153023, 1599.6957, 1599.6957, 955.5898, 717.853, , 
65630.908523333, 000438, 1.0756637, -0.058514908, 2.3588414, -0.22430404, 0.63486123, -0.6365273, 0.37612754, 1599.6957, 1599.6957, 955.58795, 717.85504, , 
65630.925192333, 000439, 1.0653421, -0.058138642, 2.3585114, -0.22104385, 0.6322805, -0.63743997, 0.38082936, 1599.6957, 1599.6957, 955.58575, 717.8561, , 
65630.95853075, 000440, 1.0436655, -0.05760404, 2.357247, -0.21417694, 0.62625706, -0.64008725, 0.39015204, 1599.6957, 1599.6957, 955.5799, 717.85504, , 
65630.975199958, 000441, 1.0321537, -0.05693018, 2.3563118, -0.21013002, 0.6233392, -0.64158946, 0.39453328, 1599.6957, 1599.6957, 955.57886, 717.8545, , 
65630.991869, 000442, 1.0205318, -0.05685869, 2.3553805, -0.20559098, 0.6204522, -0.64320755, 0.39881757, 1599.6957, 1599.6957, 955.5785, 717.8541, , 
65631.008538166, 000443, 1.0087107, -0.057064876, 2.354395, -0.20072357, 0.6175908, -0.6449391, 0.4029208, 1599.6957, 1599.6957, 955.57935, 717.85364, , 
65631.041876541, 000444, 0.9845059, -0.05801764, 2.3523202, -0.18993765, 0.61203665, -0.648859, 0.41026434, 1599.6957, 1599.6957, 955.5833, 717.8521, , 
65631.05854575, 000445, 0.9721817, -0.058742117, 2.351241, -0.1840674, 0.60953563, -0.6508771, 0.4134543, 1599.6957, 1599.6957, 955.5882, 717.85114, , 
65631.075214791, 000446, 0.95936143, -0.05900675, 2.3497298, -0.17793852, 0.6069935, -0.6529325, 0.41662443, 1599.2438, 1599.2438, 955.59247, 717.8506, , 
65631.091884, 000447, 0.9464792, -0.059752382, 2.34846, -0.17149168, 0.60438544, -0.65487665, 0.42005405, 1599.2438, 1599.2438, 955.597, 717.8502, , 
65631.108553208, 000448, 0.9334646, -0.060731027, 2.3472743, -0.16475135, 0.6017851, -0.65666986, 0.42367005, 1599.6957, 1599.6957, 955.60315, 717.8504, , 
65631.141891458, 000449, 0.9068994, -0.0630983, 2.345038, -0.1498764, 0.5964915, -0.65984565, 0.43166944, 1599.6957, 1599.6957, 955.6141, 717.8523, , 
65631.158560666, 000450, 0.8931938, -0.064385794, 2.3439422, -0.14163178, 0.5932807, -0.661212, 0.43675756, 1599.6957, 1599.6957, 955.6211, 717.85474, , 
65631.175229875, 000451, 0.87971467, -0.06509299, 2.3425777, -0.13316338, 0.5894486, -0.6626151, 0.4424469, 1599.6957, 1599.6957, 955.62537, 717.8565, , 
65631.191899083, 000452, 0.86580586, -0.066159286, 2.3411713, -0.12420021, 0.5849644, -0.6642108, 0.44856983, 1599.6957, 1599.6957, 955.6292, 717.8578, , 
65631.208568291, 000453, 0.851689, -0.06734928, 2.339744, -0.1147639, 0.5798925, -0.6660806, 0.45485228, 1599.2438, 1599.2438, 955.63434, 717.85785, , 
65631.225237291, 000454, 0.8374296, -0.068636395, 2.3384073, -0.10485988, 0.5745091, -0.668051, 0.46114165, 1599.2438, 1599.2438, 955.6385, 717.85724, , 
65631.25857575, 000455, 0.80950874, -0.071631074, 2.3359997, -0.084294796, 0.5633991, -0.6715336, 0.47383377, 1599.6957, 1599.6957, 955.6477, 717.85614, , 
65631.275244916, 000456, 0.79533446, -0.07314396, 2.3353317, -0.07352885, 0.5579462, -0.6727876, 0.48025656, 1599.6957, 1599.6957, 955.6548, 717.8566, , 
65631.291913958, 000457, 0.78092235, -0.07459178, 2.3350592, -0.06222301, 0.5525568, -0.6737371, 0.48671094, 1599.6957, 1599.6957, 955.6612, 717.85767, , 
65631.308583125, 000458, 0.7664043, -0.07595726, 2.3350492, -0.050404727, 0.547265, -0.6743712, 0.49313688, 1599.6957, 1599.6957, 955.66864, 717.8594, , 
65631.325252333, 000459, 0.7518026, -0.07715681, 2.3351715, -0.038394056, 0.5419564, -0.6747421, 0.499532, 1599.2438, 1599.2438, 955.6797, 717.86206, , 
65631.3419215, 000460, 0.7370944, -0.078097716, 2.3352957, -0.02664908, 0.536439, -0.6748815, 0.5060217, 1599.2438, 1599.2438, 955.68756, 717.864, , 
65631.358590708, 000461, 0.7220495, -0.07837646, 2.3356001, -0.015513985, 0.5305351, -0.67477334, 0.5128087, 1599.2438, 1599.2438, 955.694, 717.8661, , 
65631.391929, 000462, 0.6918177, -0.078614414, 2.3354173, 0.0057746824, 0.5171895, -0.673825, 0.52767557, 1598.7919, 1598.7919, 955.70245, 717.87103, , 
65631.408598208, 000463, 0.67667484, -0.07840764, 2.3351107, 0.016264219, 0.5097845, -0.6730554, 0.5355854, 1598.7919, 1598.7919, 955.7043, 717.8733, , 
65631.425267375, 000464, 0.66152745, -0.07798481, 2.3346825, 0.026652982, 0.50183713, -0.6721483, 0.5437515, 1598.7919, 1598.7919, 955.7054, 717.87604, , 
65631.441936458, 000465, 0.64639217, -0.07737804, 2.3341439, 0.036912102, 0.49334675, -0.6711705, 0.5520658, 1598.7919, 1598.7919, 955.705, 717.87787, , 
65631.458605583, 000466, 0.6309511, -0.07606978, 2.3338983, 0.047019374, 0.48431367, -0.6703024, 0.5602893, 1599.2438, 1599.2438, 955.7036, 717.87897, , 
65631.475274791, 000467, 0.61594033, -0.07498481, 2.3333082, 0.056893334, 0.4750033, -0.6694924, 0.56825596, 1601.5033, 1601.5033, 955.7008, 717.87933, , 
65631.508613083, 000468, 0.5865469, -0.07279977, 2.3317792, 0.07638998, 0.45561135, -0.6680483, 0.58334744, 1601.0514, 1601.0514, 955.6956, 717.8778, , 
65631.52528225, 000469, 0.5720385, -0.07172026, 2.3310072, 0.0862602, 0.4457261, -0.6671574, 0.59058297, 1603.3109, 1603.3109, 955.6932, 717.8767, , 
65631.541951416, 000470, 0.5576811, -0.07068913, 2.330284, 0.09614349, 0.43592125, -0.6660104, 0.59762794, 1603.3109, 1603.3109, 955.69037, 717.8757, , 
65631.558620625, 000471, 0.5428651, -0.0694502, 2.3300865, 0.10598426, 0.4263113, -0.66458076, 0.60444874, 1603.3109, 1603.3109, 955.68884, 717.8753, , 
65631.591958916, 000472, 0.5143813, -0.06744141, 2.3289313, 0.12559862, 0.4066576, -0.6612071, 0.61778617, 1605.5704, 1605.5704, 955.6856, 717.8751, , 
65631.608628041, 000473, 0.50033146, -0.06645648, 2.3281424, 0.1350257, 0.39629105, -0.65941036, 0.62441933, 1605.5704, 1605.5704, 955.6829, 717.8749, , 
65631.62529725, 000474, 0.486409, -0.06546332, 2.3272572, 0.14412594, 0.38566658, -0.6576197, 0.63089246, 1605.5704, 1605.5704, 955.67944, 717.87445, , 
65631.658635541, 000475, 0.457824, -0.06352801, 2.3256783, 0.16167045, 0.36445567, -0.6535405, 0.64336574, 1605.5704, 1605.5704, 955.6702, 717.87354, , 
65631.67530475, 000476, 0.44376314, -0.062815234, 2.3249104, 0.17046139, 0.35401532, -0.6509789, 0.649494, 1607.83, 1607.83, 955.6669, 717.87415, , 
65631.691973916, 000477, 0.43002746, -0.06227133, 2.3241663, -0.17909594, -0.34366363, 0.64810514, -0.6555758, 1607.83, 1607.83, 955.66406, 717.87555, , 
65631.708643125, 000478, 0.41659504, -0.0617893, 2.3234613, -0.18730831, -0.33344764, 0.64528483, -0.66131365, 1608.2819, 1608.2819, 955.66003, 717.8775, , 
65631.741981375, 000479, 0.39054453, -0.060822785, 2.3220735, -0.20272319, -0.3131265, 0.6407627, -0.6710277, 1610.9933, 1610.9933, 955.65247, 717.87744, , 
65631.758650541, 000480, 0.37700835, -0.06014426, 2.3219216, -0.21004306, -0.30353457, 0.6388051, -0.6750382, 1610.5414, 1610.5414, 955.64746, 717.8755, , 
65631.775319708, 000481, 0.3642647, -0.05982584, 2.3217456, -0.21730287, -0.29447335, 0.6367252, -0.67870903, 1610.5414, 1610.5414, 955.6448, 717.87415, , 
65631.791988958, 000482, 0.3518908, -0.059739623, 2.3217127, -0.22426945, -0.28586248, 0.63445234, -0.68224335, 1608.2819, 1608.2819, 955.6427, 717.87335, , 
65631.808657958, 000483, 0.33975467, -0.059822932, 2.3218272, -0.23087433, -0.2775615, 0.63203615, -0.68570185, 1608.2819, 1608.2819, 955.64014, 717.8732, , 
65631.825327166, 000484, 0.32782078, -0.060000747, 2.322018, -0.23715012, -0.26929405, 0.6296851, -0.68901175, 1608.2819, 1608.2819, 955.63794, 717.8733, , 
65631.841996375, 000485, 0.31607616, -0.060227197, 2.3222675, -0.24310537, -0.26089925, 0.6275262, -0.69212866, 1608.2819, 1608.2819, 955.635, 717.87286, , 
65631.87533475, 000486, 0.29177132, -0.06059431, 2.3242507, -0.25417536, -0.2442041, 0.6233372, -0.6980041, 1608.2819, 1608.2819, 955.6264, 717.87115, , 
65631.892003833, 000487, 0.28043714, -0.061092626, 2.3252363, -0.2593684, -0.23643827, 0.62120944, -0.7006595, 1608.2819, 1608.2819, 955.6229, 717.871, , 
65631.908673041, 000488, 0.26943308, -0.061682183, 2.3264976, -0.2645676, -0.22942169, 0.6192005, -0.70282304, 1608.2819, 1608.2819, 955.61993, 717.87024, , 
65631.925342166, 000489, 0.25871888, -0.062306672, 2.328017, -0.269802, -0.22304687, 0.61738336, -0.7044819, 1608.2819, 1608.2819, 955.61884, 717.869, , 
65631.958680458, 000490, 0.23805745, -0.06330894, 2.331759, -0.2800875, -0.21116349, 0.61477697, -0.70640653, 1608.2819, 1608.2819, 955.617, 717.8624, , 
65631.975349625, 000491, 0.22707596, -0.06303134, 2.3346395, -0.28508613, -0.20603274, 0.6137441, -0.70682013, 1608.2819, 1608.2819, 955.61664, 717.8587, , 
65631.992018833, 000492, 0.21683015, -0.063087456, 2.3376725, -0.2901249, -0.20202328, 0.61242837, -0.70706826, 1608.2819, 1608.2819, 955.61804, 717.85535, , 
65632.025357208, 000493, 0.19761916, -0.06309551, 2.344354, -0.3005511, -0.19696471, 0.6091171, -0.707001, 1608.2819, 1608.2819, 955.6292, 717.8504, , 
65632.04202625, 000494, 0.18887143, -0.062574066, 2.347597, -0.305613, -0.19411027, 0.60836744, -0.70626545, 1608.2819, 1608.2819, 955.6336, 717.8463, , 
65632.058695416, 000495, 0.18011473, -0.06175081, 2.3513212, -0.31016025, -0.1900254, 0.6087777, -0.70503956, 1608.2819, 1608.2819, 955.63477, 717.83923, , 
65632.092033833, 000496, 0.16442749, -0.05949219, 2.3574505, -0.31715623, -0.18063627, 0.6103166, -0.70306194, 1608.2819, 1608.2819, 955.6284, 717.82007, , 
65632.108702916, 000497, 0.15673016, -0.058603343, 2.3606877, -0.3199097, -0.17712697, 0.61004734, -0.702941, 1608.2819, 1608.2819, 955.6264, 717.8156, , 
65632.125372125, 000498, 0.14912851, -0.05785844, 2.3641722, -0.32233047, -0.17459156, 0.60923284, -0.7031758, 1608.2819, 1608.2819, 955.6261, 717.8133, , 
65632.142041291, 000499, 0.14175817, -0.057144288, 2.367832, -0.3246038, -0.17266414, 0.60832477, -0.7033921, 1608.2819, 1608.2819, 955.6269, 717.81244, , 
65632.175379708, 000500, 0.12736996, -0.05705086, 2.376124, -0.32911944, -0.16920638, 0.6074575, -0.7028833, 1608.2819, 1608.2819, 955.62885, 717.8077, , 
65632.192048708, 000501, 0.120914176, -0.056338564, 2.379931, -0.33157414, -0.1672788, 0.6073484, -0.7022851, 1606.0223, 1606.0223, 955.62946, 717.8042, , 
65632.208717875, 000502, 0.114709854, -0.055630993, 2.3837337, -0.33411404, -0.16538963, 0.6070648, -0.7017737, 1606.0223, 1606.0223, 955.6304, 717.8008, , 
65632.225387125, 000503, 0.10872672, -0.055033684, 2.3876164, -0.33643425, -0.16386203, 0.60646594, -0.70154136, 1606.0223, 1606.0223, 955.6322, 717.79785, , 
65632.242056333, 000504, 0.10295041, -0.05454648, 2.3915584, -0.33833194, -0.16258448, 0.6056259, -0.7016515, 1606.0223, 1606.0223, 955.6336, 717.7971, , 
65632.275394541, 000505, 0.09149501, -0.053971812, 2.399368, -0.34086677, -0.16053787, 0.6036293, -0.70261586, 1604.2147, 1604.2147, 955.6359, 717.7989, , 
65632.29206375, 000506, 0.08616823, -0.0536871, 2.4032755, -0.34203094, -0.15951853, 0.6025665, -0.70319426, 1604.2147, 1604.2147, 955.6369, 717.8002, , 
65632.308732916, 000507, 0.08123127, -0.05326991, 2.4071417, -0.3434037, -0.15814728, 0.60163516, -0.7036323, 1604.2147, 1604.2147, 955.6376, 717.80084, , 
65632.325402166, 000508, 0.076652616, -0.05267505, 2.4109523, -0.34484434, -0.15641566, 0.6009964, -0.70386064, 1601.9552, 1601.9552, 955.6377, 717.8006, , 
65632.342071166, 000509, 0.07235042, -0.05194573, 2.4147332, -0.34600598, -0.15451352, 0.6006085, -0.70404166, 1601.9552, 1601.9552, 955.63654, 717.7994, , 
65632.3754095, 000510, 0.06258486, -0.049825195, 2.4212692, -0.3463824, -0.15172817, 0.5995765, -0.70534086, 1601.5033, 1601.5033, 955.6333, 717.8007, , 
65632.39207875, 000511, 0.058179673, -0.048924208, 2.4249828, -0.3457922, -0.15117346, 0.59893715, -0.70629203, 1599.2438, 1599.2438, 955.6314, 717.8041, , 
65632.408747791, 000512, 0.054270606, -0.048172176, 2.429172, -0.3449775, -0.15128371, 0.5983757, -0.7071423, 1599.2438, 1599.2438, 955.63074, 717.807, , 
65632.425416958, 000513, 0.050615788, -0.04743794, 2.4336028, -0.34411016, -0.15181583, 0.5979981, -0.70777005, 1599.2438, 1599.2438, 955.6305, 717.8097, , 
65632.458755333, 000514, 0.043938063, -0.045901854, 2.443009, -0.3423742, -0.15374884, 0.5977793, -0.7083792, 1599.2438, 1599.2438, 955.63104, 717.8141, , 
65632.475424541, 000515, 0.038868736, -0.044473287, 2.4477615, -0.34144932, -0.15512274, 0.59788585, -0.70843613, 1596.0804, 1596.0804, 955.6319, 717.8153, , 
65632.492093625, 000516, 0.03538656, -0.043469377, 2.4527733, -0.3402958, -0.15677634, 0.5981598, -0.70839596, 1596.0804, 1596.0804, 955.6327, 717.81647, , 
65632.50876275, 000517, 0.03252384, -0.042589724, 2.4578812, -0.33891913, -0.15842707, 0.5986681, -0.7082593, 1596.0804, 1596.0804, 955.6333, 717.8176, , 
65632.542101125, 000518, 0.027638055, -0.040860623, 2.4681692, -0.33593056, -0.16142514, 0.60043573, -0.70750934, 1596.0804, 1596.0804, 955.63257, 717.81775, , 
65632.558770208, 000519, 0.02435182, -0.039222866, 2.4729269, -0.33442906, -0.16250123, 0.6016441, -0.70694757, 1596.0804, 1596.0804, 955.63086, 717.81635, , 
65632.575439416, 000520, 0.021795236, -0.038113862, 2.4779382, -0.33271292, -0.16350242, 0.6029192, -0.70644, 1601.5033, 1601.5033, 955.62897, 717.8152, , 
65632.608777833, 000521, 0.017192153, -0.036377802, 2.4881804, -0.32839406, -0.16507988, 0.6056618, -0.7057476, 1601.9552, 1601.9552, 955.6224, 717.8133, , 
65632.625447, 000522, 0.014911793, -0.03562174, 2.493385, -0.32562107, -0.16577029, 0.60709643, -0.70563793, 1601.9552, 1601.9552, 955.6183, 717.813, , 
65632.642116041, 000523, 0.01257148, -0.034937754, 2.4986818, -0.32238063, -0.1666049, 0.6085314, -0.7056933, 1601.9552, 1601.9552, 955.6138, 717.81335, , 
65632.658785208, 000524, 0.010164613, -0.034333073, 2.504097, -0.31891, -0.16772047, 0.60994613, -0.7057847, 1601.9552, 1601.9552, 955.6077, 717.81445, , 
65632.692123583, 000525, 0.004364049, -0.03268742, 2.515513, -0.31199437, -0.17064695, 0.61286455, -0.7056459, 1601.9552, 1601.9552, 955.5997, 717.816, , 
65632.708792625, 000526, 0.00172613, -0.032197624, 2.5213156, -0.3084825, -0.17229776, 0.6145156, -0.7053528, 1601.9552, 1601.9552, 955.59467, 717.81616, , 
65632.725461875, 000527, -0.0009326659, -0.031807456, 2.527185, -0.30489394, -0.17395975, 0.616288, -0.70495874, 1601.9552, 1601.9552, 955.5908, 717.816, , 
65632.742131, 000528, -0.003665783, -0.03151164, 2.5331292, -0.30121145, -0.17558783, 0.61815816, -0.7045006, 1601.5033, 1601.5033, 955.5868, 717.81555, , 
65632.775469416, 000529, -0.009708662, -0.03070546, 2.5456266, -0.2939569, -0.17891838, 0.6221494, -0.70321226, 1601.9552, 1601.9552, 955.5773, 717.8133, , 
65632.7921385, 000530, -0.012845845, -0.030572826, 2.5521152, -0.290123, -0.18099561, 0.6241679, -0.7024839, 1601.9552, 1601.9552, 955.57355, 717.81226, , 
65632.808807666, 000531, -0.016127134, -0.030730229, 2.5587738, -0.28596064, -0.1836122, 0.6260372, -0.7018479, 1601.9552, 1601.9552, 955.5701, 717.81177, , 
65632.825476833, 000532, -0.019628553, -0.031112598, 2.5656164, -0.28127667, -0.18673357, 0.6277111, -0.70142186, 1601.9552, 1601.9552, 955.5662, 717.81274, , 
65632.842146041, 000533, -0.023309473, -0.03165218, 2.5726, -0.2760105, -0.19009772, 0.6292735, -0.7012103, 1601.9552, 1601.9552, 955.5629, 717.81464, , 
65632.875484291, 000534, -0.031557452, -0.032584645, 2.587185, -0.2646218, -0.19650276, 0.6325232, -0.70091105, 1601.9552, 1601.9552, 955.55316, 717.8197, , 
65632.892153416, 000535, -0.03563056, -0.033118047, 2.5946176, -0.25913525, -0.19951133, 0.634235, -0.70056397, 1601.9552, 1601.9552, 955.54877, 717.82104, , 
65632.908822666, 000536, -0.03957856, -0.033731017, 2.6021242, -0.2540373, -0.20259671, 0.6359252, -0.70001334, 1601.9552, 1601.9552, 955.54504, 717.822, , 
65632.925491625, 000537, -0.043501835, -0.03432142, 2.6096556, -0.24936207, -0.20544581, 0.63769096, -0.69925725, 1601.9552, 1601.9552, 955.54065, 717.82227, , 
65632.958830041, 000538, -0.051377114, -0.03520947, 2.625005, -0.23969726, -0.21076562, 0.6416257, -0.69745207, 1601.9552, 1601.9552, 955.53284, 717.82086, , 
65632.975499291, 000539, -0.055795338, -0.03499221, 2.6333137, -0.23465055, -0.2141377, 0.6434183, -0.69648916, 1601.9552, 1601.9552, 955.52936, 717.8205, , 
65632.992168416, 000540, -0.059784703, -0.035060845, 2.6416454, -0.22997883, -0.2182548, 0.6450541, -0.6952552, 1599.6957, 1599.6957, 955.5269, 717.82043, , 
65633.025506708, 000541, -0.06723821, -0.035058822, 2.6583948, -0.22229694, -0.22758992, 0.64788437, -0.69212186, 1599.6957, 1599.6957, 955.52783, 717.82, , 
65633.042175833, 000542, -0.07088812, -0.034778494, 2.6665397, -0.21874434, -0.23181982, 0.6492584, -0.6905606, 1599.6957, 1599.6957, 955.529, 717.8195, , 
65633.058845083, 000543, -0.07457788, -0.03421109, 2.674444, -0.21494876, -0.23533367, 0.6507654, -0.689144, 1599.6957, 1599.6957, 955.52844, 717.81866, , 
65633.092183291, 000544, -0.08253433, -0.032517955, 2.6902263, -0.20666662, -0.2420321, 0.65340984, -0.68685144, 1597.4362, 1597.4362, 955.5248, 717.8179, , 
65633.108852458, 000545, -0.08642493, -0.031548984, 2.6982281, -0.20278648, -0.24636947, 0.65417236, -0.6857392, 1597.4362, 1597.4362, 955.5248, 717.81903, , 
65633.125521625, 000546, -0.09026134, -0.030527681, 2.7063298, -0.19939591, -0.25143567, 0.6545937, -0.6844914, 1595.1766, 1595.1766, 955.5267, 717.821, , 
65633.142190833, 000547, -0.09397504, -0.029391319, 2.714384, -0.19647609, -0.25675687, 0.65498096, -0.6829883, 1595.1766, 1595.1766, 955.53107, 717.82355, , 
65633.175529083, 000548, -0.10121867, -0.026988704, 2.7296917, -0.19142799, -0.26611012, 0.65693265, -0.67895514, 1594.7247, 1594.7247, 955.5375, 717.8234, , 
65633.192198291, 000549, -0.104502946, -0.02553583, 2.7367642, -0.18882759, -0.26962256, 0.6586998, -0.6765814, 1592.4652, 1592.4652, 955.539, 717.8208, , 
65633.2088675, 000550, -0.10759226, -0.024053413, 2.7434764, -0.18590006, -0.27260134, 0.66074264, -0.6742024, 1592.4652, 1592.4652, 955.5391, 717.81573, , 
65633.242205791, 000551, -0.11365126, -0.021633204, 2.7560887, -0.17854397, -0.27755177, 0.66492444, -0.6700467, 1592.4652, 1592.4652, 955.5355, 717.80835, , 
65633.258874875, 000552, -0.11669004, -0.020804834, 2.7621987, -0.17434135, -0.27976695, 0.66695124, -0.6682152, 1592.4652, 1592.4652, 955.53143, 717.8039, , 
65633.275544083, 000553, -0.12026402, -0.019619755, 2.7678797, 0.16996591, 0.28212652, -0.6687369, 0.6665636, 1588.85, 1588.85, 955.52844, 717.8012, , 
65633.308882333, 000554, -0.12669572, -0.019087248, 2.7803876, 0.16124049, 0.28815284, -0.6709955, 0.6638782, 1588.85, 1588.85, 955.52344, 717.7995, , 
65633.3255515, 000555, -0.12976179, -0.019312344, 2.7869933, 0.15716876, 0.2919488, -0.67135835, 0.6628286, 1588.85, 1588.85, 955.5227, 717.8011, , 
65633.34222075, 000556, -0.13268119, -0.019707326, 2.7937148, 0.15360561, 0.29610655, -0.6714142, 0.66176224, 1588.85, 1588.85, 955.5233, 717.8036, , 
65633.375558958, 000557, -0.1389234, -0.02039278, 2.8075774, 0.14845668, 0.30392802, -0.6715333, 0.65926576, 1596.0804, 1596.0804, 955.52795, 717.8082, , 
65633.392228125, 000558, -0.14156274, -0.020744082, 2.81385, 0.14640746, 0.30704814, -0.6717407, 0.65806586, 1596.0804, 1596.0804, 955.5298, 717.8092, , 
65633.408897333, 000559, -0.14413662, -0.021096904, 2.8198647, 0.14437963, 0.30960557, -0.6718837, 0.65716904, 1596.0804, 1596.0804, 955.5312, 717.81036, , 
65633.442235708, 000560, -0.14924747, -0.022006132, 2.8315766, 0.14041638, 0.3138348, -0.6713686, 0.6565479, 1596.0804, 1596.0804, 955.5318, 717.81433, , 
65633.458904708, 000561, -0.15257801, -0.022315186, 2.8386075, 0.13867223, 0.31598508, -0.67066014, 0.65661126, 1596.0804, 1596.0804, 955.5327, 717.8187, , 
65633.475573916, 000562, -0.15532573, -0.022858847, 2.844874, 0.13705893, 0.31816444, -0.6697791, 0.6567969, 1596.0804, 1596.0804, 955.5336, 717.82263, , 
65633.508912333, 000563, -0.16024394, -0.024086598, 2.8567884, 0.13356398, 0.32214263, -0.66820395, 0.657182, 1596.0804, 1596.0804, 955.5349, 717.83026, , 
65633.525581375, 000564, -0.16255304, -0.02469891, 2.862663, 0.13190612, 0.32387754, -0.6677183, 0.6571578, 1596.0804, 1596.0804, 955.53516, 717.83405, , 
65633.558919708, 000565, -0.16801116, -0.025738027, 2.876, 0.12901407, 0.3276114, -0.6668838, 0.6567282, 1596.0804, 1596.0804, 955.53644, 717.8385, , 
65633.575588916, 000566, -0.1705153, -0.026459008, 2.882644, 0.12771504, 0.3296569, -0.6662897, 0.65656155, 1595.6285, 1595.6285, 955.5381, 717.84204, , 
65633.592258166, 000567, -0.17280371, -0.027330738, 2.8891187, 0.12636831, 0.33161506, -0.66557854, 0.65655744, 1595.6285, 1595.6285, 955.53925, 717.84515, , 
65633.625596333, 000568, -0.17723535, -0.029312553, 2.9021382, 0.12349997, 0.33497563, -0.6640357, 0.65695935, 1595.6285, 1595.6285, 955.54065, 717.8529, , 
65633.642265541, 000569, -0.17942539, -0.030396046, 2.9087596, 0.12230784, 0.3363749, -0.6632738, 0.657237, 1595.6285, 1595.6285, 955.5411, 717.85614, , 
65633.67560375, 000570, -0.18486324, -0.03140761, 2.9229403, 0.121079065, 0.33793706, -0.6623833, 0.65756106, 1595.6285, 1595.6285, 955.542, 717.8604, , 
65633.692272958, 000571, -0.18697686, -0.03221926, 2.9298058, 0.12082772, 0.33821067, -0.6624166, 0.65743315, 1595.6285, 1595.6285, 955.54224, 717.86096, , 
65633.708942166, 000572, -0.18894415, -0.0330367, 2.9367383, 0.12060864, 0.3383316, -0.66265494, 0.65717095, 1595.6285, 1595.6285, 955.542, 717.8604, , 
65633.742280541, 000573, -0.1925754, -0.034743764, 2.9511018, 0.11988896, 0.33888355, -0.66326106, 0.65640634, 1595.6285, 1595.6285, 955.54156, 717.8585, , 
65633.758949583, 000574, -0.19422118, -0.03497739, 2.9590805, 0.1193509, 0.3395001, -0.663555, 0.6558885, 1595.6285, 1595.6285, 955.5417, 717.858, , 
65633.792287916, 000575, -0.19718874, -0.036289416, 2.974794, 0.11765435, 0.3408925, -0.6644443, 0.6545712, 1595.6285, 1595.6285, 955.5412, 717.85596, , 
65633.808957166, 000576, -0.1984935, -0.036938205, 2.9827828, 0.11651717, 0.34147948, -0.6651379, 0.6537638, 1595.6285, 1595.6285, 955.5404, 717.85443, , 
65633.825626208, 000577, -0.1996865, -0.037547316, 2.9909275, 0.115447365, 0.34209725, -0.6659438, 0.6528095, 1596.0804, 1596.0804, 955.5394, 717.85254, , 
65633.858964583, 000578, -0.2018719, -0.03857446, 3.007966, 0.1139366, 0.34311694, -0.6677404, 0.65070117, 1596.0804, 1596.0804, 955.5384, 717.84674, , 
65633.87563375, 000579, -0.20298164, -0.038990505, 3.016662, 0.113250196, 0.34346852, -0.66862774, 0.6497234, 1596.0804, 1596.0804, 955.53796, 717.8442, , 
65633.892302916, 000580, -0.20413041, -0.03937699, 3.0255086, 0.112605706, 0.3440105, -0.66932636, 0.6488288, 1595.6285, 1595.6285, 955.5375, 717.8414, , 
65633.925641125, 000581, -0.20633578, -0.0400508, 3.0438688, 0.11231908, 0.34667185, -0.6698787, 0.64688915, 1595.6285, 1595.6285, 955.5404, 717.83966, , 
65633.942310333, 000582, -0.20724873, -0.04016347, 3.053187, 0.11260266, 0.34845787, -0.6701197, 0.6456293, 1595.6285, 1595.6285, 955.5447, 717.839, , 
65633.975648541, 000583, -0.20824073, -0.039046664, 3.0711863, 0.1128409, 0.35174653, -0.67112726, 0.64275146, 1595.6285, 1595.6285, 955.5505, 717.83606, , 
65633.992317791, 000584, -0.2088695, -0.03864427, 3.0801613, 0.1124732, 0.35342228, -0.671517, 0.6414884, 1595.6285, 1595.6285, 955.55273, 717.83484, , 
65634.008986958, 000585, -0.20946129, -0.038290676, 3.0891492, 0.11167063, 0.35543373, -0.6716018, 0.6404276, 1596.0804, 1596.0804, 955.5555, 717.83466, , 
65634.042325333, 000586, -0.21040301, -0.03755776, 3.1070528, 0.1097127, 0.36006516, -0.67126614, 0.6385279, 1596.0804, 1596.0804, 955.55994, 717.837, , 
65634.058994375, 000587, -0.21033502, -0.036803603, 3.115046, 0.10876793, 0.36216053, -0.67122984, 0.637542, 1596.0804, 1596.0804, 955.5627, 717.8383, , 
65634.09233275, 000588, -0.21064769, -0.035147555, 3.131407, 0.1063688, 0.36442643, -0.67210704, 0.6357288, 1596.0804, 1596.0804, 955.56366, 717.83734, , 
65634.109001916, 000589, -0.21094258, -0.034163304, 3.1393425, 0.10489971, 0.3645087, -0.6729008, 0.63508564, 1596.0804, 1596.0804, 955.5612, 717.8348, , 
65634.125670958, 000590, -0.21132714, -0.03316675, 3.1471868, 0.10338835, 0.36433557, -0.6736386, 0.63465065, 1596.0804, 1596.0804, 955.55865, 717.8329, , 
65634.159009333, 000591, -0.2127405, -0.031057969, 3.1619022, 0.10064251, 0.3641125, -0.67434454, 0.6344703, 1596.0804, 1596.0804, 955.55316, 717.83093, , 
65634.175678541, 000592, -0.21346565, -0.030200932, 3.169543, 0.099201165, 0.36452237, -0.67415893, 0.6346592, 1595.6285, 1595.6285, 955.55145, 717.8319, , 
65634.20901675, 000593, -0.21450119, -0.028895017, 3.185465, 0.09564441, 0.36683863, -0.6731702, 0.63491994, 1595.6285, 1595.6285, 955.54913, 717.83716, , 
65634.225685916, 000594, -0.21475899, -0.028327173, 3.193481, 0.093767904, 0.36855963, -0.6727718, 0.6346254, 1595.6285, 1595.6285, 955.5489, 717.83936, , 
65634.242355166, 000595, -0.21485944, -0.027770732, 3.201421, 0.09211342, 0.37059432, -0.6725052, 0.63396513, 1595.6285, 1595.6285, 955.5493, 717.8411, , 
65634.275693375, 000596, -0.21467514, -0.02680166, 3.217093, 0.08955991, 0.37520358, -0.67225224, 0.63188475, 1595.6285, 1595.6285, 955.55316, 717.84406, , 
65634.292362541, 000597, -0.2144356, -0.0265987, 3.225093, 0.088562004, 0.37755793, -0.6720439, 0.63084364, 1596.0804, 1596.0804, 955.55536, 717.8453, , 
65634.309031708, 000598, -0.2141931, -0.026534915, 3.2330902, 0.087592356, 0.37974462, -0.6717842, 0.62994236, 1596.0804, 1596.0804, 955.5576, 717.84656, , 
65634.342369958, 000599, -0.21369818, -0.026755504, 3.2490566, 0.08521964, 0.38355523, -0.67124885, 0.62852836, 1596.0804, 1596.0804, 955.561, 717.84985, , 
65634.359039166, 000600, -0.21385853, -0.02661544, 3.256955, 0.0838634, 0.38548443, -0.6708909, 0.62791246, 1596.0804, 1596.0804, 955.562, 717.8515, , 
65634.375708291, 000601, -0.2137145, -0.02692413, 3.2650528, 0.08236154, 0.38758066, -0.6705243, 0.6272119, 1596.0804, 1596.0804, 955.56354, 717.8539, , 
65634.409046708, 000602, -0.21328232, -0.0280746, 3.2816, 0.07902402, 0.39189845, -0.6699678, 0.625551, 1596.0804, 1596.0804, 955.56537, 717.85724, , 
65634.425715666, 000603, -0.21311966, -0.02873903, 3.2899601, 0.07728264, 0.39380372, -0.66998255, 0.6245553, 1596.0804, 1596.0804, 955.5661, 717.8582, , 
65634.442384916, 000604, -0.21295872, -0.029428905, 3.2983851, 0.07544624, 0.39561346, -0.67023295, 0.6233664, 1596.0804, 1596.0804, 955.5664, 717.85834, , 
65634.475723333, 000605, -0.21284096, -0.03083783, 3.3155537, 0.07117467, 0.39970437, -0.67089236, 0.6205433, 1596.0804, 1596.0804, 955.5665, 717.8575, , 
65634.492392333, 000606, -0.21266271, -0.031726006, 3.3243923, 0.06856772, 0.40205646, -0.6712348, 0.6189451, 1596.0804, 1596.0804, 955.5665, 717.85706, , 
65634.525730708, 000607, -0.21215792, -0.033675138, 3.3425174, 0.06186198, 0.40732434, -0.67178, 0.61560667, 1596.0804, 1596.0804, 955.5651, 717.85706, , 
65634.542399875, 000608, -0.21177767, -0.034708425, 3.3517811, 0.05788712, 0.41019806, -0.67202544, 0.6138146, 1596.0804, 1596.0804, 955.56354, 717.8574, , 
65634.559069041, 000609, -0.21169804, -0.03565283, 3.3612847, 0.053701907, 0.4131417, -0.6722956, 0.6119222, 1596.0804, 1596.0804, 955.562, 717.8574, , 
65634.592407291, 000610, -0.21045949, -0.037628856, 3.3802629, 0.044468403, 0.41892484, -0.67340785, 0.6074918, 1596.0804, 1596.0804, 955.55725, 717.8556, , 
65634.609076416, 000611, -0.20956491, -0.03849787, 3.3897197, 0.039573852, 0.42145696, -0.6743683, 0.6050085, 1595.6285, 1595.6285, 955.5542, 717.85345, , 
65634.625745708, 000612, -0.2085996, -0.03918901, 3.3991847, 0.034660667, 0.42353597, -0.6756048, 0.6024733, 1595.6285, 1595.6285, 955.55084, 717.8502, , 
65634.659083833, 000613, -0.20679414, -0.04028186, 3.4187603, 0.024830502, 0.42833924, -0.6774757, 0.59744084, 1595.6285, 1595.6285, 955.5427, 717.8431, , 
65634.675753041, 000614, -0.20549369, -0.040909316, 3.4289222, 0.020434523, 0.43251833, -0.67761904, 0.5944264, 1595.6285, 1595.6285, 955.5425, 717.84265, , 
65634.69242225, 000615, -0.20386952, -0.04137333, 3.4390032, 0.01677181, 0.4370864, -0.6779359, 0.59082747, 1595.6285, 1595.6285, 955.5453, 717.84235, , 
65634.709091458, 000616, -0.20206417, -0.041357063, 3.4487119, 0.013607483, 0.440741, -0.6792496, 0.58667046, 1595.6285, 1595.6285, 955.5477, 717.8391, , 
65634.742429666, 000617, -0.19849381, -0.040094666, 3.4673188, 0.006455554, 0.44558826, -0.6834441, 0.57819855, 1595.6285, 1595.6285, 955.5485, 717.82574, , 
65634.759098875, 000618, -0.19673808, -0.039338052, 3.4775095, 0.0021736773, 0.4484919, -0.6849725, 0.57416284, 1595.6285, 1595.6285, 955.54785, 717.81824, , 
65634.775768083, 000619, -0.19481955, -0.03857585, 3.4874618, -0.0016974704, 0.4527304, -0.6857375, 0.56990904, 1595.6285, 1595.6285, 955.5492, 717.81506, , 
65634.792437083, 000620, -0.19265573, -0.037840687, 3.4974742, -0.0046196976, 0.45849192, -0.6857983, 0.56519425, 1596.0804, 1596.0804, 955.5542, 717.8145, , 
65634.825775416, 000621, -0.18816274, -0.03572008, 3.5164604, -0.009705495, 0.4698093, -0.68573785, 0.55583155, 1595.6285, 1595.6285, 955.57117, 717.8161, , 
65634.842444583, 000622, -0.18618286, -0.034063503, 3.5247817, -0.013502438, 0.47314283, -0.6863163, 0.55219877, 1595.6285, 1595.6285, 955.574, 717.81464, , 
65634.859113791, 000623, -0.18410906, -0.032967772, 3.532985, -0.018409282, 0.47468364, -0.68724155, 0.5495778, 1595.6285, 1595.6285, 955.5705, 717.81006, , 
65634.875782833, 000624, -0.18234651, -0.03139437, 3.5402315, -0.024019005, 0.4754277, -0.6881054, 0.5476335, 1596.0804, 1596.0804, 955.56445, 717.8062, , 
65634.892452041, 000625, -0.1805743, -0.02995224, 3.5471432, -0.029665032, 0.47621703, -0.6887406, 0.54586965, 1596.0804, 1596.0804, 955.5579, 717.8026, , 
65634.909121208, 000626, -0.17861557, -0.028865838, 3.5540416, -0.0350245, 0.47753325, -0.68909824, 0.5439475, 1596.0804, 1596.0804, 955.5507, 717.7991, , 
65634.942459416, 000627, -0.17379558, -0.027857557, 3.5683143, -0.044775568, 0.48244014, -0.6890238, 0.5389739, 1595.6285, 1595.6285, 955.54504, 717.7965, , 
65634.959128625, 000628, -0.1704296, -0.028708275, 3.576572, -0.04911519, 0.48606473, -0.6886658, 0.53578734, 1595.6285, 1595.6285, 955.5449, 717.7965, , 
65634.975797833, 000629, -0.16703221, -0.029100766, 3.5842206, -0.05322516, 0.4900081, -0.6883722, 0.53216803, 1595.6285, 1595.6285, 955.5463, 717.7966, , 
65634.992467, 000630, -0.16349313, -0.029338405, 3.5915701, -0.057121925, 0.49391878, -0.68821937, 0.5283327, 1596.0804, 1596.0804, 955.54816, 717.79626, , 
65635.009136208, 000631, -0.15981875, -0.029514696, 3.5987105, -0.06070098, 0.49764365, -0.6882097, 0.5244364, 1596.0804, 1596.0804, 955.5512, 717.7952, , 
65635.042474375, 000632, -0.15215163, -0.029828079, 3.6125224, -0.06683307, 0.50463533, -0.6883564, 0.51676106, 1596.0804, 1596.0804, 955.55676, 717.7931, , 
65635.059143583, 000633, -0.14821859, -0.030580673, 3.620461, -0.06964485, 0.5078246, -0.68833333, 0.5132844, 1596.0804, 1596.0804, 955.5596, 717.7923, , 
65635.07581275, 000634, -0.14428946, -0.031001607, 3.6274798, -0.07264069, 0.5109902, -0.68803346, 0.5101198, 1596.0804, 1596.0804, 955.5625, 717.79193, , 
65635.092481791, 000635, -0.14036433, -0.03138281, 3.6341763, -0.07583882, 0.51418585, -0.6873229, 0.50739396, 1595.6285, 1595.6285, 955.56396, 717.79297, , 
65635.109150958, 000636, -0.1364187, -0.03177605, 3.6407313, -0.07916514, 0.5172256, -0.6863589, 0.50509596, 1595.6285, 1595.6285, 955.5647, 717.7948, , 
65635.142489333, 000637, -0.12823427, -0.032583702, 3.6536126, -0.086035036, 0.52265704, -0.6843198, 0.5011326, 1596.0804, 1596.0804, 955.56396, 717.7994, , 
65635.159158583, 000638, -0.1241623, -0.0331874, 3.6607473, -0.0895109, 0.5250503, -0.6834104, 0.49925974, 1596.0804, 1596.0804, 955.5632, 717.8011, , 
65635.175827583, 000639, -0.11973498, -0.033748638, 3.6673367, -0.09298905, 0.5273628, -0.68256086, 0.49734512, 1596.0804, 1596.0804, 955.56213, 717.80237, , 
65635.19249675, 000640, -0.1149797, -0.03433415, 3.6737576, -0.09654455, 0.5297063, -0.6817598, 0.49527165, 1596.0804, 1596.0804, 955.56085, 717.8037, , 
65635.209165958, 000641, -0.10994053, -0.03493678, 3.6801326, -0.10022738, 0.53206134, -0.680996, 0.49306154, 1596.0804, 1596.0804, 955.55994, 717.80444, , 
65635.225835125, 000642, -0.104686156, -0.035551686, 3.686521, -0.10406361, 0.53436124, -0.68021613, 0.49085099, 1596.0804, 1596.0804, 955.5588, 717.805, , 
65635.259173333, 000643, -0.09383842, -0.03679125, 3.7001958, -0.11256607, 0.5392655, -0.67800105, 0.48665807, 1596.0804, 1596.0804, 955.5547, 717.8075, , 
65635.275842541, 000644, -0.088140324, -0.03741709, 3.7069721, -0.11723537, 0.54154855, -0.6766958, 0.48483375, 1596.0804, 1596.0804, 955.5519, 717.809, , 
65635.292511666, 000645, -0.08224198, -0.037964802, 3.7135932, -0.122206435, 0.5434389, -0.6754783, 0.48318616, 1595.6285, 1595.6285, 955.5469, 717.81036, , 
65635.309180916, 000646, -0.07620872, -0.038394634, 3.7201471, -0.1272235, 0.5449157, -0.6744613, 0.48164615, 1595.6285, 1595.6285, 955.54236, 717.8105, , 
65635.325849958, 000647, -0.07005043, -0.03871484, 3.7266946, -0.13208836, 0.5460266, -0.67366165, 0.48019534, 1595.6285, 1595.6285, 955.5376, 717.8099, , 
65635.359188333, 000648, -0.05719367, -0.038541093, 3.740488, -0.14021118, 0.548436, -0.6722829, 0.47706854, 1596.0804, 1596.0804, 955.5289, 717.8082, , 
65635.3758575, 000649, -0.050485052, -0.038501214, 3.7473845, -0.14348768, 0.54962647, -0.6718311, 0.47535774, 1596.0804, 1596.0804, 955.5267, 717.80756, , 
65635.3925265, 000650, -0.04371776, -0.038423605, 3.7541807, -0.14653228, 0.55029804, -0.67179286, 0.4737031, 1596.0804, 1596.0804, 955.52386, 717.8051, , 
65635.409195708, 000651, -0.036897607, -0.03821762, 3.7609787, -0.14958353, 0.550679, -0.67192614, 0.47211495, 1596.0804, 1596.0804, 955.5214, 717.80237, , 
65635.425864875, 000652, -0.03000557, -0.03792466, 3.7678854, -0.15230411, 0.5511606, -0.67206717, 0.47047955, 1596.0804, 1596.0804, 955.5192, 717.7996, , 
65635.459203291, 000653, -0.015930852, -0.036650136, 3.7817748, -0.155842, 0.55321395, -0.67232114, 0.46653166, 1596.0804, 1596.0804, 955.5192, 717.7953, , 
65635.475872333, 000654, -0.008776025, -0.0358902, 3.7887428, -0.15716428, 0.5544796, -0.6724626, 0.46437672, 1596.0804, 1596.0804, 955.5209, 717.79407, , 
65635.492541458, 000655, -0.0016547206, -0.03501219, 3.7956448, -0.15877447, 0.5555692, -0.67263776, 0.46226823, 1596.0804, 1596.0804, 955.52203, 717.7925, , 
65635.509210666, 000656, 0.005405158, -0.033992052, 3.8024414, -0.16070335, 0.5566223, -0.6727587, 0.460154, 1596.0804, 1596.0804, 955.5226, 717.79, , 
65635.525879833, 000657, 0.0124321, -0.032891393, 3.8091242, -0.16260456, 0.55781657, -0.672869, 0.45787305, 1596.0804, 1596.0804, 955.5231, 717.78815, , 
65635.559218, 000658, 0.026428428, -0.03057057, 3.8219087, -0.16564927, 0.5605046, -0.6735673, 0.45243996, 1596.0804, 1596.0804, 955.52734, 717.78326, , 
65635.575887208, 000659, 0.03248062, -0.028222851, 3.8266194, -0.16757064, 0.5614055, -0.674168, 0.4497127, 1595.6285, 1595.6285, 955.5289, 717.7802, , 
65635.592556416, 000660, 0.03866105, -0.026553951, 3.8319135, -0.1701664, 0.5617133, -0.6747073, 0.44753957, 1596.0804, 1596.0804, 955.5286, 717.77655, , 
65635.609225625, 000661, 0.044668294, -0.025116857, 3.8373444, -0.1733669, 0.5615593, -0.6750471, 0.4459893, 1596.0804, 1596.0804, 955.52527, 717.7712, , 
65635.625894625, 000662, 0.05054165, -0.023859683, 3.842875, -0.17674734, 0.5613954, -0.6750559, 0.4448539, 1596.0804, 1596.0804, 955.52155, 717.76776, , 
65635.642563833, 000663, 0.05640315, -0.022828799, 3.8485558, -0.17993858, 0.5617404, -0.6746166, 0.44380406, 1596.0804, 1596.0804, 955.5182, 717.76575, , 
65635.659233, 000664, 0.062262166, -0.02199766, 3.854389, -0.18283013, 0.5626569, -0.6737583, 0.442764, 1596.0804, 1596.0804, 955.51483, 717.76526, , 
65635.692571166, 000665, 0.07330051, -0.01914841, 3.8654833, -0.18823573, 0.5651111, -0.67128164, 0.44113237, 1596.0804, 1596.0804, 955.5106, 717.76794, , 
65635.709240416, 000666, 0.07901995, -0.01836507, 3.871274, -0.19088347, 0.5665406, -0.66985196, 0.44033328, 1596.0804, 1596.0804, 955.50793, 717.7706, , 
65635.725909583, 000667, 0.08479759, -0.017674584, 3.8770194, -0.19345826, 0.5680995, -0.66846126, 0.4393135, 1595.6285, 1595.6285, 955.5065, 717.7726, , 
65635.742578833, 000668, 0.09060647, -0.017050322, 3.882712, -0.19586176, 0.56987035, -0.6671117, 0.4380044, 1595.6285, 1595.6285, 955.5054, 717.77454, , 
65635.759247791, 000669, 0.09607794, -0.016408734, 3.888045, -0.19811766, 0.57174873, -0.665833, 0.43648496, 1595.6285, 1595.6285, 955.5052, 717.77734, , 
65635.775917, 000670, 0.101760656, -0.015885565, 3.893557, -0.20011136, 0.5738244, -0.6645848, 0.4347505, 1595.6285, 1595.6285, 955.5056, 717.7795, , 
65635.792586125, 000671, 0.10751431, -0.015443958, 3.8990824, -0.20199686, 0.57607543, -0.6633049, 0.43285203, 1595.6285, 1595.6285, 955.50665, 717.7818, , 
65635.809255333, 000672, 0.11326805, -0.015048988, 3.9045413, -0.20406334, 0.5783474, -0.66193455, 0.43094677, 1595.6285, 1595.6285, 955.5075, 717.7842, , 
65635.842593541, 000673, 0.1247018, -0.014335316, 3.9152076, -0.20907284, 0.5826786, -0.6590128, 0.42717233, 1595.6285, 1595.6285, 955.5078, 717.78925, , 
65635.859262708, 000674, 0.13041236, -0.014075078, 3.9205294, -0.21172532, 0.5849014, -0.6574765, 0.42519104, 1595.6285, 1595.6285, 955.5076, 717.7914, , 
65635.875931916, 000675, 0.1355498, -0.013889629, 3.9255424, -0.21448873, 0.5871459, -0.6558641, 0.4231979, 1595.6285, 1595.6285, 955.5075, 717.79425, , 
65635.892601125, 000676, 0.14078087, -0.013772581, 3.930635, -0.21747792, 0.589404, -0.65417475, 0.42114335, 1595.6285, 1595.6285, 955.50714, 717.7965, , 
65635.90927025, 000677, 0.14627619, -0.013687536, 3.9359164, -0.22079867, 0.5915269, -0.6524364, 0.41913068, 1595.6285, 1595.6285, 955.5062, 717.79846, , 
65635.925939208, 000678, 0.15188076, -0.013641208, 3.9412856, -0.22441569, 0.59355074, -0.6506596, 0.4171057, 1595.6285, 1595.6285, 955.5047, 717.8001, , 
65635.959277666, 000679, 0.16336362, -0.01376535, 3.9523094, -0.23164798, 0.597581, -0.6471485, 0.41283762, 1595.6285, 1595.6285, 955.50085, 717.8034, , 
65635.975946875, 000680, 0.16828737, -0.012946423, 3.9571776, -0.23522325, 0.5995749, -0.64548296, 0.41052604, 1596.0804, 1596.0804, 955.4996, 717.80457, , 
65635.992615875, 000681, 0.17391302, -0.012832552, 3.9626236, -0.23868985, 0.6014773, -0.64396733, 0.4081155, 1596.0804, 1596.0804, 955.49805, 717.80566, , 
65636.009285041, 000682, 0.17979492, -0.012931846, 3.9682631, -0.24226123, 0.60321987, -0.6425669, 0.40563905, 1596.0804, 1596.0804, 955.4969, 717.8059, , 
65636.02595425, 000683, 0.18575409, -0.013059784, 3.9739645, -0.24603786, 0.6046889, -0.6413224, 0.4031406, 1596.0804, 1596.0804, 955.4953, 717.8054, , 
65636.059292458, 000684, 0.19766684, -0.013284318, 3.9854174, -0.25400403, 0.607189, -0.63917243, 0.3978217, 1596.0804, 1596.0804, 955.49084, 717.802, , 
65636.075961541, 000685, 0.20295061, -0.013022345, 3.990575, -0.25842804, 0.6083083, -0.6380723, 0.39501867, 1596.0804, 1596.0804, 955.4885, 717.79987, , 
65636.092630791, 000686, 0.20843162, -0.012869082, 3.995977, -0.2633441, 0.609084, -0.63693136, 0.3924092, 1596.0804, 1596.0804, 955.4844, 717.79614, , 
65636.1093, 000687, 0.21385582, -0.0126220025, 4.0014906, -0.26879874, 0.6094467, -0.635665, 0.3901948, 1596.0804, 1596.0804, 955.4797, 717.79266, , 
65636.125969125, 000688, 0.21932328, -0.012319222, 4.0071764, -0.2746213, 0.6099044, -0.63398486, 0.38815323, 1595.6285, 1595.6285, 955.4741, 717.7893, , 
65636.159307375, 000689, 0.2313747, -0.012128692, 4.018912, -0.28522065, 0.6148102, -0.6286525, 0.3813838, 1596.0804, 1596.0804, 955.4667, 717.7895, , 
65636.175976625, 000690, 0.23731314, -0.011494048, 4.0238223, -0.28958803, 0.6182144, -0.6262382, 0.37653062, 1596.0804, 1596.0804, 955.4674, 717.79126, , 
65636.192645791, 000691, 0.2433299, -0.010922495, 4.0288343, -0.2937992, 0.62068975, -0.6247812, 0.37158403, 1596.0804, 1596.0804, 955.4689, 717.7902, , 
65636.209314791, 000692, 0.24905421, -0.010142021, 4.033627, -0.29842553, 0.6218866, -0.62398505, 0.367208, 1596.0804, 1596.0804, 955.46844, 717.7864, , 
65636.225983958, 000693, 0.2545032, -0.00922209, 4.0383034, -0.3033602, 0.6222231, -0.6233687, 0.36362424, 1596.0804, 1596.0804, 955.46643, 717.7809, , 
65636.242653166, 000694, 0.26000914, -0.008333858, 4.043028, -0.30817667, 0.6226703, -0.6223998, 0.36045414, 1596.0804, 1596.0804, 955.4637, 717.77594, , 
65636.2759915, 000695, 0.2724073, -0.0067651006, 4.0523987, -0.31574404, 0.6268264, -0.6187019, 0.35299063, 1596.0804, 1596.0804, 955.46155, 717.7728, , 
65636.2926605, 000696, 0.27954528, -0.006315775, 4.056982, -0.3180056, 0.631148, -0.61614347, 0.347695, 1596.0804, 1596.0804, 955.46497, 717.7764, , 
65636.30932975, 000697, 0.2869045, -0.006026204, 4.0614104, -0.31956968, 0.6358916, -0.6137536, 0.34179464, 1595.6285, 1595.6285, 955.47284, 717.7834, , 
65636.325998875, 000698, 0.293949, -0.0055443197, 4.0654078, -0.32094812, 0.6396519, -0.61220104, 0.33622554, 1596.0804, 1596.0804, 955.4791, 717.787, , 
65636.342668083, 000699, 0.3004235, -0.004751816, 4.0688796, -0.32267618, 0.64195853, -0.6114647, 0.3314818, 1596.0804, 1596.0804, 955.484, 717.7878, , 
65636.37600625, 000700, 0.3126474, -0.0031933226, 4.07414, -0.32843494, 0.64371973, -0.6101424, 0.3247793, 1596.0804, 1596.0804, 955.4868, 717.7825, , 
65636.3926755, 000701, 0.31846622, -0.0026992154, 4.0764318, -0.33216646, 0.64471024, -0.60846573, 0.32215434, 1596.0804, 1596.0804, 955.48505, 717.7809, , 
65636.409344666, 000702, 0.32402095, -0.0023393221, 4.078797, -0.33604404, 0.646335, -0.605996, 0.31952196, 1596.0804, 1596.0804, 955.48236, 717.78143, , 
65636.426013875, 000703, 0.32970205, -0.0021845885, 4.081079, -0.33990896, 0.6485891, -0.6029682, 0.31658086, 1596.0804, 1596.0804, 955.48065, 717.78357, , 
65636.442682875, 000704, 0.3356695, -0.0022395812, 4.08318, -0.3437611, 0.65143, -0.5995623, 0.3130373, 1596.0804, 1596.0804, 955.4796, 717.7868, , 
65636.476021208, 000705, 0.3484204, -0.0029127225, 4.0865917, -0.35115033, 0.6584401, -0.59230894, 0.30384248, 1596.0804, 1596.0804, 955.48083, 717.7964, , 
65636.492690416, 000706, 0.3550604, -0.0034155138, 4.0880213, -0.3545718, 0.6620539, -0.5888627, 0.29867074, 1596.0804, 1596.0804, 955.4827, 717.80054, , 
65636.509359458, 000707, 0.36176175, -0.0039302823, 4.0892563, -0.3578078, 0.6652777, -0.58582467, 0.29357868, 1596.0804, 1596.0804, 955.4854, 717.80505, , 
65636.526028541, 000708, 0.368536, -0.004429478, 4.0902405, -0.36086828, 0.6680752, -0.5832524, 0.28855902, 1596.0804, 1596.0804, 955.4875, 717.8074, , 
65636.54269775, 000709, 0.37540507, -0.004966058, 4.0910134, -0.36353734, 0.67066437, -0.581079, 0.28354365, 1596.0804, 1596.0804, 955.49005, 717.8089, , 
65636.576036166, 000710, 0.38948232, -0.0057181306, 4.092956, -0.3674236, 0.67527986, -0.57761794, 0.2745076, 1596.0804, 1596.0804, 955.4974, 717.8126, , 
65636.592705166, 000711, 0.39653948, -0.00607064, 4.0938926, -0.36905196, 0.67723787, -0.5759745, 0.27092955, 1596.0804, 1596.0804, 955.4998, 717.8144, , 
65636.609374333, 000712, 0.40358135, -0.0065972246, 4.0945935, -0.3707218, 0.6791584, -0.5740624, 0.26788342, 1595.6285, 1595.6285, 955.5016, 717.8165, , 
65636.6260435, 000713, 0.41067752, -0.007215634, 4.095202, -0.37252685, 0.6810723, -0.5718807, 0.26517308, 1595.6285, 1595.6285, 955.5028, 717.82025, , 
65636.659381791, 000714, 0.42519224, -0.008544657, 4.0961514, -0.37634435, 0.684528, -0.5677345, 0.25973794, 1595.6285, 1595.6285, 955.504, 717.82513, , 
65636.676050916, 000715, 0.43096223, -0.009634487, 4.094671, -0.37850243, 0.68596506, -0.5658264, 0.25695968, 1595.6285, 1595.6285, 955.50446, 717.8268, , 
65636.709389333, 000716, 0.4456555, -0.011301778, 4.094126, -0.38317236, 0.6888684, -0.5617318, 0.25119045, 1595.6285, 1595.6285, 955.5047, 717.8298, , 
65636.7260585, 000717, 0.45352864, -0.0121045, 4.0940714, -0.38549682, 0.6901646, -0.5597372, 0.2485138, 1596.0804, 1596.0804, 955.5046, 717.831, , 
65636.7427275, 000718, 0.4615825, -0.012910735, 4.094016, -0.3878389, 0.69128704, -0.55780786, 0.24607614, 1596.0804, 1596.0804, 955.5038, 717.8321, , 
65636.776065791, 000719, 0.47722086, -0.014296267, 4.092553, -0.39213112, 0.6931584, -0.55436856, 0.24174371, 1596.0804, 1596.0804, 955.5024, 717.8334, , 
65636.792735, 000720, 0.48536158, -0.015054699, 4.0917807, -0.3938992, 0.69386244, -0.5531421, 0.23964989, 1596.0804, 1596.0804, 955.50214, 717.83356, , 
65636.809404083, 000721, 0.49397987, -0.015938662, 4.0913563, -0.39551052, 0.6944053, -0.5521344, 0.23773989, 1596.0804, 1596.0804, 955.502, 717.8332, , 
65636.842742416, 000722, 0.51199317, -0.017866239, 4.090627, -0.39877695, 0.69541085, -0.5499896, 0.23429057, 1596.0804, 1596.0804, 955.501, 717.83246, , 
65636.859411625, 000723, 0.5213017, -0.018868063, 4.0901847, -0.4003427, 0.69593924, -0.5489507, 0.23248076, 1596.0804, 1596.0804, 955.50073, 717.8322, , 
65636.89274975, 000724, 0.53835684, -0.020341504, 4.0873756, -0.4034213, 0.6960687, -0.5477651, 0.22954966, 1596.0804, 1596.0804, 955.4997, 717.82947, , 
65636.909419, 000725, 0.5477352, -0.021091089, 4.086577, -0.40487865, 0.69583327, -0.54747087, 0.22839633, 1596.0804, 1596.0804, 955.4989, 717.82745, , 
65636.926088166, 000726, 0.55729145, -0.021829158, 4.0858436, -0.40619653, 0.69554025, -0.54728144, 0.22740066, 1596.0804, 1596.0804, 955.49805, 717.8254, , 
65636.959426416, 000727, 0.5766124, -0.023031138, 4.0845656, -0.40881944, 0.6944442, -0.5470698, 0.22655812, 1596.0804, 1596.0804, 955.49506, 717.8199, , 
65636.976095583, 000728, 0.5846213, -0.0231371, 4.082988, -0.41038036, 0.69372565, -0.54665846, 0.22692971, 1596.0804, 1596.0804, 955.49225, 717.81757, , 
65637.009433958, 000729, 0.6045853, -0.023741309, 4.081649, -0.41285163, 0.6944083, -0.5443237, 0.22596973, 1596.0804, 1596.0804, 955.488, 717.8179, , 
65637.026103125, 000730, 0.6154046, -0.023990575, 4.081084, -0.4133688, 0.6954906, -0.5432781, 0.2242051, 1596.0804, 1596.0804, 955.4888, 717.8197, , 
65637.042772083, 000731, 0.62637025, -0.02400544, 4.0804133, -0.41344067, 0.6964309, -0.5429224, 0.22200428, 1596.0804, 1596.0804, 955.4912, 717.82104, , 
65637.076110458, 000732, 0.64627296, -0.02330216, 4.078062, -0.4132189, 0.69696355, -0.54377604, 0.21863073, 1596.0804, 1596.0804, 955.4976, 717.82056, , 
65637.092779625, 000733, 0.6562098, -0.02252981, 4.0772004, -0.41287988, 0.6968539, -0.5443509, 0.21818992, 1596.0804, 1596.0804, 955.49915, 717.81976, , 
65637.109448666, 000734, 0.66638446, -0.021588758, 4.07671, -0.41224095, 0.6968425, -0.54473203, 0.2184831, 1596.0804, 1596.0804, 955.5002, 717.81976, , 
65637.142787041, 000735, 0.68679893, -0.019552141, 4.0761514, -0.41022652, 0.6973897, -0.54505956, 0.21970853, 1596.0804, 1596.0804, 955.5018, 717.82294, , 
65637.15945625, 000736, 0.69685686, -0.018409256, 4.075892, -0.409371, 0.697506, -0.54529667, 0.22034572, 1596.0804, 1596.0804, 955.5026, 717.82477, , 
65637.176125166, 000737, 0.7062301, -0.017466333, 4.074749, -0.40899953, 0.6970653, -0.54575956, 0.22128217, 1596.0804, 1596.0804, 955.50226, 717.82477, , 
65637.209463583, 000738, 0.72505933, -0.014873274, 4.0741405, -0.40894327, 0.69517374, -0.5469809, 0.2243004, 1596.0804, 1596.0804, 955.49817, 717.8212, , 
65637.226132791, 000739, 0.73452175, -0.013641335, 4.0743155, -0.4084773, 0.69433194, -0.54764116, 0.22613822, 1596.0804, 1596.0804, 955.49634, 717.82, , 
65637.242802, 000740, 0.7441328, -0.012633044, 4.074786, -0.4073324, 0.69414634, -0.5480023, 0.2278918, 1596.0804, 1596.0804, 955.4955, 717.8206, , 
65637.276140166, 000741, 0.7648387, -0.011193503, 4.075919, -0.4037066, 0.6950743, -0.54810745, 0.23123765, 1596.0804, 1596.0804, 955.4966, 717.82825, , 
65637.292809291, 000742, 0.77469873, -0.010449067, 4.076799, -0.40193588, 0.69533056, -0.5482322, 0.23324764, 1596.0804, 1596.0804, 955.4969, 717.8317, , 
65637.3094785, 000743, 0.784021, -0.00962716, 4.077897, -0.40052763, 0.6952502, -0.54837096, 0.2355716, 1596.0804, 1596.0804, 955.49646, 717.8342, , 
65637.342816708, 000744, 0.8020521, -0.008085869, 4.080533, -0.39856452, 0.6948286, -0.5481421, 0.24062367, 1596.0804, 1596.0804, 955.4925, 717.839, , 
65637.359485875, 000745, 0.8110846, -0.007502109, 4.0820007, -0.39759624, 0.69477975, -0.5478838, 0.24294351, 1596.0804, 1596.0804, 955.4907, 717.8413, , 
65637.392824291, 000746, 0.82937235, -0.0069392994, 4.0850515, -0.39503205, 0.6954267, -0.5475782, 0.24594587, 1596.0804, 1596.0804, 955.4902, 717.84766, , 
65637.40949325, 000747, 0.8388938, -0.006869938, 4.0864897, -0.39359218, 0.6960552, -0.54764813, 0.24632058, 1596.0804, 1596.0804, 955.4917, 717.85034, , 
65637.426162416, 000748, 0.84851146, -0.0069314837, 4.087902, -0.39218915, 0.6966947, -0.54790175, 0.24618663, 1596.0804, 1596.0804, 955.49493, 717.85345, , 
65637.459500833, 000749, 0.86761224, -0.007199682, 4.090741, -0.3903872, 0.6971541, -0.5486806, 0.2460152, 1596.0804, 1596.0804, 955.49854, 717.8555, , 
65637.476169833, 000750, 0.87507075, -0.007501624, 4.0928845, -0.38979068, 0.6968277, -0.5492677, 0.24657518, 1596.0804, 1596.0804, 955.49915, 717.8552, , 
65637.509508208, 000751, 0.8930076, -0.00830812, 4.0970106, -0.3878981, 0.69565845, -0.55105186, 0.24886997, 1596.0804, 1596.0804, 955.4992, 717.8536, , 
65637.526177333, 000752, 0.9025223, -0.008990444, 4.099345, -0.38640797, 0.69531226, -0.55189544, 0.25028205, 1596.0804, 1596.0804, 955.4997, 717.8538, , 
65637.542846541, 000753, 0.912223, -0.009872254, 4.1018763, -0.38469106, 0.6952297, -0.5525512, 0.25170526, 1596.0804, 1596.0804, 955.50085, 717.8554, , 
65637.576184708, 000754, 0.92985946, -0.01132654, 4.1075954, -0.38174886, 0.6951707, -0.5531718, 0.25496352, 1596.0804, 1596.0804, 955.502, 717.8594, , 
65637.592853916, 000755, 0.9389209, -0.012120329, 4.110591, -0.38096544, 0.6947805, -0.5532813, 0.25695348, 1596.0804, 1596.0804, 955.5006, 717.86115, , 
65637.626192125, 000756, 0.9581757, -0.013982974, 4.1166887, -0.3802226, 0.69354695, -0.5536159, 0.260639, 1596.0804, 1596.0804, 955.4969, 717.8613, , 
65637.642861291, 000757, 0.9681852, -0.015059292, 4.1198263, -0.37995344, 0.69331765, -0.5534815, 0.2619241, 1596.0804, 1596.0804, 955.49506, 717.8621, , 
65637.659530416, 000758, 0.9783434, -0.016156737, 4.122996, -0.37984464, 0.693342, -0.55305266, 0.26292145, 1596.0804, 1596.0804, 955.4939, 717.86334, , 
65637.69286875, 000759, 0.9961705, -0.017323535, 4.1296644, -0.38053933, 0.69267166, -0.552216, 0.26543054, 1596.0804, 1596.0804, 955.48926, 717.8643, , 
65637.709537791, 000760, 1.0057758, -0.017955475, 4.132855, -0.38120985, 0.6916548, -0.5521436, 0.26726413, 1595.6285, 1595.6285, 955.48584, 717.8632, , 
65637.742876166, 000761, 1.0248433, -0.018791325, 4.1393104, -0.38260302, 0.68818456, -0.5528474, 0.27272078, 1596.0804, 1596.0804, 955.4769, 717.8584, , 
65637.759545375, 000762, 1.0345861, -0.019109674, 4.14263, -0.38303342, 0.6865706, -0.553137, 0.27558216, 1596.0804, 1596.0804, 955.47064, 717.8552, , 
65637.7928835, 000763, 1.0531878, -0.01976424, 4.1493316, -0.3825878, 0.6859403, -0.55272746, 0.27857625, 1596.0804, 1596.0804, 955.46655, 717.85614, , 
65637.80955275, 000764, 1.0638173, -0.019901793, 4.152476, -0.38182127, 0.68622947, -0.55283517, 0.27870214, 1596.0804, 1596.0804, 955.46747, 717.8579, , 
65637.826221916, 000765, 1.0746632, -0.019790445, 4.155506, -0.38074097, 0.6864159, -0.5535506, 0.2783002, 1596.0804, 1596.0804, 955.46936, 717.8584, , 
65637.859560125, 000766, 1.0965332, -0.019127004, 4.161437, -0.37805837, 0.68680185, -0.5556085, 0.276901, 1596.0804, 1596.0804, 955.4761, 717.8582, , 
65637.876229291, 000767, 1.1066799, -0.01953024, 4.1651287, -0.37668294, 0.6874311, -0.55623543, 0.275954, 1596.0804, 1596.0804, 955.4795, 717.859, , 
65637.909567583, 000768, 1.1282755, -0.019349676, 4.171013, -0.37386858, 0.68972194, -0.5563007, 0.27392575, 1595.6285, 1595.6285, 955.48816, 717.8651, , 
65637.926236708, 000769, 1.1388572, -0.019116376, 4.173567, -0.37324196, 0.69065017, -0.55583465, 0.27338716, 1596.0804, 1596.0804, 955.4904, 717.86786, , 
65637.942905791, 000770, 1.1490718, -0.018814709, 4.1758924, -0.3734107, 0.69091564, -0.5553527, 0.27346545, 1596.0804, 1596.0804, 955.4906, 717.8694, , 
65637.976244166, 000771, 1.1686674, -0.018893894, 4.1803145, -0.37519315, 0.6903402, -0.55459535, 0.27401552, 1595.6285, 1595.6285, 955.4868, 717.8682, , 
65637.992913333, 000772, 1.1785147, -0.01913333, 4.1820393, -0.37611538, 0.69021267, -0.55426794, 0.27373463, 1595.6285, 1595.6285, 955.48553, 717.8673, , 
65638.0262515, 000773, 1.198549, -0.019596994, 4.1844473, -0.3783112, 0.6898242, -0.554215, 0.27178812, 1595.6285, 1595.6285, 955.48413, 717.86334, , 
65638.042920666, 000774, 1.2086935, -0.019773781, 4.1852517, -0.37975162, 0.68955153, -0.55440646, 0.27007553, 1595.6285, 1595.6285, 955.4839, 717.86035, , 
65638.076258875, 000775, 1.2285235, -0.019828916, 4.1869574, -0.3833696, 0.6892729, -0.5544228, 0.26560476, 1595.6285, 1595.6285, 955.48376, 717.85266, , 
65638.092928125, 000776, 1.2385958, -0.01984569, 4.187427, -0.3850913, 0.68925565, -0.55449915, 0.26298666, 1595.6285, 1595.6285, 955.48425, 717.84924, , 
65638.10959725, 000777, 1.2488822, -0.019960713, 4.187623, -0.3864414, 0.68943423, -0.5546744, 0.2601531, 1596.0804, 1596.0804, 955.4854, 717.84625, , 
65638.142935583, 000778, 1.2697275, -0.020482324, 4.187622, -0.3880283, 0.69009316, -0.5554931, 0.25422975, 1596.0804, 1596.0804, 955.4911, 717.8406, , 
65638.159604708, 000779, 1.2801692, -0.020851195, 4.187522, -0.38826022, 0.6903089, -0.556346, 0.2514096, 1596.0804, 1596.0804, 955.4943, 717.83813, , 
65638.192943041, 000780, 1.3007458, -0.02259215, 4.1879077, -0.3880581, 0.6907379, -0.55812657, 0.2465495, 1596.0804, 1596.0804, 955.50275, 717.8333, , 
65638.209612125, 000781, 1.311092, -0.02335209, 4.1878996, -0.3877652, 0.6911856, -0.5586836, 0.24448591, 1595.6285, 1595.6285, 955.5061, 717.83246, , 
65638.226281208, 000782, 1.321426, -0.0241636, 4.187929, -0.38743538, 0.6917228, -0.5589839, 0.24279676, 1595.6285, 1595.6285, 955.5092, 717.8322, , 
65638.259619541, 000783, 1.342101, -0.025890697, 4.188131, -0.38667518, 0.69284916, -0.5591189, 0.24047503, 1595.6285, 1595.6285, 955.5147, 717.83356, , 
65638.276288708, 000784, 1.3518726, -0.02711739, 4.1887813, -0.38626617, 0.69331527, -0.5591131, 0.23980173, 1596.0804, 1596.0804, 955.51666, 717.8345, , 
65638.309626916, 000785, 1.3724259, -0.02910227, 4.18902, -0.38557234, 0.6940013, -0.5591899, 0.23875223, 1596.0804, 1596.0804, 955.52014, 717.83636, , 
65638.326296125, 000786, 1.3828819, -0.030042898, 4.188864, -0.38570672, 0.6941733, -0.5591082, 0.23822643, 1596.0804, 1596.0804, 955.5209, 717.8365, , 
65638.342965291, 000787, 1.3934258, -0.030972302, 4.18855, -0.38628286, 0.694232, -0.5589019, 0.2376053, 1596.0804, 1596.0804, 955.521, 717.836, , 
65638.376303416, 000788, 1.4148669, -0.032822087, 4.188062, -0.38891238, 0.69401735, -0.55792826, 0.23622672, 1596.0804, 1596.0804, 955.51874, 717.83374, , 
65638.392972625, 000789, 1.4255524, -0.033665664, 4.1876364, -0.39052013, 0.6934914, -0.55753446, 0.2360487, 1596.0804, 1596.0804, 955.51575, 717.83105, , 
65638.426311, 000790, 1.4469994, -0.03536142, 4.1864758, -0.39299607, 0.6921978, -0.5570938, 0.2367754, 1595.6285, 1595.6285, 955.5105, 717.827, , 
65638.442980166, 000791, 1.4577628, -0.036214195, 4.185867, -0.39387867, 0.6915449, -0.556936, 0.2375866, 1595.6285, 1595.6285, 955.50714, 717.825, , 
65638.459649166, 000792, 1.4684731, -0.036964513, 4.1853313, -0.39473373, 0.6906054, -0.5569185, 0.23893778, 1596.0804, 1596.0804, 955.504, 717.82336, , 
65638.4929875, 000793, 1.490288, -0.038369395, 4.1851916, -0.39567602, 0.6888816, -0.5570234, 0.24209006, 1596.0804, 1596.0804, 955.4974, 717.81995, , 
65638.509656666, 000794, 1.5017525, -0.039061263, 4.185014, -0.39496744, 0.68917906, -0.55697674, 0.24250743, 1596.0804, 1596.0804, 955.4969, 717.82117, , 
65638.542994833, 000795, 1.5249213, -0.03967742, 4.1844597, -0.39192057, 0.69025296, -0.55821234, 0.24155337, 1595.6285, 1595.6285, 955.5028, 717.8249, , 
65638.559664083, 000796, 1.5360886, -0.03921248, 4.184055, -0.3906867, 0.68982726, -0.5597253, 0.24126707, 1595.6285, 1595.6285, 955.50665, 717.82367, , 
65638.57633325, 000797, 1.5469863, -0.038559724, 4.184247, -0.3897115, 0.68905157, -0.5614659, 0.2410161, 1595.6285, 1595.6285, 955.5088, 717.82104, , 
65638.609671375, 000798, 1.5683382, -0.03646161, 4.183577, -0.38789064, 0.68814343, -0.5643233, 0.23987216, 1596.0804, 1596.0804, 955.51434, 717.8162, , 
65638.626340625, 000799, 1.5787902, -0.035335846, 4.1830525, -0.38716412, 0.68805915, -0.5653538, 0.23885885, 1596.0804, 1596.0804, 955.51715, 717.81494, , 
65638.659678958, 000800, 1.5989233, -0.03314016, 4.1819344, -0.38745484, 0.68776274, -0.56619895, 0.23723333, 1596.0804, 1596.0804, 955.52026, 717.81244, , 
65638.676348, 000801, 1.6089588, -0.032141276, 4.181959, -0.38874546, 0.68732005, -0.5659003, 0.23711804, 1596.0804, 1596.0804, 955.51855, 717.8102, , 
65638.693017166, 000802, 1.6186377, -0.0313088, 4.1816955, -0.39023238, 0.6867549, -0.5655014, 0.23726484, 1596.0804, 1596.0804, 955.516, 717.8083, , 
65638.726355541, 000803, 1.6380965, -0.030512992, 4.181365, -0.39173925, 0.6862737, -0.5649855, 0.23740289, 1596.0804, 1596.0804, 955.512, 717.8057, , 
65638.743024541, 000804, 1.6481342, -0.030587373, 4.18144, -0.3914864, 0.68678695, -0.5646561, 0.2371192, 1596.0804, 1596.0804, 955.5124, 717.80664, , 
65638.776362916, 000805, 1.6686386, -0.03126981, 4.182291, -0.39008918, 0.6892108, -0.56330276, 0.23560314, 1596.0804, 1596.0804, 955.5168, 717.81384, , 
65638.793032, 000806, 1.678857, -0.031674203, 4.1826134, -0.38951075, 0.690409, -0.56273764, 0.23439938, 1596.0804, 1596.0804, 955.51935, 717.81696, , 
65638.809701166, 000807, 1.688957, -0.03205989, 4.1828, -0.38916442, 0.69135565, -0.5624448, 0.23288248, 1596.0804, 1596.0804, 955.5219, 717.8189, , 
65638.843039458, 000808, 1.7089318, -0.032962956, 4.18312, -0.38883117, 0.69338065, -0.5618607, 0.22879265, 1596.0804, 1596.0804, 955.529, 717.8219, , 
65638.859708583, 000809, 1.7188388, -0.033541948, 4.183376, -0.38875008, 0.694735, -0.56120896, 0.22640903, 1596.0804, 1596.0804, 955.5325, 717.82385, , 
65638.89304675, 000810, 1.7371377, -0.03461659, 4.184877, -0.38957015, 0.697793, -0.558703, 0.22174512, 1595.6285, 1595.6285, 955.53876, 717.8303, , 
65638.909715958, 000811, 1.746692, -0.035301, 4.1854625, -0.39045128, 0.69921494, -0.55717, 0.21956299, 1595.6285, 1595.6285, 955.5403, 717.83295, , 
65638.943054291, 000812, 1.76594, -0.036881614, 4.186915, -0.3926951, 0.70148134, -0.5544802, 0.21509579, 1595.6285, 1595.6285, 955.54297, 717.83704, , 
65638.9597235, 000813, 1.775671, -0.037791282, 4.1878157, -0.39381513, 0.7023257, -0.55349964, 0.21280588, 1595.6285, 1595.6285, 955.5441, 717.8378, , 
65638.9763925, 000814, 1.7837425, -0.03921085, 4.189611, -0.39481264, 0.703185, -0.5525571, 0.21055721, 1595.6285, 1595.6285, 955.54596, 717.8385, , 
65639.009730875, 000815, 1.8031672, -0.041759267, 4.192601, -0.3965588, 0.705051, -0.5504959, 0.20639375, 1595.6285, 1595.6285, 955.54877, 717.84064, , 
65639.026399916, 000816, 1.8133272, -0.04301766, 4.194108, -0.39797077, 0.7060134, -0.54906815, 0.20417754, 1595.6285, 1595.6285, 955.5497, 717.8419, , 
65639.059738208, 000817, 1.8335549, -0.045199476, 4.197119, -0.40308243, 0.7068865, -0.54580235, 0.19983938, 1595.6285, 1595.6285, 955.547, 717.8414, , 
65639.076407416, 000818, 1.8424278, -0.046386406, 4.1991196, -0.40643802, 0.70680803, -0.5441753, 0.19774646, 1595.6285, 1595.6285, 955.5441, 717.83905, , 
65639.093076458, 000819, 1.8520701, -0.047334686, 4.200766, -0.40991083, 0.70658207, -0.5426479, 0.19557105, 1595.6285, 1595.6285, 955.54004, 717.8351, , 
65639.126414708, 000820, 1.8719044, -0.048732147, 4.203848, -0.41730142, 0.70581955, -0.5395425, 0.1912382, 1596.0804, 1596.0804, 955.5335, 717.8282, , 
65639.143083875, 000821, 1.8820056, -0.049113974, 4.205466, -0.42146295, 0.7053987, -0.5376118, 0.18909056, 1596.0804, 1596.0804, 955.52795, 717.82306, , 
65639.17642225, 000822, 1.9024382, -0.050210074, 4.2083917, -0.4291459, 0.707592, -0.53157246, 0.18049389, 1596.0804, 1596.0804, 955.52423, 717.8213, , 
65639.193091291, 000823, 1.9130306, -0.050451048, 4.2093554, -0.43224317, 0.70946807, -0.5286495, 0.17421457, 1596.0804, 1596.0804, 955.5277, 717.82336, , 
65639.226429625, 000824, 1.9330208, -0.04881285, 4.2107034, -0.4398249, 0.70967275, -0.5251952, 0.16458613, 1596.0804, 1596.0804, 955.52936, 717.8176, , 
65639.243098791, 000825, 1.9424194, -0.047282778, 4.211351, -0.444438, 0.70884264, -0.5233031, 0.16177396, 1596.0804, 1596.0804, 955.5247, 717.81024, , 
65639.259767958, 000826, 1.9519508, -0.045726553, 4.2119293, -0.44872284, 0.7086523, -0.52071226, 0.1591174, 1596.0804, 1596.0804, 955.5205, 717.8068, , 
65639.293106125, 000827, 1.972508, -0.043168023, 4.2123914, -0.45354584, 0.7109432, -0.5158378, 0.15088776, 1596.0804, 1596.0804, 955.52014, 717.80743, , 
65639.309775291, 000828, 1.9827994, -0.041910186, 4.2120714, -0.45432347, 0.71261615, -0.51436317, 0.14559837, 1596.0804, 1596.0804, 955.5269, 717.8107, , 
65639.343113458, 000829, 2.001405, -0.03845033, 4.2109203, -0.45762527, 0.71333617, -0.5125468, 0.1379357, 1595.6285, 1595.6285, 955.5339, 717.81006, , 
65639.359782625, 000830, 2.0094583, -0.036272094, 4.2102766, -0.4610331, 0.7120661, -0.5116721, 0.1363888, 1596.0804, 1596.0804, 955.53076, 717.80347, , 
65639.376451833, 000831, 2.0173469, -0.034542378, 4.2096486, -0.46495676, 0.71056193, -0.51048553, 0.13535638, 1596.0804, 1596.0804, 955.526, 717.7971, , 
65639.409790208, 000832, 2.0325994, -0.031803187, 4.207917, -0.47198534, 0.7094296, -0.5065935, 0.13153838, 1596.0804, 1596.0804, 955.5183, 717.7887, , 
65639.426459125, 000833, 2.0404215, -0.031030802, 4.2067623, -0.4749575, 0.7101195, -0.5036966, 0.12820038, 1596.0804, 1596.0804, 955.5161, 717.78796, , 
65639.443128375, 000834, 2.0483272, -0.03052526, 4.205395, -0.47773847, 0.71130824, -0.5003959, 0.12413902, 1596.0804, 1596.0804, 955.5156, 717.7893, , 
65639.476466708, 000835, 2.06189, -0.0295038, 4.2020082, -0.48340476, 0.7131834, -0.4943496, 0.11535869, 1596.0804, 1596.0804, 955.51624, 717.79175, , 
65639.49313575, 000836, 2.0684953, -0.028860217, 4.2000813, -0.4862673, 0.71335816, -0.4921961, 0.11138755, 1596.0804, 1596.0804, 955.51654, 717.7906, , 
65639.509804916, 000837, 2.0752125, -0.028139945, 4.1980577, -0.48906347, 0.7131608, -0.49049717, 0.10784736, 1596.0804, 1596.0804, 955.51654, 717.78827, , 
65639.543143291, 000838, 2.0885298, -0.026751913, 4.1939034, -0.49390033, 0.7129447, -0.48724303, 0.10181592, 1596.0804, 1596.0804, 955.5163, 717.78326, , 
65639.559812416, 000839, 2.0951314, -0.026163012, 4.1917934, -0.49590033, 0.7131959, -0.48538643, 0.09916777, 1596.0804, 1596.0804, 955.5161, 717.78253, , 
65639.576481458, 000840, 2.1012845, -0.025542323, 4.190082, -0.49781588, 0.7136434, -0.48327118, 0.09665151, 1596.0804, 1596.0804, 955.5156, 717.78265, , 
65639.609819833, 000841, 2.1139672, -0.024541121, 4.1858044, 0.50142294, -0.7144632, 0.47913703, -0.09243979, 1596.0804, 1596.0804, 955.51385, 717.7834, , 
65639.626488958, 000842, 2.12026, -0.024079878, 4.183582, 0.5030528, -0.7146449, 0.47744206, -0.0909366, 1596.0804, 1596.0804, 955.51227, 717.7834, , 
65639.643158, 000843, 2.1265316, -0.023648221, 4.181359, 0.5045131, -0.7147383, 0.47596538, -0.0898465, 1596.0804, 1596.0804, 955.51086, 717.78314, , 
65639.659827125, 000844, 2.1328259, -0.023260165, 4.1791167, 0.505867, -0.71483386, 0.47452813, -0.089073606, 1596.0804, 1596.0804, 955.5092, 717.78296, , 
65639.6931655, 000845, 2.1451728, -0.022902157, 4.174427, 0.5082646, -0.7154763, 0.47132525, -0.087252885, 1595.6285, 1595.6285, 955.5056, 717.7842, , 
65639.709834625, 000846, 2.1516836, -0.022778306, 4.171799, 0.5092895, -0.7160352, 0.4696008, -0.08598118, 1595.6285, 1595.6285, 955.5047, 717.7855, , 
65639.726503625, 000847, 2.158169, -0.022609957, 4.1690707, 0.5104717, -0.7164147, 0.46794683, -0.08482005, 1595.6285, 1595.6285, 955.5038, 717.7866, , 
65639.759841958, 000848, 2.1707892, -0.02198438, 4.163362, 0.5138049, -0.71596086, 0.46520767, -0.0835841, 1595.6285, 1595.6285, 955.49915, 717.7849, , 
65639.776511166, 000849, 2.176538, -0.02173997, 4.1606, 0.51547486, -0.7153605, 0.46430022, -0.08348891, 1596.0804, 1596.0804, 955.4966, 717.78265, , 
65639.793180208, 000850, 2.1825078, -0.021591827, 4.15772, 0.5168765, -0.71490514, 0.46345714, -0.08340668, 1596.0804, 1596.0804, 955.49365, 717.77997, , 
65639.809849458, 000851, 2.1889503, -0.02153692, 4.1546884, 0.5178841, -0.71474075, 0.46259373, -0.08335938, 1596.0804, 1596.0804, 955.4918, 717.77905, , 
65639.84318775, 000852, 2.202303, -0.021439288, 4.1486354, 0.51924783, -0.7142764, 0.46155784, -0.08458882, 1596.0804, 1596.0804, 955.48724, 717.77765, , 
65639.859856916, 000853, 2.209078, -0.02131347, 4.145668, 0.51975846, -0.7136618, 0.46167186, -0.08600532, 1596.0804, 1596.0804, 955.48505, 717.77606, , 
65639.876525916, 000854, 2.21571, -0.021400034, 4.142689, 0.5202597, -0.7128721, 0.46199724, -0.0877596, 1596.0804, 1596.0804, 955.4825, 717.7741, , 
65639.893195, 000855, 2.2226303, -0.021296464, 4.1396923, 0.52070194, -0.71200037, 0.4624579, -0.08976283, 1596.0804, 1596.0804, 955.479, 717.771, , 
65639.926533416, 000856, 2.2370596, -0.020895272, 4.1335893, 0.5211185, -0.7104573, 0.46354845, -0.09385408, 1596.0804, 1596.0804, 955.474, 717.7669, , 
65639.943202458, 000857, 2.2444289, -0.020583022, 4.1306496, 0.52100605, -0.70974857, 0.46424314, -0.096372925, 1595.6285, 1595.6285, 955.47076, 717.7649, , 
65639.959871583, 000858, 2.2517996, -0.02011061, 4.1279488, 0.5206672, -0.7089114, 0.46518752, -0.09975214, 1596.0804, 1596.0804, 955.4677, 717.7635, , 
65639.993209875, 000859, 2.2664366, -0.018187474, 4.124285, 0.5193616, -0.7068706, 0.46755004, -0.10951852, 1596.0804, 1596.0804, 955.4577, 717.7599, , 
65640.009878916, 000860, 2.274367, -0.017356172, 4.1224837, 0.5179297, -0.7064495, 0.4685532, -0.11461179, 1596.0804, 1596.0804, 955.4534, 717.7605, , 
65640.026548125, 000861, 2.2827322, -0.016613297, 4.120786, 0.51532745, -0.7065937, 0.47006863, -0.11915743, 1593.369, 1593.369, 955.45123, 717.76306, , 
65640.04321725, 000862, 2.291338, -0.015848741, 4.119233, 0.5116437, -0.7068685, 0.47257888, -0.12339638, 1593.369, 1593.369, 955.4511, 717.7665, , 
65640.076555666, 000863, 2.30754, -0.013809528, 4.1181216, 0.50293213, -0.70669526, 0.47939548, -0.13349488, 1593.369, 1593.369, 955.4537, 717.77344, , 
65640.093224625, 000864, 2.3153718, -0.012655046, 4.1179547, -0.49878213, 0.70629674, -0.48257655, 0.13957493, 1595.6285, 1595.6285, 955.4533, 717.77594, , 
65640.10989375, 000865, 2.3231652, -0.011500344, 4.117745, -0.4947842, 0.70597184, -0.4854016, 0.14552505, 1595.6285, 1595.6285, 955.452, 717.7797, , 
65640.126562916, 000866, 2.330839, -0.0103525445, 4.117584, -0.4906959, 0.7057726, -0.4881459, 0.15105, 1595.6285, 1595.6285, 955.45166, 717.7829, , 
65640.159901166, 000867, 2.3453145, -0.007861301, 4.117788, -0.4826581, 0.70494264, -0.49376726, 0.16214491, 1595.6285, 1595.6285, 955.4515, 717.7887, , 
65640.176570333, 000868, 2.352627, -0.006233033, 4.1180444, -0.47906557, 0.7039547, -0.49656978, 0.16841136, 1598.34, 1598.34, 955.4497, 717.7912, , 
65640.1932395, 000869, 2.359103, -0.0046713203, 4.118722, -0.4756668, 0.7026433, -0.49943453, 0.17492439, 1598.34, 1598.34, 955.44763, 717.7921, , 
65640.226577833, 000870, 2.371074, -0.0017464608, 4.120856, -0.46865368, 0.6996303, -0.50568676, 0.1875154, 1600.1476, 1600.1476, 955.4433, 717.79285, , 
65640.243246791, 000871, 2.3766975, -0.00038046762, 4.122361, -0.46501723, 0.6979322, -0.50904995, 0.19369514, 1600.1476, 1600.1476, 955.4419, 717.7928, , 
65640.27658525, 000872, 2.3868065, 0.0023087412, 4.1268983, -0.45732394, 0.6940486, -0.51622516, 0.20655, 1600.1476, 1600.1476, 955.43866, 717.7916, , 
65640.293254333, 000873, 2.3915582, 0.0034645535, 4.1296463, -0.4531107, 0.69204855, -0.5199828, 0.21301928, 1602.4071, 1602.4071, 955.43774, 717.7913, , 
65640.309923375, 000874, 2.3960772, 0.0044637807, 4.1327033, -0.44868082, 0.68997693, -0.5237965, 0.2196689, 1602.4071, 1602.4071, 955.4368, 717.79126, , 
65640.343261708, 000875, 2.4041288, 0.006079007, 4.139952, -0.43919927, 0.6853486, -0.5316986, 0.23387592, 1602.4071, 1602.4071, 955.43427, 717.7911, , 
65640.359930875, 000876, 2.407725, 0.0066116042, 4.1441455, -0.43395978, 0.6830137, -0.535767, 0.24109103, 1602.4071, 1602.4071, 955.4334, 717.7913, , 
65640.376600041, 000877, 2.4110262, 0.0068003424, 4.149121, -0.42812017, 0.6808664, -0.54001373, 0.24803045, 1606.9261, 1606.9261, 955.4334, 717.79254, , 
65640.40993825, 000878, 2.4169328, 0.006762702, 4.1591816, -0.4147981, 0.6766761, -0.5498197, 0.26028863, 1606.9261, 1606.9261, 955.43787, 717.79443, , 
65640.426607375, 000879, 2.4192836, 0.0066064117, 4.1644645, -0.40789017, 0.67441785, -0.5550117, 0.26598558, 1606.9261, 1606.9261, 955.44226, 717.7948, , 
65640.443276541, 000880, 2.421133, 0.0063620023, 4.169981, -0.40112668, 0.6720598, -0.55997336, 0.27177715, 1606.4742, 1606.4742, 955.4453, 717.7948, , 
65640.47661475, 000881, 2.4237132, 0.005492564, 4.182182, -0.38776577, 0.66723335, -0.56903255, 0.2839702, 1595.6285, 1595.6285, 955.4498, 717.7955, , 
65640.493283916, 000882, 2.4244473, 0.004841592, 4.1885314, -0.38092443, 0.6649749, -0.57322633, 0.29002845, 1595.6285, 1595.6285, 955.4528, 717.79694, , 
65640.509953166, 000883, 2.4247706, 0.004119415, 4.194984, -0.37399366, 0.6626772, -0.5773078, 0.2961475, 1595.6285, 1595.6285, 955.45526, 717.79846, , 
65640.543291333, 000884, 2.4242063, 0.0026901662, 4.2082477, -0.36015636, 0.6573687, -0.58545583, 0.3088612, 1595.6285, 1595.6285, 955.45996, 717.8009, , 
65640.559960458, 000885, 2.4221218, 0.0020175134, 4.2157416, -0.35336274, 0.65430284, -0.589582, 0.3153023, 1595.6285, 1595.6285, 955.4614, 717.8012, , 
65640.576629625, 000886, 2.4204636, 0.001383841, 4.222708, -0.34670117, 0.6510652, -0.5936827, 0.32164124, 1595.6285, 1595.6285, 955.4628, 717.80096, , 
65640.59329875, 000887, 2.4187715, 0.00074993074, 4.2295027, -0.34012824, 0.6478861, -0.5975891, 0.32778597, 1595.6285, 1595.6285, 955.4645, 717.80054, , 
65640.609967791, 000888, 2.4169009, 9.0263784e-05, 4.2362585, -0.33348706, 0.6449082, -0.6012739, 0.33369064, 1595.6285, 1595.6285, 955.4661, 717.8007, , 
65640.626636958, 000889, 2.4147484, -0.0005699359, 4.2430143, -0.3268428, 0.64201367, -0.60475117, 0.3395117, 1595.6285, 1595.6285, 955.46783, 717.8012, , 
65640.659975333, 000890, 2.408214, -0.0017442815, 4.257392, -0.31417412, 0.63614386, -0.6108486, 0.3513965, 1595.6285, 1595.6285, 955.47076, 717.80316, , 
65640.6766445, 000891, 2.404579, -0.0022375914, 4.264385, -0.3083489, 0.6329205, -0.6135703, 0.3575811, 1595.6285, 1595.6285, 955.47076, 717.80383, , 
65640.693313541, 000892, 2.400944, -0.002727862, 4.271151, -0.30254388, 0.6297292, -0.61612463, 0.36372885, 1595.6285, 1595.6285, 955.4704, 717.805, , 
65640.709982666, 000893, 2.397234, -0.0032452159, 4.277833, -0.29647738, 0.62676996, -0.6185162, 0.3697272, 1595.6285, 1595.6285, 955.47076, 717.8065, , 
65640.743321041, 000894, 2.3893242, -0.0040840246, 4.291046, -0.28367212, 0.62079936, -0.62329626, 0.38162804, 1595.1766, 1595.1766, 955.47284, 717.8109, , 
65640.759989958, 000895, 2.3843925, -0.0039642453, 4.29886, -0.27709565, 0.61744064, -0.6258393, 0.38769847, 1595.1766, 1595.1766, 955.4735, 717.8122, , 
65640.793328333, 000896, 2.3751347, -0.003963072, 4.312129, -0.26392555, 0.6104464, -0.63111967, 0.39923245, 1595.1766, 1595.1766, 955.4754, 717.8135, , 
65640.8099975, 000897, 2.3704422, -0.003972705, 4.3183994, -0.25736248, 0.6071841, -0.6334825, 0.40471205, 1594.7247, 1594.7247, 955.47723, 717.8148, , 
65640.826666625, 000898, 2.365588, -0.0039393716, 4.324514, -0.25108412, 0.6039769, -0.6355378, 0.41019547, 1594.7247, 1594.7247, 955.4784, 717.8162, , 
65640.860004875, 000899, 2.3551176, -0.0035810173, 4.3361993, -0.23934205, 0.5965559, -0.6394719, 0.4217964, 1594.7247, 1594.7247, 955.4782, 717.8186, , 
65640.876674, 000900, 2.3495886, -0.0036601424, 4.3426366, -0.2335048, 0.59254473, -0.6413394, 0.4278433, 1597.4362, 1597.4362, 955.47723, 717.81915, , 
65640.893343166, 000901, 2.34399, -0.0035839123, 4.348475, -0.22762284, 0.58861905, -0.64308673, 0.43376818, 1597.4362, 1597.4362, 955.47656, 717.82, , 
65640.91001225, 000902, 2.3383553, -0.003516871, 4.3540835, -0.22161779, 0.5849077, -0.64466614, 0.4395159, 1597.4362, 1597.4362, 955.4763, 717.82196, , 
65640.943350541, 000903, 2.3269193, -0.0034278738, 4.3648653, -0.20974919, 0.57777536, -0.647529, 0.45042983, 1599.6957, 1599.6957, 955.4768, 717.82544, , 
65640.96001975, 000904, 2.3210618, -0.00339346, 4.3700337, -0.20423616, 0.5741348, -0.6488288, 0.4557169, 1599.6957, 1599.6957, 955.4768, 717.82697, , 
65640.976688875, 000905, 2.3146417, -0.0035875742, 4.3759327, -0.19884644, 0.5704764, -0.6500813, 0.46088058, 1599.6957, 1599.6957, 955.4762, 717.82855, , 
65641.010027083, 000906, 2.3025115, -0.0039223167, 4.386191, -0.18790883, 0.5635065, -0.65257215, 0.47042564, 1601.9552, 1601.9552, 955.47644, 717.8308, , 
65641.02669625, 000907, 2.2964857, -0.0041623977, 4.3910947, -0.18226859, 0.5602647, -0.6536953, 0.47493583, 1601.9552, 1601.9552, 955.4777, 717.8328, , 
65641.043365458, 000908, 2.2903788, -0.0043974663, 4.3958783, -0.17672952, 0.55699444, -0.6547265, 0.47943422, 1601.9552, 1601.9552, 955.47864, 717.8344, , 
65641.060034333, 000909, 2.284176, -0.0045832135, 4.4005055, -0.17142008, 0.55361587, -0.6556958, 0.48392934, 1601.9552, 1601.9552, 955.47925, 717.83594, , 
65641.09337275, 000910, 2.2716892, -0.0053996593, 4.4093056, -0.16135766, 0.54660714, -0.65751773, 0.49280304, 1604.2147, 1604.2147, 955.4794, 717.8385, , 
65641.110041916, 000911, 2.2652154, -0.005439602, 4.413442, -0.15664928, 0.54296386, -0.65846616, 0.497065, 1604.2147, 1604.2147, 955.479, 717.83923, , 
65641.126711083, 000912, 2.2586381, -0.005323376, 4.417396, -0.15220428, 0.5391771, -0.6594032, 0.5013076, 1604.2147, 1604.2147, 955.4781, 717.8396, , 
65641.16004925, 000913, 2.244576, -0.0054092593, 4.425373, -0.14404522, 0.5317286, -0.6608512, 0.50969714, 1608.2819, 1608.2819, 955.4755, 717.8404, , 
65641.176718458, 000914, 2.237666, -0.0053292178, 4.429158, -0.14020464, 0.5282175, -0.6613423, 0.5137657, 1608.7338, 1608.7338, 955.4739, 717.84155, , 
65641.193387625, 000915, 2.2308903, -0.00510332, 4.432752, -0.13644189, 0.52474475, -0.66176236, 0.5177809, 1608.7338, 1608.7338, 955.4726, 717.8426, , 
65641.210056625, 000916, 2.2241092, -0.0047995187, 4.4362035, -0.13274148, 0.5211968, -0.66215086, 0.521814, 1606.0223, 1606.0223, 955.4713, 717.8436, , 
65641.243394958, 000917, 2.210425, -0.004102658, 4.4426785, -0.125517, 0.51372856, -0.66285634, 0.5300472, 1606.0223, 1606.0223, 955.46747, 717.84595, , 
65641.260064083, 000918, 2.2035716, -0.0037651625, 4.4456906, -0.122013316, 0.50978196, -0.6632432, 0.5341756, 1606.0223, 1606.0223, 955.4654, 717.84674, , 
65641.276733291, 000919, 2.1968358, -0.0038258135, 4.4485598, -0.11843004, 0.50577605, -0.66367924, 0.5382329, 1606.0223, 1606.0223, 955.46344, 717.8473, , 
65641.293402333, 000920, 2.190111, -0.0037315, 4.451302, -0.11481428, 0.5017633, -0.6641582, 0.54216707, 1606.0223, 1606.0223, 955.461, 717.84784, , 
65641.326740625, 000921, 2.1768236, -0.0036055297, 4.45642, -0.10788191, 0.49363682, -0.665207, 0.54971236, 1606.4742, 1606.4742, 955.4573, 717.848, , 
65641.343409833, 000922, 2.170398, -0.003639143, 4.458843, -0.104671046, 0.48970747, -0.6657178, 0.5532181, 1606.4742, 1606.4742, 955.4546, 717.8478, , 
65641.360078791, 000923, 2.16385, -0.0037472253, 4.4617286, -0.10143567, 0.48608288, -0.6661906, 0.5564388, 1606.0223, 1606.0223, 955.45306, 717.8478, , 
65641.393417125, 000924, 2.1519125, -0.0040994883, 4.4667516, -0.094485804, 0.47927064, -0.6670072, 0.5625597, 1606.0223, 1606.0223, 955.451, 717.8483, , 
65641.41008625, 000925, 2.146346, -0.0043617487, 4.469219, -0.090679735, 0.47628012, -0.66725546, 0.5654242, 1606.0223, 1606.0223, 955.451, 717.8491, , 
65641.426755333, 000926, 2.141007, -0.0046395995, 4.4716754, -0.086593434, 0.4735116, -0.66747266, 0.5681273, 1606.0223, 1606.0223, 955.45166, 717.8502, , 
65641.460093666, 000927, 2.130741, -0.0050316453, 4.47633, -0.07752927, 0.46769089, -0.66817826, 0.5734041, 1606.0223, 1606.0223, 955.4546, 717.85223, , 
65641.476762791, 000928, 2.1263537, -0.0048913397, 4.478155, -0.07287827, 0.4645585, -0.66860396, 0.57605803, 1606.4742, 1606.4742, 955.45575, 717.8527, , 
65641.493431958, 000929, 2.1217508, -0.004846595, 4.4800897, -0.0682035, 0.46147057, -0.66889906, 0.5787635, 1606.0223, 1606.0223, 955.4575, 717.8537, , 
65641.526770166, 000930, 2.1124926, -0.004565563, 4.483692, -0.059811443, 0.45479968, -0.6689988, 0.58482504, 1606.0223, 1606.0223, 955.45856, 717.856, , 
65641.54343925, 000931, 2.1078987, -0.0042156614, 4.4852676, -0.05627923, 0.4509508, -0.66893375, 0.58822083, 1606.4742, 1606.4742, 955.4577, 717.8572, , 
65641.560108541, 000932, 2.1033463, -0.0037289672, 4.486721, -0.053007234, 0.44676742, -0.6688782, 0.5917694, 1606.0223, 1606.0223, 955.4554, 717.85846, , 
65641.593446625, 000933, 2.0954666, -0.0015346926, 4.4880934, -0.047486097, 0.43740028, -0.668977, 0.59907913, 1605.5704, 1605.5704, 955.4498, 717.85956, , 
65641.610115875, 000934, 2.091187, -0.00048528984, 4.488984, -0.045062292, 0.43210497, -0.6692124, 0.60283446, 1605.5704, 1605.5704, 955.44446, 717.8591, , 
65641.626784958, 000935, 2.0869536, 0.0006531291, 4.4898353, -0.042810284, 0.42659616, -0.66951054, 0.6065795, 1605.5704, 1605.5704, 955.44006, 717.8583, , 
65641.660123166, 000936, 2.078863, 0.002947074, 4.4916453, -0.0374802, 0.41592345, -0.6699362, 0.6138309, 1603.7628, 1603.7628, 955.4311, 717.85706, , 
65641.676792333, 000937, 2.075487, 0.004551403, 4.492275, -0.034331486, 0.41058174, -0.6702936, 0.6172118, 1603.7628, 1603.7628, 955.4282, 717.8564, , 
65641.710130625, 000938, 2.0681944, 0.0074558705, 4.493557, -0.028509364, 0.3986879, -0.67131907, 0.62415206, 1601.0514, 1601.0514, 955.421, 717.8536, , 
65641.726799708, 000939, 2.064608, 0.00882389, 4.49414, -0.025842732, 0.3926904, -0.6716392, 0.6277158, 1601.5033, 1601.5033, 955.4154, 717.85187, , 
65641.743468833, 000940, 2.061157, 0.01010545, 4.494758, -0.022828735, 0.3869577, -0.671798, 0.63121325, 1601.5033, 1601.5033, 955.4118, 717.8514, , 
65641.776807166, 000941, 2.0540142, 0.012963872, 4.4957314, -0.016107978, 0.3757231, -0.6723515, 0.63758624, 1599.2438, 1599.2438, 955.4055, 717.84973, , 
65641.793476375, 000942, 2.0508237, 0.014384259, 4.496018, -0.01289302, 0.36989602, -0.6729222, 0.6404579, 1599.2438, 1599.2438, 955.40265, 717.848, , 
65641.8268145, 000943, 2.0452166, 0.016898174, 4.4963818, -0.0070802756, 0.35791257, -0.67439336, 0.64578784, 1599.2438, 1599.2438, 955.39484, 717.8423, , 
65641.843483708, 000944, 2.0426276, 0.017960552, 4.496633, -0.004060393, 0.3520241, -0.67511684, 0.64828986, 1596.9843, 1596.9843, 955.3916, 717.8397, , 
65641.876821875, 000945, 2.0374882, 0.019896258, 4.497032, 0.0027870217, 0.34115013, -0.6763588, 0.6527998, 1596.9843, 1596.9843, 955.3861, 717.83435, , 
65641.893491041, 000946, 2.0351512, 0.020639595, 4.497683, 0.00666249, 0.3361561, -0.6766244, 0.6550831, 1596.9843, 1596.9843, 955.3848, 717.8331, , 
65641.926829333, 000947, 2.0306227, 0.021782767, 4.499427, 0.01470392, 0.3268786, -0.6760167, 0.6602542, 1594.7247, 1594.7247, 955.3831, 717.83435, , 
65641.943498541, 000948, 2.0284512, 0.022313882, 4.500252, 0.01874531, 0.32202962, -0.6754395, 0.66311914, 1594.7247, 1594.7247, 955.3824, 717.8358, , 
65641.976836666, 000949, 2.0247283, 0.023584884, 4.5009384, 0.026319623, 0.31103784, -0.674317, 0.6692229, 1591.5614, 1591.5614, 955.3796, 717.8385, , 
65641.993505875, 000950, 2.0229547, 0.024327602, 4.501045, 0.030212043, 0.30487123, -0.6737116, 0.6724979, 1591.1095, 1591.1095, 955.3771, 717.8401, , 
65642.026844, 000951, 2.0196402, 0.025840264, 4.5012374, -0.038505424, -0.29254022, 0.6723066, -0.67892665, 1591.1095, 1591.1095, 955.37366, 717.843, , 
65642.043513208, 000952, 2.0181656, 0.02659883, 4.5012813, -0.042698257, -0.28654888, 0.67169845, -0.68182683, 1603.7628, 1603.7628, 955.3717, 717.84454, , 
65642.076851541, 000953, 2.0162177, 0.028494831, 4.5018616, -0.05067668, -0.27545482, 0.67082965, -0.6866906, 1603.7628, 1603.7628, 955.36926, 717.84564, , 
65642.093520708, 000954, 2.0151613, 0.029389884, 4.5020065, -0.054518007, -0.26991418, 0.67049235, -0.6889224, 1603.7628, 1603.7628, 955.3675, 717.8457, , 
65642.126858916, 000955, 2.0126014, 0.030857932, 4.501941, -0.06265008, -0.25869602, 0.6695877, -0.6934, 1603.7628, 1603.7628, 955.36505, 717.8461, , 
65642.143528041, 000956, 2.0111496, 0.031422053, 4.5018563, -0.0672138, -0.2530398, 0.66893154, -0.6956894, 1603.7628, 1603.7628, 955.36414, 717.8468, , 
65642.176866208, 000957, 2.0079222, 0.032072958, 4.5026803, -0.07690194, -0.24230042, 0.666923, -0.7004214, 1603.7628, 1603.7628, 955.3638, 717.8497, , 
65642.193535375, 000958, 2.0061347, 0.032299723, 4.502809, -0.08179194, -0.23669146, 0.6658225, -0.7028282, 1603.7628, 1603.7628, 955.36365, 717.8519, , 
65642.226873708, 000959, 2.0022516, 0.03269471, 4.502231, -0.09240025, -0.22459048, 0.6638013, -0.70738184, 1603.7628, 1603.7628, 955.3632, 717.8541, , 
65642.243542875, 000960, 2.0001183, 0.03280616, 4.5017633, -0.09838352, -0.21835011, 0.66268384, -0.70957315, 1603.7628, 1603.7628, 955.36346, 717.8552, , 
65642.276881083, 000961, 1.995469, 0.032499436, 4.5014997, -0.111257255, -0.20607492, 0.6599042, -0.71391976, 1603.7628, 1603.7628, 955.36487, 717.85767, , 
65642.310219416, 000962, 1.9901954, 0.03201339, 4.5004134, -0.1244327, -0.19371143, 0.6567105, -0.718139, 1603.7628, 1603.7628, 955.36707, 717.8612, , 
65642.326888375, 000963, 1.987291, 0.03170182, 4.499531, -0.13113452, -0.18756786, 0.6550107, -0.72012705, 1603.7628, 1603.7628, 955.3681, 717.86255, , 
65642.3435575, 000964, 1.984234, 0.031331327, 4.4984665, -0.13790412, -0.18144786, 0.6532229, -0.7220519, 1603.7628, 1603.7628, 955.3694, 717.864, , 
65642.360226708, 000965, 1.9810745, 0.030929182, 4.497174, -0.14471571, -0.1751737, 0.6514324, -0.7238834, 1603.7628, 1603.7628, 955.3711, 717.86566, , 
65642.393565041, 000966, 1.9752206, 0.02939878, 4.494687, -0.15829873, -0.16209148, 0.6479572, -0.7271997, 1603.7628, 1603.7628, 955.373, 717.86707, , 
65642.410234041, 000967, 1.9718981, 0.028877202, 4.4927464, -0.16538222, -0.1552242, 0.64609313, -0.72877824, 1603.7628, 1603.7628, 955.37427, 717.8677, , 
65642.443572416, 000968, 1.9648232, 0.027914446, 4.4880853, -0.18034893, -0.1407445, 0.64224046, -0.73156846, 1601.5033, 1601.5033, 955.3761, 717.86774, , 
65642.460241541, 000969, 1.9611137, 0.027451847, 4.4854317, -0.18823558, -0.13331394, 0.6403118, -0.73266333, 1601.5033, 1601.5033, 955.37714, 717.8671, , 
65642.4769105, 000970, 1.9574795, 0.026905004, 4.482669, -0.19620095, -0.1260242, 0.6384323, -0.73350346, 1601.5033, 1601.5033, 955.37854, 717.8654, , 
65642.510248916, 000971, 1.9495493, 0.02587748, 4.4763417, -0.21199618, -0.111096635, 0.6346713, -0.734784, 1599.2438, 1599.2438, 955.3803, 717.8619, , 
65642.526918041, 000972, 1.945288, 0.025316145, 4.4728217, -0.21982029, -0.10351631, 0.6326707, -0.73531705, 1598.7919, 1598.7919, 955.3812, 717.8593, , 
65642.54358725, 000973, 1.9407983, 0.024689656, 4.4691324, -0.22768784, -0.09598742, 0.63046116, -0.7358419, 1598.7919, 1598.7919, 955.382, 717.8576, , 
65642.576925375, 000974, 1.9307599, 0.02324104, 4.4617796, -0.24319372, -0.0819292, 0.6254818, -0.736829, 1596.9843, 1596.9843, 955.3851, 717.85504, , 
65642.593594541, 000975, 1.925534, 0.022458334, 4.4579463, -0.25080213, -0.075609386, 0.6227533, -0.73726505, 1596.9843, 1596.9843, 955.387, 717.8543, , 
65642.610263708, 000976, 1.9202725, 0.021687295, 4.4539447, -0.25827354, -0.06967229, 0.61995775, -0.7376265, 1596.9843, 1596.9843, 955.3893, 717.8539, , 
65642.626932666, 000977, 1.9150165, 0.02099144, 4.4497843, -0.26554304, -0.06390226, 0.6172544, -0.7378349, 1596.9843, 1596.9843, 955.3924, 717.85284, , 
65642.660271, 000978, 1.9046081, 0.019901317, 4.4409237, -0.27923042, -0.052059058, 0.6122117, -0.7379139, 1594.2728, 1594.2728, 955.39575, 717.8504, , 
65642.676940208, 000979, 1.8994743, 0.0195941, 4.436459, -0.2856396, -0.045971036, 0.60976785, -0.73788875, 1594.2728, 1594.2728, 955.3973, 717.84863, , 
65642.693609333, 000980, 1.8942515, 0.019252356, 4.431746, -0.29179227, -0.039799083, 0.6070405, -0.7380888, 1594.2728, 1594.2728, 955.3983, 717.848, , 
65642.710278375, 000981, 1.8889513, 0.0189212, 4.42692, -0.29772007, -0.03358936, 0.60408, -0.7384591, 1591.5614, 1591.5614, 955.39935, 717.84827, , 
65642.7269475, 000982, 1.8835988, 0.018627625, 4.422055, -0.30350962, -0.027412234, 0.6009804, -0.7388863, 1591.5614, 1591.5614, 955.4004, 717.84894, , 
65642.743616708, 000983, 1.8782421, 0.018400948, 4.417169, -0.30924663, -0.021268731, 0.5978713, -0.73923206, 1591.5614, 1591.5614, 955.4017, 717.84985, , 
65642.776954875, 000984, 1.8673103, 0.017573025, 4.4076576, -0.32009, -0.009021374, 0.5919531, -0.7396299, 1599.2438, 1599.2438, 955.4033, 717.8507, , 
65642.793624041, 000985, 1.8618467, 0.017279904, 4.4027877, -0.3251482, -0.0029961844, 0.589097, -0.7397528, 1599.2438, 1599.2438, 955.40393, 717.85114, , 
65642.810293208, 000986, 1.8563622, 0.017104592, 4.3978267, -0.3300423, 0.0028855498, 0.58627623, -0.7398269, 1599.2438, 1599.2438, 955.40424, 717.85144, , 
65642.826962333, 000987, 1.8507912, 0.01694842, 4.3928533, -0.3346894, 0.008536695, 0.5834706, -0.7399135, 1599.2438, 1599.2438, 955.4047, 717.85187, , 
65642.843631333, 000988, 1.8451048, 0.016769696, 4.3878684, -0.3390616, 0.014009123, 0.58065116, -0.7400575, 1599.2438, 1599.2438, 955.40515, 717.85284, , 
65642.87696975, 000989, 1.8334426, 0.015937585, 4.3783264, -0.34693715, 0.024492351, 0.5750465, -0.7405108, 1599.2438, 1599.2438, 955.406, 717.85547, , 
65642.893638875, 000990, 1.8274816, 0.01559649, 4.3733854, -0.35049826, 0.029691547, 0.57241374, -0.7406833, 1599.2438, 1599.2438, 955.4061, 717.8573, , 
65642.910308, 000991, 1.8214438, 0.015359316, 4.368269, -0.35383275, 0.03494394, 0.5699615, -0.74075985, 1599.2438, 1599.2438, 955.40576, 717.85846, , 
65642.926977041, 000992, 1.8153348, 0.015179921, 4.363088, -0.35702804, 0.040219937, 0.5676969, -0.740698, 1599.2438, 1599.2438, 955.4051, 717.8592, , 
65642.960315375, 000993, 1.802801, 0.01488379, 4.352913, -0.363245, 0.049939245, 0.5635028, -0.7402862, 1598.7919, 1598.7919, 955.4037, 717.8601, , 
65642.976984541, 000994, 1.7961718, 0.014606092, 4.3479185, -0.36627415, 0.05421087, 0.5615621, -0.7399678, 1598.7919, 1598.7919, 955.4033, 717.86005, , 
65642.993653708, 000995, 1.7895199, 0.014414903, 4.342974, -0.36913818, 0.05817627, 0.5597107, -0.7396462, 1598.7919, 1598.7919, 955.4032, 717.8599, , 
65643.010322708, 000996, 1.7828, 0.014278214, 4.338067, -0.37175062, 0.061931673, 0.5580016, -0.73932415, 1598.7919, 1598.7919, 955.40283, 717.85986, , 
65643.043661041, 000997, 1.7692164, 0.014177922, 4.328446, -0.3767496, 0.06900405, 0.5549426, -0.7384692, 1598.7919, 1598.7919, 955.40216, 717.85913, , 
65643.060330208, 000998, 1.7623763, 0.014179323, 4.3237505, -0.37936515, 0.07230974, 0.5534243, -0.7379531, 1598.7919, 1598.7919, 955.4019, 717.8583, , 
65643.076999208, 000999, 1.7556176, 0.014317755, 4.3182116, -0.3819683, 0.0756886, 0.5518717, -0.7374341, 1598.7919, 1598.7919, 955.4018, 717.8575, , 
65643.1103375, 001000, 1.7420126, 0.014538314, 4.3084774, -0.3871411, 0.082514085, 0.5486568, -0.7364026, 1598.7919, 1598.7919, 955.40155, 717.85614, , 
65643.127006708, 001001, 1.7352068, 0.014676549, 4.303856, -0.38946667, 0.08581465, 0.5469745, -0.7360506, 1598.7919, 1598.7919, 955.4015, 717.8561, , 
65643.143675666, 001002, 1.7284476, 0.014835361, 4.2993383, -0.3914058, 0.08898817, 0.54530317, -0.73588514, 1598.7919, 1598.7919, 955.40137, 717.85657, , 
65643.177014041, 001003, 1.7156129, 0.016702253, 4.2898207, -0.39421394, 0.09550428, 0.542503, -0.7356389, 1599.2438, 1599.2438, 955.39984, 717.85876, , 
65643.193683166, 001004, 1.7094358, 0.017260958, 4.2856383, -0.39554605, 0.09859919, 0.5414306, -0.73530567, 1599.2438, 1599.2438, 955.3988, 717.85913, , 
65643.210352333, 001005, 1.7034672, 0.017841946, 4.2817135, -0.39687157, 0.10145984, 0.5406092, -0.7348064, 1599.2438, 1599.2438, 955.39764, 717.8588, , 
65643.243690458, 001006, 1.6920756, 0.01903801, 4.274443, -0.3990428, 0.10669454, 0.5397446, -0.7335235, 1599.2438, 1599.2438, 955.3945, 717.8565, , 
65643.260359666, 001007, 1.6865155, 0.019567568, 4.271107, -0.39983132, 0.10890007, 0.5395227, -0.7329331, 1599.2438, 1599.2438, 955.39294, 717.85535, , 
65643.277028791, 001008, 1.681627, 0.020515125, 4.268128, -0.40047202, 0.11052683, 0.5392559, -0.73253596, 1599.2438, 1599.2438, 955.3916, 717.8543, , 
65643.310367041, 001009, 1.6708602, 0.021360409, 4.262645, -0.40144983, 0.112688325, 0.5385233, -0.73221034, 1599.2438, 1599.2438, 955.39075, 717.8542, , 
65643.327036125, 001010, 1.6655071, 0.021619514, 4.260142, -0.40201995, 0.11364031, 0.5381367, -0.7320346, 1599.2438, 1599.2438, 955.39044, 717.8541, , 
65643.343705375, 001011, 1.6602554, 0.02182791, 4.25783, -0.40277985, 0.11449867, 0.5377424, -0.7317729, 1599.2438, 1599.2438, 955.3903, 717.8537, , 
65643.377043458, 001012, 1.650949, 0.02256916, 4.2544413, -0.40478322, 0.11566016, 0.5367532, -0.73121077, 1599.2438, 1599.2438, 955.3911, 717.8523, , 
65643.393712666, 001013, 1.646247, 0.022770178, 4.252961, -0.40572166, 0.11589166, 0.5362117, -0.7310512, 1599.2438, 1599.2438, 955.3918, 717.85187, , 
65643.410381833, 001014, 1.6414317, 0.022834908, 4.251544, -0.4065081, 0.11592107, 0.53574914, -0.73094887, 1599.2438, 1599.2438, 955.39264, 717.85156, , 
65643.443719958, 001015, 1.6320294, 0.022930004, 4.2490144, -0.40784764, 0.11617866, 0.5352907, -0.7304975, 1599.2438, 1599.2438, 955.3937, 717.85016, , 
65643.460389166, 001016, 1.6274723, 0.023041066, 4.2494016, -0.40841424, 0.116437644, 0.53512627, -0.73026013, 1599.2438, 1599.2438, 955.3938, 717.8494, , 
65643.47705825, 001017, 1.622817, 0.023026656, 4.2490087, -0.40881827, 0.116596065, 0.53480864, -0.7302415, 1599.2438, 1599.2438, 955.39417, 717.84937, , 
65643.510396666, 001018, 1.6132323, 0.022704076, 4.2482977, -0.40907004, 0.115812816, 0.5336938, -0.7310403, 1599.2438, 1599.2438, 955.396, 717.8516, , 
65643.527065625, 001019, 1.6084692, 0.022500608, 4.2482405, -0.4090098, 0.115160234, 0.5332039, -0.7315344, 1599.2438, 1599.2438, 955.3973, 717.85333, , 
65643.543734875, 001020, 1.6038295, 0.02236766, 4.248393, -0.40908906, 0.11464229, 0.5329086, -0.7317866, 1599.2438, 1599.2438, 955.39844, 717.85455, , 
65643.577073166, 001021, 1.5948743, 0.022305634, 4.25027, -0.40999204, 0.11411514, 0.5326133, -0.73157865, 1598.7919, 1598.7919, 955.3997, 717.854, , 
65643.593742083, 001022, 1.5903463, 0.022248153, 4.2511125, -0.4105528, 0.11381945, 0.5323922, -0.7314711, 1598.7919, 1598.7919, 955.40063, 717.85333, , 
65643.610411375, 001023, 1.5857457, 0.022147898, 4.252139, -0.41102278, 0.11344656, 0.5321149, -0.7314669, 1598.7919, 1598.7919, 955.4015, 717.8531, , 
65643.643749583, 001024, 1.5763206, 0.021764163, 4.254713, -0.41155642, 0.112749904, 0.5313855, -0.7318047, 1599.2438, 1599.2438, 955.40344, 717.85406, , 
65643.660418791, 001025, 1.571504, 0.021477897, 4.256204, -0.4117522, 0.11257667, 0.5309774, -0.7320175, 1599.2438, 1599.2438, 955.4041, 717.8548, , 
65643.67708775, 001026, 1.5670089, 0.02079314, 4.259176, -0.41214722, 0.11236307, 0.5305565, -0.73213315, 1599.2438, 1599.2438, 955.40497, 717.8553, , 
65643.693756916, 001027, 1.5621397, 0.020280715, 4.2614517, -0.41270652, 0.11202871, 0.530157, -0.73215866, 1599.2438, 1599.2438, 955.40625, 717.85535, , 
65643.727095291, 001028, 1.5518512, 0.019207973, 4.2657804, -0.41376895, 0.111022584, 0.52941, -0.73225284, 1599.2438, 1599.2438, 955.40845, 717.8553, , 
65643.743764291, 001029, 1.5465313, 0.018597037, 4.2680135, -0.41414592, 0.11068214, 0.52908105, -0.7323291, 1599.2438, 1599.2438, 955.4097, 717.8555, , 
65643.760433375, 001030, 1.5413744, 0.017406624, 4.271293, -0.41444433, 0.1104195, 0.52877283, -0.73242253, 1599.2438, 1599.2438, 955.4104, 717.8558, , 
65643.79377175, 001031, 1.5301194, 0.015666675, 4.276733, -0.41499364, 0.10998269, 0.527913, -0.7327973, 1599.2438, 1599.2438, 955.41205, 717.8569, , 
65643.810440916, 001032, 1.5242486, 0.01484834, 4.279394, -0.4153287, 0.10991066, 0.52744496, -0.7329552, 1599.2438, 1599.2438, 955.4131, 717.8577, , 
65643.827109916, 001033, 1.5183169, 0.0140698515, 4.282113, -0.41568002, 0.11001474, 0.527158, -0.73294693, 1599.2438, 1599.2438, 955.4136, 717.858, , 
65643.86044825, 001034, 1.5063837, 0.012645844, 4.2878823, -0.416379, 0.1106316, 0.52735496, -0.73231536, 1599.2438, 1599.2438, 955.4131, 717.85596, , 
65643.877117416, 001035, 1.5005533, 0.011856813, 4.291226, -0.41658226, 0.11100778, 0.5276187, -0.7319528, 1599.2438, 1599.2438, 955.4124, 717.85474, , 
65643.893786416, 001036, 1.4945848, 0.011023287, 4.2946787, -0.4165834, 0.11136085, 0.5278535, -0.7317292, 1599.2438, 1599.2438, 955.4118, 717.8539, , 
65643.927124708, 001037, 1.4821886, 0.009486202, 4.3015084, -0.41594535, 0.112246916, 0.52884567, -0.73124015, 1599.2438, 1599.2438, 955.4095, 717.85254, , 
65643.943793916, 001038, 1.4760125, 0.008798543, 4.3050256, -0.41556352, 0.112892404, 0.5297395, -0.7307108, 1599.2438, 1599.2438, 955.4077, 717.851, , 
65643.960463041, 001039, 1.4690608, 0.0075027165, 4.309123, -0.41523898, 0.113731034, 0.530787, -0.73000485, 1599.2438, 1599.2438, 955.40564, 717.8488, , 
65643.99380125, 001040, 1.4561614, 0.0060115717, 4.3168483, -0.41438603, 0.11545068, 0.5332535, -0.7284202, 1598.7919, 1598.7919, 955.39996, 717.84265, , 
65644.010470375, 001041, 1.4495326, 0.0053588706, 4.320761, -0.41390592, 0.115921274, 0.5340857, -0.72800857, 1598.7919, 1598.7919, 955.39795, 717.8409, , 
65644.027139541, 001042, 1.4426161, 0.0047064316, 4.324751, -0.41387847, 0.115898915, 0.53422314, -0.727927, 1598.7919, 1598.7919, 955.39716, 717.8401, , 
65644.060477708, 001043, 1.4281235, 0.003431674, 4.333071, -0.41551104, 0.11405577, 0.5325706, -0.7284987, 1599.2438, 1599.2438, 955.40063, 717.8413, , 
65644.077146791, 001044, 1.421596, 0.0026180781, 4.3373704, -0.41703388, 0.113036804, 0.53134173, -0.7286847, 1599.2438, 1599.2438, 955.4047, 717.84174, , 
65644.093816, 001045, 1.4147754, 0.002169941, 4.3414297, -0.41848767, 0.112435065, 0.5304154, -0.7286192, 1599.2438, 1599.2438, 955.40717, 717.8414, , 
65644.127154208, 001046, 1.4012481, 0.001534149, 4.348998, -0.41964376, 0.11245874, 0.52935994, -0.72871816, 1599.2438, 1599.2438, 955.40936, 717.84155, , 
65644.143823375, 001047, 1.3945584, 0.0011524111, 4.3526945, -0.41959348, 0.1124243, 0.52881515, -0.72914785, 1599.2438, 1599.2438, 955.41, 717.8429, , 
65644.160492541, 001048, 1.3879033, 0.00068222696, 4.3564305, -0.41936022, 0.11202717, 0.5281118, -0.72985244, 1599.2438, 1599.2438, 955.411, 717.84503, , 
65644.193830625, 001049, 1.3771622, -0.00011399388, 4.363705, -0.41894573, 0.11139362, 0.52683663, -0.7311081, 1599.2438, 1599.2438, 955.4136, 717.8502, , 
65644.210499791, 001050, 1.3713511, -0.0004956648, 4.3672338, -0.41890964, 0.111514345, 0.5264922, -0.73135847, 1599.2438, 1599.2438, 955.414, 717.85144, , 
65644.227168958, 001051, 1.3654671, -0.0008602813, 4.3706846, -0.41895354, 0.11178917, 0.5262134, -0.731492, 1599.2438, 1599.2438, 955.4141, 717.8523, , 
65644.260507125, 001052, 1.353679, -0.0015363392, 4.3772783, -0.41932756, 0.11265235, 0.52534455, -0.7317697, 1599.2438, 1599.2438, 955.4145, 717.8537, , 
65644.277176333, 001053, 1.3491063, -0.0016427822, 4.379908, -0.41954127, 0.113124326, 0.5247298, -0.73201543, 1599.2438, 1599.2438, 955.41486, 717.8546, , 
65644.293845458, 001054, 1.3435581, -0.0018310547, 4.3827763, -0.41989166, 0.11350486, 0.5239254, -0.73233175, 1599.2438, 1599.2438, 955.41565, 717.8563, , 
65644.327183833, 001055, 1.331615, -0.0021968223, 4.3886194, -0.42093477, 0.11333047, 0.5220477, -0.7331004, 1599.2438, 1599.2438, 955.41833, 717.85925, , 
65644.34385275, 001056, 1.325501, -0.0023546517, 4.3914886, -0.42150542, 0.11267796, 0.521178, -0.73349184, 1598.7919, 1598.7919, 955.4209, 717.86084, , 
65644.360521958, 001057, 1.319332, -0.0025138552, 4.394283, -0.42188132, 0.111718774, 0.52044785, -0.7339408, 1598.7919, 1598.7919, 955.42285, 717.862, , 
65644.393860291, 001058, 1.3079152, -0.0029905546, 4.3996263, -0.42170277, 0.108962744, 0.5195689, -0.7350796, 1598.7919, 1598.7919, 955.4268, 717.86505, , 
65644.41052925, 001059, 1.3018227, -0.0031362027, 4.402333, -0.42132956, 0.10740857, 0.51949805, -0.7355722, 1598.7919, 1598.7919, 955.429, 717.86664, , 
65644.427198375, 001060, 1.2956679, -0.0032719302, 4.405009, -0.42084384, 0.10587413, 0.5196437, -0.7359698, 1598.7919, 1598.7919, 955.4303, 717.8674, , 
65644.46053675, 001061, 1.2830068, -0.00372073, 4.410346, -0.42009577, 0.10242003, 0.5199473, -0.7366712, 1599.2438, 1599.2438, 955.4334, 717.8686, , 
65644.477205875, 001062, 1.2767696, -0.0039202534, 4.4132147, -0.419885, 0.100437395, 0.5201182, -0.7369437, 1599.2438, 1599.2438, 955.4352, 717.86884, , 
65644.493874916, 001063, 1.2702321, -0.0042721783, 4.4159603, -0.41970477, 0.0984371, 0.52033865, -0.7371605, 1599.2438, 1599.2438, 955.4369, 717.8689, , 
65644.527213208, 001064, 1.2567041, -0.005237658, 4.421243, -0.4189902, 0.09473691, 0.5210855, -0.73752415, 1599.2438, 1599.2438, 955.4402, 717.8686, , 
65644.543882416, 001065, 1.2497383, -0.005864423, 4.423817, -0.41829637, 0.09292983, 0.5215322, -0.7378322, 1599.2438, 1599.2438, 955.4412, 717.8687, , 
65644.560551375, 001066, 1.2426167, -0.006597861, 4.4264073, -0.4173255, 0.09090645, 0.52199453, -0.73830694, 1599.2438, 1599.2438, 955.4426, 717.86975, , 
65644.577220583, 001067, 1.2344718, -0.0070616524, 4.4296284, -0.41607615, 0.08842091, 0.5225373, -0.73892975, 1599.2438, 1599.2438, 955.4439, 717.871, , 
65644.610558916, 001068, 1.2193859, -0.008445688, 4.4354343, -0.4126124, 0.083156064, 0.5245524, -0.7400546, 1599.2438, 1599.2438, 955.44574, 717.8734, , 
65644.627228041, 001069, 1.212034, -0.009046562, 4.4382715, -0.41069102, 0.080772154, 0.5261957, -0.7402208, 1599.2438, 1599.2438, 955.44543, 717.8733, , 
65644.643897, 001070, 1.2046797, -0.009578481, 4.44114, -0.40879, 0.078396015, 0.52814645, -0.7401391, 1599.2438, 1599.2438, 955.44446, 717.8722, , 
65644.677235333, 001071, 1.1881373, -0.010303747, 4.4475865, -0.404042, 0.07277355, 0.532494, -0.7402055, 1599.2438, 1599.2438, 955.44226, 717.8695, , 
65644.6939045, 001072, 1.1798905, -0.010794833, 4.4508386, -0.40095305, 0.06957429, 0.5348646, -0.7404836, 1599.2438, 1599.2438, 955.4411, 717.86914, , 
65644.7105735, 001073, 1.1718924, -0.011359025, 4.454065, -0.39758956, 0.066268295, 0.53745675, -0.7407235, 1599.2438, 1599.2438, 955.4397, 717.8689, , 
65644.743911791, 001074, 1.1560489, -0.0123544, 4.4606013, -0.39082298, 0.059848692, 0.5432991, -0.7406089, 1599.2438, 1599.2438, 955.4352, 717.8662, , 
65644.760580916, 001075, 1.1479547, -0.012747977, 4.4639573, -0.3874601, 0.056631315, 0.5463614, -0.740376, 1599.2438, 1599.2438, 955.43286, 717.86426, , 
65644.777250125, 001076, 1.1385547, -0.013107639, 4.4681835, -0.38418093, 0.05266182, 0.5490817, -0.74036545, 1599.2438, 1599.2438, 955.4308, 717.8622, , 
65644.810588291, 001077, 1.1210144, -0.013763543, 4.4764137, -0.37885565, 0.041857414, 0.5535573, -0.7404665, 1599.2438, 1599.2438, 955.43274, 717.86053, , 
65644.827257416, 001078, 1.1127329, -0.013789371, 4.4805875, -0.37701413, 0.036007628, 0.556029, -0.7398618, 1599.2438, 1599.2438, 955.43567, 717.8571, , 
65644.843926583, 001079, 1.104895, -0.013561085, 4.484598, -0.3752855, 0.03072368, 0.5590877, -0.738673, 1599.2438, 1599.2438, 955.4369, 717.85254, , 
65644.860595583, 001080, 1.0969166, -0.013645947, 4.4891324, -0.37335667, 0.026206892, 0.56264615, -0.7371209, 1599.2438, 1599.2438, 955.4368, 717.8465, , 
65644.893933833, 001081, 1.0819234, -0.012965407, 4.4964323, -0.36759755, 0.018247152, 0.56985295, -0.73471534, 1599.2438, 1599.2438, 955.4332, 717.83405, , 
65644.910603083, 001082, 1.0743144, -0.0126433335, 4.4999275, -0.36378816, 0.013644884, 0.5726629, -0.73452646, 1599.2438, 1599.2438, 955.4321, 717.83215, , 
65644.927272208, 001083, 1.0666606, -0.012292836, 4.503507, -0.3598484, 0.008489052, 0.57490796, -0.734791, 1599.2438, 1599.2438, 955.43225, 717.8326, , 
65644.960610416, 001084, 1.0518298, -0.01118708, 4.5108604, -0.35295743, -0.0023871204, 0.5783593, -0.7354697, 1599.2438, 1599.2438, 955.4352, 717.8351, , 
65644.977279541, 001085, 1.0449667, -0.0101285055, 4.5149317, -0.35035178, -0.0073138843, 0.5800424, -0.73535764, 1599.2438, 1599.2438, 955.43726, 717.83527, , 
65644.993948708, 001086, 1.0385976, -0.008950893, 4.5185695, -0.34811765, -0.011502153, 0.58202535, -0.734798, 1598.7919, 1598.7919, 955.4382, 717.8337, , 
65645.027286916, 001087, 1.0271082, -0.006419882, 4.5253363, -0.34322134, -0.018810146, 0.5867438, -0.7331964, 1598.7919, 1598.7919, 955.438, 717.8285, , 
65645.043956041, 001088, 1.0218637, -0.0052060448, 4.528654, -0.34023666, -0.022500142, 0.5893403, -0.73240066, 1598.7919, 1598.7919, 955.4369, 717.825, , 
65645.060625166, 001089, 1.0160621, -0.0046819784, 4.5326834, -0.33697224, -0.026406875, 0.5919728, -0.731656, 1599.2438, 1599.2438, 955.436, 717.8227, , 
65645.093963375, 001090, 1.0065463, -0.003027819, 4.539882, -0.3294899, -0.034763712, 0.59747934, -0.7302371, 1599.2438, 1599.2438, 955.43353, 717.81793, , 
65645.1106325, 001091, 1.0022324, -0.0022401325, 4.5434666, -0.3256336, -0.03910394, 0.6001389, -0.7295662, 1599.2438, 1599.2438, 955.4326, 717.81616, , 
65645.127301625, 001092, 0.99808025, -0.0015489012, 4.54714, -0.32193235, -0.04359635, 0.60250425, -0.7290045, 1599.2438, 1599.2438, 955.432, 717.8148, , 
65645.160639791, 001093, 0.9916407, -0.00066907704, 4.555344, -0.3155131, -0.053241838, 0.6061005, -0.72818875, 1599.2438, 1599.2438, 955.43353, 717.81384, , 
65645.177308958, 001094, 0.98852456, -0.00024841353, 4.5594907, -0.31290862, -0.05797431, 0.6074848, -0.7277975, 1598.7919, 1598.7919, 955.4352, 717.81384, , 
65645.193978125, 001095, 0.9853933, 0.00022901631, 4.563503, -0.31069988, -0.06230827, 0.6087134, -0.7273591, 1598.7919, 1598.7919, 955.437, 717.8138, , 
65645.227316458, 001096, 0.97978055, 0.0012868196, 4.571133, -0.30696383, -0.069377206, 0.61087567, -0.7264922, 1598.7919, 1598.7919, 955.4404, 717.8132, , 
65645.243985458, 001097, 0.9773337, 0.0018548485, 4.574704, -0.30522475, -0.072010994, 0.6118918, -0.72611344, 1598.7919, 1598.7919, 955.4411, 717.8126, , 
65645.260654541, 001098, 0.97573376, 0.0018104501, 4.5790453, -0.30332664, -0.074374035, 0.6128052, -0.72590023, 1598.7919, 1598.7919, 955.44135, 717.8125, , 
65645.293992916, 001099, 0.9719551, 0.0023228414, 4.5861473, -0.29867694, -0.078516014, 0.6143117, -0.72611874, 1598.7919, 1598.7919, 955.4406, 717.8145, , 
65645.310661916, 001100, 0.9701697, 0.00260273, 4.589488, -0.296286, -0.08029829, 0.6150806, -0.72625244, 1598.7919, 1598.7919, 955.4396, 717.8161, , 
65645.327331083, 001101, 0.9684243, 0.0028588474, 4.5928164, -0.2942326, -0.082011886, 0.6157929, -0.7262922, 1598.7919, 1598.7919, 955.4388, 717.8168, , 
65645.360669375, 001102, 0.9651238, 0.003175702, 4.5994387, -0.2917314, -0.08576206, 0.61649626, -0.7262713, 1598.7919, 1598.7919, 955.44006, 717.81866, , 
65645.377338541, 001103, 0.9632617, 0.0027445224, 4.6034203, -0.29099992, -0.087020196, 0.61715335, -0.72585696, 1598.7919, 1598.7919, 955.4404, 717.8181, , 
65645.394007541, 001104, 0.96188736, 0.0027503595, 4.606513, -0.29001296, -0.08757452, 0.61812246, -0.72536045, 1598.7919, 1598.7919, 955.4397, 717.8165, , 
65645.427345875, 001105, 0.9591564, 0.0025780648, 4.6121316, -0.28695557, -0.08917773, 0.6192251, -0.7254407, 1598.7919, 1598.7919, 955.437, 717.81616, , 
65645.444014958, 001106, 0.95761395, 0.0022046193, 4.6150947, -0.2856847, -0.09103607, 0.6187751, -0.726095, 1598.7919, 1598.7919, 955.43774, 717.819, , 
65645.460684041, 001107, 0.95611733, 0.0017814077, 4.6180606, -0.2850953, -0.093102284, 0.61799467, -0.72672915, 1598.7919, 1598.7919, 955.4398, 717.8226, , 
65645.494022375, 001108, 0.9536567, 0.0011688657, 4.622117, -0.28596035, -0.09489381, 0.6174251, -0.7266417, 1598.7919, 1598.7919, 955.4442, 717.825, , 
65645.510691458, 001109, 0.9527956, 0.0011389811, 4.624129, -0.28655133, -0.09457963, 0.6178108, -0.72612166, 1598.7919, 1598.7919, 955.44446, 717.82324, , 
65645.527360666, 001110, 0.9519467, 0.0010631569, 4.6260657, -0.287066, -0.094142124, 0.6181106, -0.72572005, 1598.7919, 1598.7919, 955.44415, 717.82074, , 
65645.560698791, 001111, 0.9496975, 0.00051638857, 4.6293254, -0.287738, -0.09456119, 0.61762714, -0.72581106, 1598.7919, 1598.7919, 955.4452, 717.8207, , 
65645.577367958, 001112, 0.9485116, 0.000118397176, 4.6310787, -0.28778672, -0.0952799, 0.61714077, -0.7261115, 1598.7919, 1598.7919, 955.4469, 717.8226, , 
65645.594037041, 001113, 0.9474113, -0.00024355948, 4.6328783, -0.28773567, -0.09586863, 0.61680293, -0.7263412, 1598.7919, 1598.7919, 955.4479, 717.82385, , 
65645.627375208, 001114, 0.9454203, -0.0008214116, 4.636251, -0.28744745, -0.09658413, 0.6165233, -0.72659785, 1598.7919, 1598.7919, 955.4489, 717.82544, , 
65645.644044416, 001115, 0.9444753, -0.001112733, 4.637834, -0.28713936, -0.09699442, 0.61627305, -0.7268773, 1598.7919, 1598.7919, 955.4492, 717.8265, , 
65645.660713583, 001116, 0.94357353, -0.0014070794, 4.63936, -0.28667384, -0.097432956, 0.61588377, -0.7273322, 1598.7919, 1598.7919, 955.4496, 717.8281, , 
65645.69405175, 001117, 0.9422327, -0.0017030016, 4.640087, -0.28552496, -0.097881064, 0.61501276, -0.72846, 1598.7919, 1598.7919, 955.4501, 717.83295, , 
65645.710720916, 001118, 0.94168967, -0.001848843, 4.641156, -0.28521752, -0.09780286, 0.6146755, -0.7288755, 1598.7919, 1598.7919, 955.4501, 717.8345, , 
65645.727390041, 001119, 0.94123125, -0.0019672257, 4.6422396, -0.2851601, -0.097474374, 0.61438906, -0.7291834, 1598.7919, 1598.7919, 955.4498, 717.8359, , 
65645.760728166, 001120, 0.940475, -0.0020961314, 4.64398, -0.28597853, -0.0962267, 0.61376643, -0.7295529, 1598.7919, 1598.7919, 955.4497, 717.8368, , 
65645.777397333, 001121, 0.94012064, -0.0022149947, 4.644827, -0.28704095, -0.095371135, 0.6133427, -0.7296043, 1598.7919, 1598.7919, 955.44995, 717.8368, , 
65645.7940665, 001122, 0.93973166, -0.0023956858, 4.6456685, -0.28840163, -0.09440515, 0.61282974, -0.7296244, 1598.7919, 1598.7919, 955.45074, 717.83636, , 
65645.827404708, 001123, 0.9387496, -0.0030015674, 4.6471677, -0.29084373, -0.09292627, 0.6114145, -0.7300321, 1599.2438, 1599.2438, 955.4525, 717.83685, , 
65645.844073791, 001124, 0.93818676, -0.0033975393, 4.647753, -0.29176086, -0.09242681, 0.6105787, -0.730429, 1599.2438, 1599.2438, 955.4539, 717.8385, , 
65645.860742916, 001125, 0.9376265, -0.0037793815, 4.6481695, -0.29264602, -0.09183421, 0.6098036, -0.73079693, 1599.2438, 1599.2438, 955.45483, 717.83966, , 
65645.89408125, 001126, 0.9365018, -0.0043403283, 4.6483293, -0.29443815, -0.09021884, 0.60846615, -0.731393, 1599.2438, 1599.2438, 955.45624, 717.8415, , 
65645.910750291, 001127, 0.9359222, -0.004692234, 4.64822, -0.2954239, -0.08927485, 0.60774356, -0.731712, 1599.2438, 1599.2438, 955.45667, 717.8422, , 
65645.927419458, 001128, 0.9352726, -0.005081881, 4.6479855, -0.29659486, -0.08822317, 0.606866, -0.73209417, 1599.2438, 1599.2438, 955.4573, 717.8431, , 
65645.96075775, 001129, 0.9336071, -0.005201623, 4.646548, -0.29973188, -0.08591971, 0.6047459, -0.7328444, 1599.2438, 1599.2438, 955.45984, 717.84546, , 
65645.977426666, 001130, 0.93272114, -0.0054118335, 4.645735, -0.30167425, -0.084586345, 0.60356164, -0.7331787, 1599.2438, 1599.2438, 955.46124, 717.8464, , 
65645.994095875, 001131, 0.9317988, -0.0057758694, 4.644832, -0.30383575, -0.082844466, 0.602315, -0.73351014, 1599.2438, 1599.2438, 955.4625, 717.847, , 
65646.02743425, 001132, 0.9297351, -0.006728582, 4.642569, -0.30842137, -0.078737006, 0.5993778, -0.73445415, 1599.2438, 1599.2438, 955.46515, 717.849, , 
65646.044103375, 001133, 0.9285767, -0.0073261783, 4.641195, -0.31076398, -0.07659032, 0.59763277, -0.7351154, 1598.7919, 1598.7919, 955.46643, 717.8505, , 
65646.060772416, 001134, 0.9272362, -0.007866945, 4.6391263, -0.3132091, -0.074300624, 0.5956228, -0.7359436, 1598.7919, 1598.7919, 955.46844, 717.85315, , 
65646.094110625, 001135, 0.9244963, -0.009308778, 4.6352177, -0.31844524, -0.069338076, 0.5912184, -0.73773, 1598.7919, 1598.7919, 955.4718, 717.85785, , 
65646.110779875, 001136, 0.9230631, -0.010063708, 4.633085, -0.32135332, -0.06654531, 0.5888639, -0.73860884, 1598.7919, 1598.7919, 955.47424, 717.86115, , 
65646.127448833, 001137, 0.9215936, -0.010794282, 4.6307883, -0.32457966, -0.063450344, 0.5864209, -0.73941356, 1598.7919, 1598.7919, 955.47595, 717.8632, , 
65646.144117958, 001138, 0.92009085, -0.011490334, 4.6283603, -0.32813165, -0.060136452, 0.5838608, -0.7401484, 1598.7919, 1598.7919, 955.47797, 717.8651, , 
65646.177456208, 001139, 0.91597635, -0.012575615, 4.6228037, -0.33606666, -0.05263478, 0.5783411, -0.7414919, 1598.7919, 1598.7919, 955.48285, 717.8687, , 
65646.194125375, 001140, 0.9142961, -0.01309029, 4.619796, -0.34033546, -0.048253104, 0.57538325, -0.74214387, 1598.7919, 1598.7919, 955.4848, 717.8702, , 
65646.210794458, 001141, 0.912659, -0.013547931, 4.61665, -0.34467745, -0.043601215, 0.57234544, -0.7427766, 1598.7919, 1598.7919, 955.4866, 717.87164, , 
65646.24413275, 001142, 0.9094853, -0.014297724, 4.6100254, -0.35338393, -0.03401625, 0.5661822, -0.74390876, 1598.7919, 1598.7919, 955.4903, 717.87476, , 
65646.260801916, 001143, 0.9080009, -0.014551099, 4.6064577, -0.35778317, -0.028857745, 0.5631859, -0.74429834, 1599.2438, 1599.2438, 955.4916, 717.87573, , 
65646.277470916, 001144, 0.90642923, -0.014354218, 4.6025424, -0.36223632, -0.023226183, 0.5603654, -0.74447036, 1599.2438, 1599.2438, 955.4924, 717.8761, , 
65646.294140083, 001145, 0.9051011, -0.014300559, 4.5984907, -0.36702338, -0.017176881, 0.5573886, -0.74452454, 1599.2438, 1599.2438, 955.4926, 717.87585, , 
65646.327478333, 001146, 0.90262824, -0.014370363, 4.5897846, -0.37734413, -0.0041471263, 0.5504527, -0.74471205, 1599.2438, 1599.2438, 955.49365, 717.87585, , 
65646.344147541, 001147, 0.9014243, -0.014487445, 4.5850825, -0.38272482, 0.002772249, 0.5465037, -0.7448809, 1599.2438, 1599.2438, 955.49445, 717.8765, , 
65646.3608165, 001148, 0.90027523, -0.0149888955, 4.5804715, -0.38805965, 0.009799512, 0.54233, -0.7451119, 1599.2438, 1599.2438, 955.4953, 717.87744, , 
65646.377485625, 001149, 0.8991663, -0.015363831, 4.5754294, -0.3933576, 0.016956627, 0.53792155, -0.74540097, 1599.2438, 1599.2438, 955.49646, 717.87946, , 
65646.410823875, 001150, 0.8972952, -0.016114503, 4.5645566, -0.40368193, 0.031826485, 0.52879554, -0.7459244, 1599.2438, 1599.2438, 955.49805, 717.88324, , 
65646.427493, 001151, 0.89660335, -0.01647466, 4.5588694, -0.4088483, 0.039478485, 0.5242719, -0.745938, 1599.2438, 1599.2438, 955.49854, 717.8853, , 
65646.444162125, 001152, 0.89604783, -0.016839035, 4.5530515, -0.41412327, 0.047149215, 0.5197176, -0.74576974, 1599.2438, 1599.2438, 955.499, 717.8864, , 
65646.460831333, 001153, 0.8955832, -0.017234467, 4.547086, -0.41953006, 0.054820795, 0.5150622, -0.74545294, 1599.2438, 1599.2438, 955.49945, 717.88727, , 
65646.494169583, 001154, 0.89547634, -0.018065821, 4.5344367, -0.43063295, 0.070541516, 0.5052315, -0.74452686, 1599.2438, 1599.2438, 955.50134, 717.8893, , 
65646.510838583, 001155, 0.89532566, -0.018594567, 4.5279555, -0.43649104, 0.0786895, 0.49995273, -0.7438621, 1599.2438, 1599.2438, 955.5024, 717.8901, , 
65646.527507708, 001156, 0.8952539, -0.019142807, 4.521372, -0.44261834, 0.08697664, 0.49450412, -0.7429601, 1598.7919, 1598.7919, 955.5034, 717.89044, , 
65646.544176875, 001157, 0.89525723, -0.019728784, 4.5146775, -0.44890958, 0.09525942, 0.48887774, -0.7418924, 1598.7919, 1598.7919, 955.5052, 717.8905, , 
65646.577515083, 001158, 0.8957611, -0.021490738, 4.5018764, -0.46171346, 0.11178728, 0.4771048, -0.73938835, 1598.7919, 1598.7919, 955.50867, 717.8903, , 
65646.59418425, 001159, 0.89611053, -0.022252277, 4.494853, -0.46808243, 0.120144404, 0.47085297, -0.7380796, 1598.7919, 1598.7919, 955.51135, 717.8905, , 
65646.610853333, 001160, 0.89658123, -0.023040421, 4.487639, -0.47436202, 0.12853965, 0.46436217, -0.73676723, 1598.7919, 1598.7919, 955.51355, 717.891, , 
65646.6275225, 001161, 0.8972013, -0.02386354, 4.480252, -0.4805494, 0.13706747, 0.45766625, -0.73540896, 1598.7919, 1598.7919, 955.51575, 717.8918, , 
65646.660860625, 001162, 0.89914316, -0.025466658, 4.4650707, -0.49292406, 0.15430193, 0.4436871, -0.7323651, 1598.7919, 1598.7919, 955.5212, 717.894, , 
65646.677529833, 001163, 0.90033704, -0.026346594, 4.457313, -0.49921012, 0.16291113, 0.43643773, -0.73059654, 1598.7919, 1598.7919, 955.524, 717.89465, , 
65646.694198958, 001164, 0.9016578, -0.027267683, 4.449477, 0.50548476, -0.17149755, -0.42912978, 0.7286434, 1598.7919, 1598.7919, 955.5268, 717.8951, , 
65646.727537125, 001165, 0.9049041, -0.029079337, 4.433642, 0.5177662, -0.18878487, -0.41463915, 0.72412205, 1599.2438, 1599.2438, 955.53235, 717.89496, , 
65646.744206291, 001166, 0.9068345, -0.029957248, 4.4256597, 0.5237241, -0.1974153, -0.407435, 0.7216211, 1598.7919, 1598.7919, 955.53436, 717.8945, , 
65646.760875458, 001167, 0.90911645, -0.030984057, 4.4182153, 0.52956516, -0.20593108, -0.4002498, 0.71899456, 1598.7919, 1598.7919, 955.5369, 717.89374, , 
65646.794213791, 001168, 0.91399217, -0.032699935, 4.402513, 0.54077935, -0.22294973, -0.38589716, 0.7133964, 1598.7919, 1598.7919, 955.54016, 717.8924, , 
65646.810882708, 001169, 0.9166058, -0.033473175, 4.3946085, 0.546065, -0.23132241, -0.37884104, 0.7104804, 1599.6957, 1599.6957, 955.5419, 717.8914, , 
65646.827551916, 001170, 0.9192686, -0.034238346, 4.3867555, 0.5510609, -0.23939696, -0.3717745, 0.70767546, 1599.6957, 1599.6957, 955.5433, 717.89105, , 
65646.860890208, 001171, 0.9247278, -0.035729937, 4.3713446, 0.560228, -0.2545533, -0.3576524, 0.70244706, 1599.6957, 1599.6957, 955.54785, 717.89166, , 
65646.877559208, 001172, 0.92805666, -0.036375914, 4.3641014, 0.5643971, -0.26180986, -0.3507671, 0.6999098, 1601.9552, 1601.9552, 955.55005, 717.8922, , 
65646.9108975, 001173, 0.9343401, -0.037659865, 4.34959, 0.57225233, -0.27623567, -0.33714753, 0.69466007, 1601.9552, 1601.9552, 955.5542, 717.89374, , 
65646.927566625, 001174, 0.9375445, -0.038293727, 4.3425035, 0.57583714, -0.28334895, -0.33042863, 0.69205624, 1601.9552, 1601.9552, 955.5557, 717.8947, , 
65646.944235791, 001175, 0.94079834, -0.038913853, 4.3355894, 0.5791352, -0.29030734, -0.32387894, 0.68951184, 1604.2147, 1604.2147, 955.55725, 717.896, , 
65646.96090475, 001176, 0.9437468, -0.039383054, 4.32917, 0.581953, -0.29660955, -0.31809884, 0.6871437, 1604.2147, 1604.2147, 955.55853, 717.8973, , 
65646.977573958, 001177, 0.94694734, -0.039912872, 4.322671, 0.58481723, -0.3030393, -0.31215468, 0.68462783, 1604.2147, 1604.2147, 955.55994, 717.8988, , 
65646.994243083, 001178, 0.95022583, -0.04045584, 4.3162365, 0.58770037, -0.30938014, -0.3061344, 0.6820365, 1604.2147, 1604.2147, 955.5611, 717.8998, , 
65647.027581291, 001179, 0.9567496, -0.041447863, 4.303735, 0.59367234, -0.32167912, -0.2939884, 0.67649573, 1606.0223, 1606.0223, 955.5641, 717.901, , 
65647.044250416, 001180, 0.9599431, -0.04183229, 4.297684, 0.5969229, -0.32753003, -0.28789294, 0.6734425, 1606.0223, 1606.0223, 955.5656, 717.9005, , 
65647.060919583, 001181, 0.96309, -0.04214497, 4.2917304, 0.60023296, -0.3331752, -0.2818665, 0.670273, 1606.0223, 1606.0223, 955.56714, 717.8995, , 
65647.077588666, 001182, 0.96610796, -0.043004327, 4.284887, 0.60371745, -0.3392366, -0.27531508, 0.6668173, 1608.7338, 1608.7338, 955.5692, 717.8978, , 
65647.110926916, 001183, 0.9720915, -0.043618787, 4.273003, 0.6097636, -0.3496382, -0.2640569, 0.66046613, 1608.7338, 1608.7338, 955.57166, 717.895, , 
65647.127596, 001184, 0.9750286, -0.043709017, 4.2673445, 0.6124602, -0.354461, -0.25900897, 0.6573919, 1608.7338, 1608.7338, 955.5728, 717.89294, , 
65647.144265166, 001185, 0.9779445, -0.043723088, 4.261746, 0.61486393, -0.35924256, -0.2542826, 0.654391, 1610.5414, 1610.5414, 955.57306, 717.8917, , 
65647.177603291, 001186, 0.9840276, -0.04280287, 4.2505865, 0.6188173, -0.36878744, -0.24554163, 0.6486679, 1610.9933, 1610.9933, 955.57227, 717.89, , 
65647.194272458, 001187, 0.98683965, -0.042535335, 4.2452126, 0.62040794, -0.37337866, -0.24166712, 0.64597166, 1610.9933, 1610.9933, 955.5714, 717.8898, , 
65647.210941583, 001188, 0.98957455, -0.0422292, 4.2399583, 0.6218504, -0.37781906, -0.23808557, 0.6433273, 1613.2528, 1613.2528, 955.57025, 717.8895, , 
65647.22761075, 001189, 0.9922384, -0.04184647, 4.2348347, 0.6232811, -0.38211742, -0.23478314, 0.64061195, 1613.2528, 1613.2528, 955.5683, 717.8889, , 
65647.260948958, 001190, 0.99725306, -0.04098294, 4.2249146, 0.6259614, -0.3902437, -0.22875983, 0.63525665, 1612.8009, 1612.8009, 955.5647, 717.8872, , 
65647.277618083, 001191, 0.99859345, -0.03986945, 4.220258, 0.626918, -0.39400366, -0.22606416, 0.6329533, 1615.9642, 1615.9642, 955.5629, 717.88684, , 
65647.29428725, 001192, 1.0003551, -0.039275136, 4.2155113, 0.6276732, -0.39765152, -0.22339426, 0.6308682, 1615.9642, 1615.9642, 955.561, 717.8873, , 
65647.310956291, 001193, 1.0021003, -0.038847476, 4.2107863, 0.6282943, -0.40105453, -0.2208793, 0.62897843, 1615.9642, 1615.9642, 955.5598, 717.88806, , 
65647.3442945, 001194, 1.0051334, -0.038052298, 4.2015624, 0.6293105, -0.40707543, -0.21669996, 0.62553895, 1610.9933, 1610.9933, 955.55676, 717.8894, , 
65647.360963666, 001195, 1.006354, -0.03761582, 4.1971135, 0.62979925, -0.40965486, -0.2149771, 0.6239555, 1610.9933, 1610.9933, 955.55536, 717.88965, , 
65647.377632791, 001196, 1.0067145, -0.036442, 4.193677, 0.6302774, -0.41190422, -0.21346837, 0.62250835, 1610.9933, 1610.9933, 955.5541, 717.8897, , 
65647.394301833, 001197, 1.0069284, -0.035339545, 4.1901894, 0.63066226, -0.413889, -0.21216993, 0.6212446, 1610.9933, 1610.9933, 955.5526, 717.8899, , 
65647.427640125, 001198, 1.0076038, -0.033887796, 4.182267, 0.63108295, -0.4174531, -0.21062155, 0.6189554, 1610.9933, 1610.9933, 955.54956, 717.89, , 
65647.444309291, 001199, 1.0077922, -0.033199932, 4.178237, 0.6311857, -0.41911665, -0.21037246, 0.6178101, 1610.9933, 1610.9933, 955.54736, 717.88983, , 
65647.460978416, 001200, 1.0077828, -0.03254187, 4.174168, 0.63117707, -0.42061442, -0.210272, 0.61683446, 1610.9933, 1610.9933, 955.5443, 717.88965, , 
65647.477647333, 001201, 1.0075843, -0.031576443, 4.170494, 0.63100225, -0.42179513, -0.21033503, 0.61618525, 1610.9933, 1610.9933, 955.54236, 717.88995, , 
65647.51098575, 001202, 1.0065311, -0.02995432, 4.162574, 0.63005847, -0.42396083, -0.21117043, 0.6153783, 1610.9933, 1610.9933, 955.5377, 717.8919, , 
65647.527654916, 001203, 1.0056984, -0.029261269, 4.158354, 0.62951106, -0.4249419, -0.21192047, 0.61500406, 1611.4452, 1611.4452, 955.5353, 717.8927, , 
65647.544323833, 001204, 1.0046344, -0.028598953, 4.154078, 0.6290277, -0.42565334, -0.21276096, 0.61471623, 1611.4452, 1611.4452, 955.53284, 717.8932, , 
65647.560993083, 001205, 1.0033096, -0.027982373, 4.149762, 0.62863374, -0.4259846, -0.21361427, 0.61459404, 1611.4452, 1611.4452, 955.5303, 717.8935, , 
65647.594331291, 001206, 0.999732, -0.026762206, 4.1409707, 0.6282174, -0.42560384, -0.21545154, 0.61464196, 1610.9933, 1610.9933, 955.52783, 717.89294, , 
65647.6110005, 001207, 0.9977802, -0.026177987, 4.1365867, 0.62816876, -0.42520267, -0.21649063, 0.6146044, 1610.9933, 1610.9933, 955.5262, 717.8917, , 
65647.627669458, 001208, 0.995733, -0.02564089, 4.1321654, 0.628035, -0.42476922, -0.21772178, 0.6146058, 1610.9933, 1610.9933, 955.5247, 717.8906, , 
65647.644338666, 001209, 0.99357545, -0.0251549, 4.1277003, 0.62776935, -0.42426145, -0.21921204, 0.61469805, 1610.9933, 1610.9933, 955.5231, 717.8897, , 
65647.677676916, 001210, 0.98901594, -0.024548784, 4.118403, 0.62693983, -0.4228463, -0.22292513, 0.6151845, 1610.9933, 1610.9933, 955.51855, 717.8876, , 
65647.694345916, 001211, 0.9865606, -0.024223946, 4.113775, 0.62661165, -0.4220195, -0.22506322, 0.61530805, 1610.9933, 1610.9933, 955.51624, 717.8861, , 
65647.711015083, 001212, 0.9839221, -0.02386573, 4.1091704, 0.6263567, -0.42102084, -0.22722346, 0.6154577, 1609.1857, 1609.1857, 955.51385, 717.8844, , 
65647.727684208, 001213, 0.9810757, -0.023537796, 4.104531, 0.62605166, -0.41978198, -0.22939463, 0.6158086, 1609.1857, 1609.1857, 955.51135, 717.8821, , 
65647.7610225, 001214, 0.9747231, -0.023101602, 4.095113, 0.6249036, -0.41630837, -0.23377046, 0.61768454, 1609.6376, 1609.6376, 955.50934, 717.88025, , 
65647.7776915, 001215, 0.97173756, -0.023433741, 4.0901785, 0.6242037, -0.4142453, -0.23597667, 0.61893916, 1607.378, 1607.378, 955.5089, 717.8796, , 
65647.794360708, 001216, 0.96835077, -0.02344513, 4.0854764, 0.62364787, -0.41194946, -0.23827907, 0.6201484, 1607.378, 1607.378, 955.50867, 717.87866, , 
65647.811029833, 001217, 0.964784, -0.023331624, 4.0809665, 0.6232835, -0.4094389, -0.24070625, 0.62123907, 1607.378, 1607.378, 955.5083, 717.87714, , 
65647.844367916, 001218, 0.95740724, -0.023026373, 4.072348, 0.6228505, -0.40406778, -0.24578872, 0.6231967, 1605.1185, 1605.1185, 955.5075, 717.8719, , 
65647.861037083, 001219, 0.9537702, -0.022973463, 4.0680556, 0.62254083, -0.40133017, -0.24845123, 0.62421864, 1605.1185, 1605.1185, 955.507, 717.8694, , 
65647.87770625, 001220, 0.9499999, -0.022898484, 4.063952, 0.6221618, -0.3986004, -0.2512097, 0.6252408, 1605.1185, 1605.1185, 955.50635, 717.8662, , 
65647.894375416, 001221, 0.94616336, -0.022813722, 4.059981, 0.62172085, -0.3959409, -0.25406522, 0.62621474, 1605.1185, 1605.1185, 955.5055, 717.864, , 
65647.911044583, 001222, 0.9422332, -0.02270567, 4.05614, 0.62122744, -0.3933184, -0.25701627, 0.62715214, 1602.859, 1602.859, 955.50446, 717.86176, , 
65647.94438275, 001223, 0.93382996, -0.022524767, 4.0488873, 0.6200259, -0.38749656, -0.26280054, 0.62956345, 1602.859, 1602.859, 955.50305, 717.85706, , 
65647.961051833, 001224, 0.928366, -0.022658676, 4.0455832, 0.61910474, -0.3840924, -0.2654468, 0.631443, 1602.859, 1602.859, 955.50366, 717.85614, , 
65647.977721, 001225, 0.9233251, -0.022736344, 4.0424333, 0.61811966, -0.38046774, -0.26803088, 0.63350755, 1600.5995, 1600.5995, 955.5054, 717.8555, , 
65647.99439, 001226, 0.9183811, -0.022774689, 4.039528, 0.61712617, -0.37679458, -0.27066028, 0.63555026, 1600.5995, 1600.5995, 955.5068, 717.85516, , 
65648.027728375, 001227, 0.90864295, -0.022718135, 4.0344377, 0.61520267, -0.37011096, -0.27621397, 0.638944, 1600.5995, 1600.5995, 955.5082, 717.8537, , 
65648.044397458, 001228, 0.90371174, -0.02268055, 4.032199, 0.6141266, -0.36709058, -0.27909958, 0.64046574, 1598.34, 1598.34, 955.5082, 717.85266, , 
65648.061066625, 001229, 0.8983259, -0.022864427, 4.030637, 0.6129238, -0.3640875, -0.28195474, 0.64207953, 1598.34, 1598.34, 955.5082, 717.85223, , 
65648.077735583, 001230, 0.8929264, -0.022942554, 4.0289574, 0.6116917, -0.36094746, -0.28472048, 0.64380455, 1598.34, 1598.34, 955.5083, 717.852, , 
65648.111073916, 001231, 0.8819211, -0.022894703, 4.025855, 0.60954803, -0.3548737, -0.289721, 0.64697564, 1595.6285, 1595.6285, 955.5097, 717.85144, , 
65648.127743, 001232, 0.87635523, -0.022761926, 4.0244813, 0.6086335, -0.35222322, -0.292127, 0.64820206, 1595.6285, 1595.6285, 955.5098, 717.8508, , 
65648.144412125, 001233, 0.87075603, -0.022557061, 4.023246, 0.6077646, -0.34986347, -0.29467273, 0.64914215, 1595.6285, 1595.6285, 955.5092, 717.84955, , 
65648.161081166, 001234, 0.8651398, -0.022595294, 4.022158, 0.60704416, -0.3477348, -0.29741773, 0.6497081, 1596.0804, 1596.0804, 955.5078, 717.84766, , 
65648.194419458, 001235, 0.8535387, -0.022174325, 4.0202594, 0.60616404, -0.34355357, -0.3030657, 0.65014404, 1593.8209, 1593.8209, 955.5042, 717.84174, , 
65648.211088625, 001236, 0.84740245, -0.022078853, 4.0193696, 0.60569865, -0.34116462, -0.3057389, 0.650584, 1593.8209, 1593.8209, 955.5026, 717.838, , 
65648.227757625, 001237, 0.84105253, -0.022114187, 4.0184817, 0.60518116, -0.33870795, -0.30827206, 0.6511536, 1593.8209, 1593.8209, 955.5019, 717.83563, , 
65648.261096, 001238, 0.8277596, -0.022909295, 4.0167103, 0.60399646, -0.3338585, -0.31297976, 0.6525108, 1588.85, 1588.85, 955.50085, 717.831, , 
65648.277765125, 001239, 0.820813, -0.023497436, 4.0156894, 0.6032281, -0.33141562, -0.31511673, 0.6534378, 1588.85, 1588.85, 955.50085, 717.82983, , 
65648.294434041, 001240, 0.8137058, -0.024165008, 4.014554, 0.6022954, -0.32908347, -0.3171851, 0.6544753, 1588.85, 1588.85, 955.501, 717.82916, , 
65648.31110325, 001241, 0.80642015, -0.024942793, 4.0133615, 0.601188, -0.32684374, -0.3192276, 0.65562177, 1605.1185, 1605.1185, 955.5011, 717.82904, , 
65648.3444415, 001242, 0.7913634, -0.026723206, 4.010925, 0.5990832, -0.32278323, -0.3230731, 0.6576732, 1605.1185, 1605.1185, 955.501, 717.8293, , 
65648.361110708, 001243, 0.7837152, -0.027926337, 4.0095663, 0.5982784, -0.32113197, -0.32496554, 0.6582816, 1605.1185, 1605.1185, 955.5002, 717.8284, , 
65648.377779708, 001244, 0.7759612, -0.028907359, 4.008308, 0.5976498, -0.31992808, -0.3269291, 0.6584664, 1605.1185, 1605.1185, 955.4989, 717.82715, , 
65648.411118, 001245, 0.75994176, -0.030718679, 4.005912, 0.5964743, -0.31825176, -0.3310893, 0.6582659, 1605.1185, 1605.1185, 955.4939, 717.823, , 
65648.427787083, 001246, 0.7515966, -0.031613536, 4.004753, 0.5958374, -0.31750083, -0.3332017, 0.6581394, 1605.1185, 1605.1185, 955.4917, 717.8213, , 
65648.444456125, 001247, 0.74310946, -0.032376584, 4.0036864, 0.59537506, -0.31687346, -0.33557338, 0.65765506, 1605.1185, 1605.1185, 955.489, 717.8189, , 
65648.477794458, 001248, 0.7248384, -0.034010246, 4.000923, 0.59461284, -0.31599143, -0.34148553, 0.6557229, 1605.5704, 1605.5704, 955.4798, 717.8099, , 
65648.494463625, 001249, 0.7160006, -0.03442575, 3.999953, 0.5942163, -0.3156966, -0.3446139, 0.6545869, 1605.1185, 1605.1185, 955.4753, 717.8054, , 
65648.511132541, 001250, 0.7072099, -0.0346504, 3.9990532, 0.5939532, -0.31559426, -0.3477119, 0.6532352, 1605.1185, 1605.1185, 955.4709, 717.80084, , 
65648.52780175, 001251, 0.69862294, -0.03457478, 3.998183, 0.59401464, -0.31616485, -0.3509563, 0.65116507, 1605.1185, 1605.1185, 955.46375, 717.7933, , 
65648.56114, 001252, 0.68069994, -0.034046754, 3.9953437, 0.5949259, -0.3200296, -0.35738823, 0.64491695, 1605.5704, 1605.5704, 955.44934, 717.7783, , 
65648.577809083, 001253, 0.6718379, -0.033671297, 3.9937413, 0.5953271, -0.32216656, -0.35951033, 0.6422979, 1605.1185, 1605.1185, 955.4411, 717.7705, , 
65648.594478125, 001254, 0.66312456, -0.033189815, 3.9921646, 0.59575886, -0.3240236, -0.3607375, 0.64027214, 1605.1185, 1605.1185, 955.4368, 717.7666, , 
65648.627816416, 001255, 0.6463553, -0.031509206, 3.9892304, 0.59728813, -0.32842508, -0.36227348, 0.63572145, 1605.1185, 1605.1185, 955.4281, 717.75775, , 
65648.644485583, 001256, 0.63826984, -0.03043136, 3.987861, 0.59815174, -0.33071926, -0.36277914, 0.63342756, 1605.1185, 1605.1185, 955.4244, 717.7539, , 
65648.661154541, 001257, 0.6296208, -0.029456532, 3.9856892, 0.5989067, -0.33244106, -0.36273155, 0.63183814, 1605.5704, 1605.5704, 955.4218, 717.75116, , 
65648.67782375, 001258, 0.62133855, -0.028685197, 3.984033, 0.599695, -0.33342043, -0.36196163, 0.63101536, 1605.1185, 1605.1185, 955.421, 717.74945, , 
65648.711162083, 001259, 0.6047899, -0.028027065, 3.980864, 0.60142016, -0.3331325, -0.35873604, 0.6313675, 1604.6666, 1604.6666, 955.4249, 717.7501, , 
65648.727831166, 001260, 0.596383, -0.028127357, 3.9792016, 0.6023418, -0.33204663, -0.35687026, 0.6321178, 1604.6666, 1604.6666, 955.4297, 717.75134, , 
65648.744500166, 001261, 0.5878563, -0.02849845, 3.977486, 0.6030379, -0.33033404, -0.35512164, 0.63333505, 1602.4071, 1602.4071, 955.43414, 717.75256, , 
65648.761169333, 001262, 0.57875425, -0.02890169, 3.9748478, 0.6033193, -0.32841435, -0.35364965, 0.6348872, 1602.4071, 1602.4071, 955.4388, 717.7544, , 
65648.777838458, 001263, 0.56996477, -0.029606802, 3.9725757, 0.6032866, -0.3264599, -0.35205424, 0.63680995, 1602.859, 1602.859, 955.4434, 717.7571, , 
65648.794507666, 001264, 0.56120247, -0.030512339, 3.9703174, 0.6030861, -0.32442015, -0.35005605, 0.63913953, 1602.4071, 1602.4071, 955.4504, 717.7626, , 
65648.827845708, 001265, 0.54370475, -0.032446638, 3.9658282, 0.60262835, -0.3197784, -0.345246, 0.64450437, 1600.1476, 1600.1476, 955.46356, 717.773, , 
65648.844514916, 001266, 0.5352592, -0.033184238, 3.9637077, 0.602177, -0.31772205, -0.3434077, 0.646921, 1600.1476, 1600.1476, 955.47156, 717.7796, , 
65648.861184083, 001267, 0.52727866, -0.03339966, 3.9615605, 0.6014248, -0.31618506, -0.34266087, 0.64876705, 1600.5995, 1600.5995, 955.4755, 717.7837, , 
65648.877853166, 001268, 0.5196944, -0.033411343, 3.9597886, 0.6007817, -0.31523225, -0.34264618, 0.6498333, 1598.34, 1598.34, 955.4776, 717.7862, , 
65648.911191333, 001269, 0.50523007, -0.032796033, 3.9569664, 0.60016656, -0.31416363, -0.34385672, 0.6502798, 1598.34, 1598.34, 955.4776, 717.7867, , 
65648.927860458, 001270, 0.49803585, -0.032410845, 3.9557, 0.60006905, -0.3136375, -0.3443933, 0.65033984, 1598.34, 1598.34, 955.4775, 717.786, , 
65648.944529666, 001271, 0.4907086, -0.032091647, 3.954457, 0.59995925, -0.31294134, -0.34477577, 0.6505738, 1595.6285, 1595.6285, 955.4777, 717.7855, , 
65648.961198666, 001272, 0.48254085, -0.031514745, 3.953141, 0.5997953, -0.3119567, -0.34515503, 0.6509966, 1595.6285, 1595.6285, 955.4785, 717.7854, , 
65648.994536916, 001273, 0.46702963, -0.030987624, 3.9507003, 0.5991754, -0.30971166, -0.34644887, 0.6519513, 1595.6285, 1595.6285, 955.4799, 717.7852, , 
65649.011206125, 001274, 0.45933676, -0.030797644, 3.949511, 0.59866494, -0.30853355, -0.34759936, 0.6523665, 1593.369, 1593.369, 955.4799, 717.7846, , 
65649.02787525, 001275, 0.45156583, -0.030656962, 3.9483213, 0.59803456, -0.30722672, -0.34895858, 0.6528357, 1593.369, 1593.369, 955.4796, 717.7841, , 
65649.061213333, 001276, 0.43465933, -0.030135587, 3.945849, 0.5964308, -0.3041098, -0.3517906, 0.6542406, 1593.369, 1593.369, 955.4796, 717.7837, , 
65649.077882541, 001277, 0.42607248, -0.03007341, 3.9445343, 0.5955305, -0.30240962, -0.3531641, 0.6551084, 1589.3019, 1589.3019, 955.4799, 717.784, , 
65649.094551708, 001278, 0.41753307, -0.030154575, 3.943166, 0.59463316, -0.30070907, -0.35461596, 0.65592146, 1589.3019, 1589.3019, 955.48016, 717.7842, , 
65649.111220708, 001279, 0.40894407, -0.030277994, 3.94177, 0.5937831, -0.29896626, -0.35620895, 0.65662473, 1589.3019, 1589.3019, 955.48016, 717.78394, , 
65649.127889791, 001280, 0.4003113, -0.03038294, 3.9403527, 0.5930557, -0.29731163, -0.35792324, 0.657101, 1589.3019, 1589.3019, 955.4799, 717.7831, , 
65649.161228083, 001281, 0.3822302, -0.029997025, 3.9370792, 0.59184027, -0.29458946, -0.36141947, 0.65750897, 1597.8881, 1597.8881, 955.4781, 717.7799, , 
65649.177897291, 001282, 0.37323338, -0.029893452, 3.9353728, 0.5910125, -0.29359215, -0.36323184, 0.65770084, 1597.8881, 1597.8881, 955.4767, 717.7789, , 
65649.19456625, 001283, 0.36430216, -0.029954964, 3.9336367, 0.5897542, -0.2927675, -0.36515778, 0.65813136, 1597.8881, 1597.8881, 955.4749, 717.77856, , 
65649.211235416, 001284, 0.35533738, -0.030108217, 3.9318776, 0.58794177, -0.29197818, -0.36733997, 0.6588889, 1597.4362, 1597.4362, 955.47217, 717.7797, , 
65649.24457375, 001285, 0.3374929, -0.030325888, 3.9284084, 0.5835177, -0.29068223, -0.37276608, 0.6603456, 1597.4362, 1597.4362, 955.466, 717.7822, , 
65649.261242708, 001286, 0.32841617, -0.029662473, 3.9262426, 0.5811589, -0.29025206, -0.37597284, 0.6607969, 1597.4362, 1597.4362, 955.4619, 717.7827, , 
65649.277911833, 001287, 0.3192245, -0.029470388, 3.9242582, 0.5785592, -0.28967848, -0.37907013, 0.6615598, 1597.8881, 1597.8881, 955.45654, 717.7839, , 
65649.294581, 001288, 0.30966923, -0.029536784, 3.922269, 0.5757589, -0.2885812, -0.3816061, 0.66302294, 1597.8881, 1597.8881, 955.4538, 717.78644, , 
65649.311250083, 001289, 0.2996915, -0.02971929, 3.920293, 0.5731444, -0.2867197, -0.38336396, 0.6650784, 1597.8881, 1597.8881, 955.4528, 717.7902, , 
65649.34458825, 001290, 0.27921098, -0.029844139, 3.9166865, 0.5695559, -0.28132826, -0.3855382, 0.6691941, 1597.8881, 1597.8881, 955.45636, 717.79816, , 
65649.361257375, 001291, 0.26916075, -0.029508786, 3.9147208, 0.5686494, -0.27865842, -0.38673285, 0.6703917, 1597.4362, 1597.4362, 955.45807, 717.79913, , 
65649.377926583, 001292, 0.25946733, -0.028915852, 3.9130142, 0.5680949, -0.27650625, -0.38827345, 0.6708624, 1597.4362, 1597.4362, 955.459, 717.79834, , 
65649.394595666, 001293, 0.24992366, -0.028158166, 3.9113219, 0.5674866, -0.27478075, -0.38991448, 0.67113423, 1597.4362, 1597.4362, 955.45886, 717.79626, , 
65649.427933791, 001294, 0.23043975, -0.02649637, 3.907702, 0.56509864, -0.27117953, -0.39219633, 0.6732807, 1597.4362, 1597.4362, 955.4592, 717.7971, , 
65649.444603, 001295, 0.22038543, -0.025568128, 3.905936, 0.5634585, -0.26860306, -0.3926572, 0.6754163, 1597.4362, 1597.4362, 955.46204, 717.80164, , 
65649.461272166, 001296, 0.21012346, -0.024656858, 3.9038656, 0.56191033, -0.26559693, -0.3930929, 0.6776378, 1597.4362, 1597.4362, 955.465, 717.8055, , 
65649.477941333, 001297, 0.20048738, -0.023184467, 3.9023535, 0.5606058, -0.26289567, -0.39405325, 0.679212, 1597.4362, 1597.4362, 955.46796, 717.8085, , 
65649.511279416, 001298, 0.18300383, -0.019050729, 3.9001808, 0.5577773, -0.25933093, -0.39862496, 0.6802426, 1597.4362, 1597.4362, 955.4663, 717.8075, , 
65649.527948583, 001299, 0.1749125, -0.01673546, 3.8993206, 0.55603576, -0.2581968, -0.40174457, 0.68026465, 1597.4362, 1597.4362, 955.4631, 717.8059, , 
65649.544617666, 001300, 0.16704488, -0.014508221, 3.8985271, 0.55403155, -0.25715265, -0.40485397, 0.6804518, 1597.8881, 1597.8881, 955.45856, 717.80426, , 
65649.577955875, 001301, 0.14978151, -0.010631535, 3.8970098, 0.5492069, -0.2551156, -0.41173366, 0.68100154, 1597.8881, 1597.8881, 955.45087, 717.8032, , 
65649.594624916, 001302, 0.14197409, -0.008768819, 3.896697, 0.54686517, -0.25408274, -0.41538933, 0.6810522, 1597.8881, 1597.8881, 955.4453, 717.8015, , 
65649.611294166, 001303, 0.13423051, -0.0070647257, 3.8965585, 0.5448648, -0.2529373, -0.4187687, 0.6810124, 1597.4362, 1597.4362, 955.4416, 717.7997, , 
65649.644632333, 001304, 0.11851311, -0.004317995, 3.896702, 0.5416745, -0.24978313, -0.42394015, 0.6815217, 1597.4362, 1597.4362, 955.4367, 717.7965, , 
65649.661301375, 001305, 0.10920148, -0.0033728252, 3.8963737, 0.5402186, -0.2480626, -0.42565003, 0.6822396, 1597.4362, 1597.4362, 955.436, 717.7964, , 
65649.694639666, 001306, 0.093067214, -0.0016733967, 3.8965993, 0.53766596, -0.24528487, -0.427807, 0.6839091, 1597.4362, 1597.4362, 955.4357, 717.7982, , 
65649.711308708, 001307, 0.085488945, -0.0009064488, 3.8968918, 0.5368474, -0.24424788, -0.4282896, 0.6846209, 1597.4362, 1597.4362, 955.4361, 717.79987, , 
65649.727977833, 001308, 0.078137696, -0.0001633875, 3.8972802, 0.5363627, -0.24347809, -0.428517, 0.6851326, 1597.4362, 1597.4362, 955.4367, 717.8007, , 
65649.761316166, 001309, 0.06337861, 0.0005909313, 3.897592, 0.5354833, -0.24286194, -0.42909923, 0.68567437, 1597.4362, 1597.4362, 955.4367, 717.8019, , 
65649.777985333, 001310, 0.056272194, 0.0009635802, 3.8978996, 0.5348649, -0.2429062, -0.42953417, 0.68586916, 1597.4362, 1597.4362, 955.436, 717.8024, , 
65649.794654333, 001311, 0.04927258, 0.0013539977, 3.8983698, 0.5340963, -0.24301398, -0.42999196, 0.6861431, 1597.4362, 1597.4362, 955.43506, 717.80316, , 
65649.827992583, 001312, 0.035060972, 0.001805421, 3.8995216, 0.5322328, -0.24318008, -0.43082273, 0.68701047, 1597.8881, 1597.8881, 955.4332, 717.80634, , 
65649.84466175, 001313, 0.027739365, 0.0018317252, 3.900202, 0.53110546, -0.24321318, -0.43134022, 0.6875463, 1597.8881, 1597.8881, 955.4324, 717.80804, , 
65649.877999875, 001314, 0.011000754, 0.0008165237, 3.9022448, 0.5288867, -0.24280383, -0.43270048, 0.68854576, 1597.8881, 1597.8881, 955.4303, 717.8115, , 
65649.894669, 001315, 0.002884945, 0.00037099048, 3.9032402, 0.52811474, -0.24236785, -0.4332855, 0.6889239, 1597.8881, 1597.8881, 955.4297, 717.8124, , 
65649.911338125, 001316, -0.0054199123, -0.00017517469, 3.904313, 0.52762794, -0.24172364, -0.43372303, 0.68924785, 1597.8881, 1597.8881, 955.42957, 717.81287, , 
65649.94467625, 001317, -0.022700574, -0.0016094446, 3.9068031, 0.52705, -0.24013628, -0.43428925, 0.6898881, 1597.8881, 1597.8881, 955.43054, 717.81323, , 
65649.961345375, 001318, -0.03161565, -0.002477672, 3.9081964, 0.5269507, -0.23948045, -0.43432677, 0.6901684, 1597.8881, 1597.8881, 955.43146, 717.81354, , 
65649.994683708, 001319, -0.049526755, -0.0056853183, 3.9107733, 0.52750856, -0.23878935, -0.4338298, 0.6902942, 1597.8881, 1597.8881, 955.433, 717.81354, , 
65650.011352708, 001320, -0.0586369, -0.0067751817, 3.9123805, 0.5281353, -0.23899466, -0.4333223, 0.6900626, 1597.8881, 1597.8881, 955.43365, 717.81305, , 
65650.028021791, 001321, -0.06779243, -0.0078099514, 3.9140372, 0.5287924, -0.23959875, -0.4327136, 0.68973184, 1597.8881, 1597.8881, 955.43414, 717.81244, , 
65650.061360166, 001322, -0.0868167, -0.009932891, 3.9172022, 0.52995193, -0.24167809, -0.43151668, 0.68886566, 1597.8881, 1597.8881, 955.43365, 717.8121, , 
65650.078029166, 001323, -0.096213326, -0.01088199, 3.9188194, 0.53071153, -0.24317013, -0.4308224, 0.6881899, 1597.8881, 1597.8881, 955.43286, 717.81134, , 
65650.111367416, 001324, -0.11478943, -0.012517445, 3.9219701, 0.53251714, -0.24700342, -0.42904034, 0.68654156, 1597.8881, 1597.8881, 955.4311, 717.8101, , 
65650.128036583, 001325, -0.12430503, -0.013307348, 3.9234626, 0.5332094, -0.24881162, -0.4278872, 0.68607056, 1597.8881, 1597.8881, 955.4304, 717.8102, , 
65650.161374708, 001326, -0.14409922, -0.015326068, 3.9265573, 0.53407663, -0.2504153, -0.4245595, 0.6868796, 1597.8881, 1597.8881, 955.4325, 717.8149, , 
65650.178043833, 001327, -0.15413505, -0.01606173, 3.928155, 0.534834, -0.2505574, -0.42256388, 0.6874686, 1597.4362, 1597.4362, 955.43494, 717.81757, , 
65650.194713, 001328, -0.16403666, -0.016500395, 3.9297957, 0.5359951, -0.2508094, -0.4207201, 0.6876033, 1597.4362, 1597.4362, 955.4384, 717.8195, , 
65650.228051125, 001329, -0.18350267, -0.016886193, 3.9330971, 0.5391197, -0.251747, -0.41691563, 0.6871351, 1597.4362, 1597.4362, 955.44275, 717.8194, , 
65650.244720291, 001330, -0.1931838, -0.017033454, 3.934772, 0.54101706, -0.25193545, -0.41433987, 0.6871328, 1597.4362, 1597.4362, 955.44714, 717.82, , 
65650.278058583, 001331, -0.21261965, -0.016759597, 3.9383876, 0.5461295, -0.252506, -0.409001, 0.6860767, 1597.8881, 1597.8881, 955.4551, 717.8189, , 
65650.29472775, 001332, -0.2212714, -0.016299877, 3.9401238, 0.54901767, -0.2538467, -0.4069388, 0.68450135, 1597.8881, 1597.8881, 955.45807, 717.8148, , 
65650.328065791, 001333, -0.23735568, -0.015060652, 3.9430556, 0.55341417, -0.25850487, -0.40428525, 0.6807798, 1597.8881, 1597.8881, 955.45715, 717.8077, , 
65650.344735, 001334, -0.24526624, -0.0145066455, 3.9441488, 0.5547042, -0.26096866, -0.40291107, 0.67960376, 1597.8881, 1597.8881, 955.4556, 717.8059, , 
65650.361404166, 001335, -0.2532943, -0.014078077, 3.945006, 0.55551124, -0.2629787, -0.40115026, 0.67921126, 1597.8881, 1597.8881, 955.4555, 717.80676, , 
65650.394742291, 001336, -0.26921836, -0.0141220465, 3.9458237, 0.55615497, -0.26532906, -0.39741275, 0.679967, 1597.8881, 1597.8881, 955.45844, 717.81305, , 
65650.411411458, 001337, -0.27702656, -0.013755452, 3.946453, 0.5563318, -0.26597038, -0.39618176, 0.68029, 1597.8881, 1597.8881, 955.4596, 717.8152, , 
65650.444749708, 001338, -0.2921295, -0.012624688, 3.9479861, 0.5562794, -0.26697826, -0.39525557, 0.68047684, 1597.8881, 1597.8881, 955.4601, 717.81726, , 
65650.461418708, 001339, -0.2995502, -0.01206477, 3.9487982, 0.5560243, -0.26744267, -0.39517334, 0.68055075, 1597.8881, 1597.8881, 955.4595, 717.81836, , 
65650.494756958, 001340, -0.31403336, -0.0122279, 3.950313, 0.55539227, -0.2678536, -0.39466733, 0.6811987, 1597.8881, 1597.8881, 955.4592, 717.82074, , 
65650.511426083, 001341, -0.32170862, -0.012201771, 3.9511113, 0.555267, -0.26779592, -0.39414498, 0.68162555, 1597.8881, 1597.8881, 955.46027, 717.8226, , 
65650.528095125, 001342, -0.32954776, -0.012278959, 3.951926, 0.5552616, -0.26757094, -0.39363343, 0.6820138, 1597.4362, 1597.4362, 955.4613, 717.8237, , 
65650.561433416, 001343, -0.34474587, -0.012446057, 3.953988, 0.5554588, -0.26676401, -0.39317638, 0.68243295, 1597.4362, 1597.4362, 955.46344, 717.8246, , 
65650.578102541, 001344, -0.35265768, -0.012703493, 3.9549456, 0.55557203, -0.26622975, -0.3932063, 0.6825322, 1597.4362, 1597.4362, 955.4641, 717.8244, , 
65650.611440666, 001345, -0.3692398, -0.0135764815, 3.956453, 0.5556476, -0.2652786, -0.39355153, 0.68264186, 1597.4362, 1597.4362, 955.465, 717.82336, , 
65650.628109791, 001346, -0.37778884, -0.014147263, 3.9570153, 0.55554944, -0.264938, -0.3937476, 0.68274105, 1597.4362, 1597.4362, 955.46515, 717.8233, , 
65650.661448083, 001347, -0.3954162, -0.015527334, 3.9577255, 0.55541027, -0.2642944, -0.3938438, 0.68304825, 1597.4362, 1597.4362, 955.4659, 717.82336, , 
65650.678117125, 001348, -0.40349388, -0.015558828, 3.9589398, 0.55537146, -0.2641099, -0.39383447, 0.6831565, 1597.4362, 1597.4362, 955.4662, 717.8234, , 
65650.694786208, 001349, -0.41242337, -0.016156454, 3.959182, 0.5552331, -0.26410028, -0.3938065, 0.6832888, 1597.4362, 1597.4362, 955.4663, 717.82367, , 
65650.728124541, 001350, -0.4313203, -0.017896086, 3.9586186, 0.55400234, -0.26460332, -0.394259, 0.68383217, 1597.4362, 1597.4362, 955.46497, 717.8258, , 
65650.744793625, 001351, -0.4410923, -0.018929783, 3.9580362, 0.55292165, -0.265071, -0.39448044, 0.6843976, 1597.4362, 1597.4362, 955.464, 717.828, , 
65650.778131833, 001352, -0.46065554, -0.020549942, 3.956881, 0.54991466, -0.26693583, -0.39494056, 0.68582875, 1597.8881, 1597.8881, 955.46075, 717.8357, , 
65650.794800958, 001353, -0.47068173, -0.021521714, 3.9560437, 0.5479014, -0.26837325, -0.3956231, 0.6864854, 1597.8881, 1597.8881, 955.4582, 717.8395, , 
65650.828139125, 001354, -0.49075416, -0.023058668, 3.9542556, 0.5434307, -0.27215195, -0.39820302, 0.6870595, 1597.4362, 1597.4362, 955.4489, 717.847, , 
65650.84480825, 001355, -0.5009676, -0.023568016, 3.953279, 0.54151094, -0.27429646, -0.39965114, 0.6868816, 1597.4362, 1597.4362, 955.44415, 717.8489, , 
65650.861477375, 001356, -0.510067, -0.023846127, 3.9523544, 0.5396336, -0.27577925, -0.40076137, 0.6871185, 1597.8881, 1597.8881, 955.4403, 717.851, , 
65650.894815583, 001357, -0.5323401, -0.024754904, 3.9507072, 0.53660524, -0.27488643, -0.40077758, 0.6898329, 1597.8881, 1597.8881, 955.44006, 717.86, , 
65650.911484583, 001358, -0.54398155, -0.024901964, 3.95016, 0.53619874, -0.2731297, -0.400459, 0.6910308, 1597.8881, 1597.8881, 955.4426, 717.8627, , 
65650.928153791, 001359, -0.5553841, -0.024640534, 3.9497104, 0.5366068, -0.2715281, -0.40053964, 0.6912984, 1597.4362, 1597.4362, 955.4447, 717.8626, , 
65650.961492041, 001360, -0.5765859, -0.022740208, 3.9489605, 0.53804934, -0.2692468, -0.4009488, 0.69083214, 1597.4362, 1597.4362, 955.44714, 717.8573, , 
65650.978161083, 001361, -0.58758533, -0.021988079, 3.9481752, 0.5380384, -0.2679508, -0.40059617, 0.69154876, 1597.4362, 1597.4362, 955.4488, 717.85724, , 
65650.994830208, 001362, -0.599046, -0.021481615, 3.947151, 0.53754604, -0.2662321, -0.39966658, 0.6931315, 1597.4362, 1597.4362, 955.4528, 717.8608, , 
65651.0281685, 001363, -0.62203926, -0.020377953, 3.945084, 0.5361598, -0.2620868, -0.39726287, 0.697155, 1597.8881, 1597.8881, 955.4618, 717.8698, , 
65651.044837666, 001364, -0.63294643, -0.019504115, 3.94412, 0.5356516, -0.26065582, -0.39666906, 0.6984193, 1597.8881, 1597.8881, 955.4661, 717.874, , 
65651.061506666, 001365, -0.64188707, -0.018286407, 3.9431193, 0.5351846, -0.26027128, -0.39672676, 0.69888765, 1597.8881, 1597.8881, 955.46704, 717.87537, , 
65651.094844875, 001366, -0.66101414, -0.016222958, 3.9410353, 0.53372014, -0.26102147, -0.3975806, 0.6992424, 1597.8881, 1597.8881, 955.4647, 717.8775, , 
65651.111514041, 001367, -0.67069614, -0.015447896, 3.940089, 0.5330369, -0.26144212, -0.39786205, 0.6994465, 1597.8881, 1597.8881, 955.46375, 717.8787, , 
65651.128183041, 001368, -0.68037593, -0.014757171, 3.9392836, 0.53267056, -0.26178023, -0.39819714, 0.6994084, 1597.8881, 1597.8881, 955.46295, 717.87933, , 
65651.161521291, 001369, -0.6993083, -0.014089275, 3.9379725, 0.53285706, -0.26199567, -0.3992035, 0.69861144, 1597.8881, 1597.8881, 955.46063, 717.8768, , 
65651.178190458, 001370, -0.7090648, -0.013845641, 3.937518, 0.53292406, -0.26155445, -0.3997945, 0.69838786, 1597.8881, 1597.8881, 955.4601, 717.8753, , 
65651.211528583, 001371, -0.72927153, -0.013300773, 3.9371173, 0.53378373, -0.25932908, -0.40054426, 0.69813144, 1597.8881, 1597.8881, 955.46124, 717.8715, , 
65651.228197708, 001372, -0.7395479, -0.013006076, 3.9372022, 0.53505856, -0.2576328, -0.40047404, 0.69782394, 1597.8881, 1597.8881, 955.4631, 717.8687, , 
65651.244866875, 001373, -0.7498591, -0.0126939975, 3.9374628, 0.5368143, -0.25576696, -0.40018973, 0.6973248, 1597.8881, 1597.8881, 955.4655, 717.86523, , 
65651.278204958, 001374, -0.7697966, -0.012418494, 3.9384327, 0.5407347, -0.2522096, -0.39938325, 0.69605273, 1597.4362, 1597.4362, 955.4723, 717.85583, , 
65651.294874166, 001375, -0.7798595, -0.012322843, 3.9389653, 0.542357, -0.25076008, -0.3990718, 0.6954925, 1597.4362, 1597.4362, 955.4748, 717.8523, , 
65651.328212458, 001376, -0.8001913, -0.012067109, 3.9401164, 0.544555, -0.24908428, -0.39929637, 0.6942473, 1597.4362, 1597.4362, 955.4777, 717.8451, , 
65651.344881458, 001377, -0.8103512, -0.011961363, 3.940739, 0.54522294, -0.24896878, -0.39982983, 0.6934568, 1597.4362, 1597.4362, 955.47736, 717.8422, , 
65651.378219708, 001378, -0.83056015, -0.01257604, 3.9415975, 0.5458489, -0.24944505, -0.40111837, 0.69204783, 1597.4362, 1597.4362, 955.4746, 717.837, , 
65651.39488875, 001379, -0.84104437, -0.012906872, 3.9422822, 0.54580045, -0.24971426, -0.40166843, 0.69166964, 1597.4362, 1597.4362, 955.47345, 717.8358, , 
65651.428227, 001380, -0.8625412, -0.013804879, 3.944043, 0.54468685, -0.24991053, -0.40367228, 0.69131, 1597.4362, 1597.4362, 955.4697, 717.83435, , 
65651.444896166, 001381, -0.8734887, -0.014307037, 3.9451253, 0.54377, -0.25000048, -0.40539175, 0.6909932, 1597.4362, 1597.4362, 955.46704, 717.83325, , 
65651.478234333, 001382, -0.89567584, -0.015602879, 3.9474523, 0.54200155, -0.25002944, -0.40944085, 0.6899839, 1597.8881, 1597.8881, 955.4597, 717.8291, , 
65651.494903416, 001383, -0.9071717, -0.016414478, 3.948792, 0.54149115, -0.24998638, -0.4111471, 0.68938535, 1597.8881, 1597.8881, 955.45703, 717.8269, , 
65651.528241625, 001384, -0.93116874, -0.018336691, 3.951904, 0.54156864, -0.2498216, -0.4132032, 0.6881538, 1597.8881, 1597.8881, 955.4534, 717.8217, , 
65651.544910833, 001385, -0.9435079, -0.019282341, 3.9536877, 0.54210943, -0.25000706, -0.41397896, 0.6871937, 1597.8881, 1597.8881, 955.4523, 717.8188, , 
65651.578248958, 001386, -0.9685492, -0.021127723, 3.9569533, 0.54274213, -0.25126743, -0.4161696, 0.6849075, 1597.8881, 1597.8881, 955.44727, 717.81104, , 
65651.594918125, 001387, -0.98109615, -0.022008725, 3.9586396, 0.5427014, -0.2522087, -0.4175311, 0.68376434, 1597.4362, 1597.4362, 955.4442, 717.80804, , 
65651.611587208, 001388, -0.9935597, -0.022787713, 3.96041, 0.5428259, -0.25331822, -0.41884455, 0.6824508, 1597.4362, 1597.4362, 955.4411, 717.80505, , 
65651.644925375, 001389, -1.018345, -0.023707684, 3.9638863, 0.5438961, -0.25648654, -0.42146978, 0.67878926, 1597.8881, 1597.8881, 955.433, 717.79517, , 
65651.661594541, 001390, -1.0302473, -0.02351639, 3.965571, 0.5444667, -0.25752196, -0.42230102, 0.67742175, 1597.8881, 1597.8881, 955.43005, 717.7914, , 
65651.694932791, 001391, -1.0569185, -0.023494113, 3.968871, 0.5463945, -0.2557082, -0.42072722, 0.6775359, 1597.4362, 1597.4362, 955.4333, 717.7887, , 
65651.711601833, 001392, -1.0706362, -0.023248404, 3.9705777, 0.54797447, -0.2530813, -0.41885918, 0.6784031, 1597.4362, 1597.4362, 955.4389, 717.789, , 
65651.744940083, 001393, -1.0966227, -0.021637868, 3.973954, 0.5521727, -0.24864435, -0.4160117, 0.6783919, 1597.8881, 1597.8881, 955.45135, 717.7845, , 
65651.761609208, 001394, -1.1071583, -0.020066354, 3.9757106, 0.5542601, -0.24756612, -0.4150918, 0.67764705, 1597.8881, 1597.8881, 955.4547, 717.7811, , 
65651.778278291, 001395, -1.1184558, -0.018790573, 3.9771552, 0.556113, -0.24719776, -0.41408008, 0.676882, 1597.4362, 1597.4362, 955.45715, 717.77814, , 
65651.8116165, 001396, -1.1414937, -0.016761106, 3.9794154, 0.5589813, -0.24767838, -0.4116522, 0.6758237, 1597.4362, 1597.4362, 955.4613, 717.77435, , 
65651.828285541, 001397, -1.153017, -0.01593801, 3.9802015, 0.5599967, -0.2482914, -0.41037536, 0.6755346, 1597.4362, 1597.4362, 955.4627, 717.7741, , 
65651.861623875, 001398, -1.1759722, -0.014388889, 3.981161, 0.56166476, -0.24968049, -0.40810812, 0.67501116, 1597.4362, 1597.4362, 955.46484, 717.77423, , 
65651.878292916, 001399, -1.1879618, -0.013264671, 3.9815104, 0.5625203, -0.2501661, -0.40693676, 0.6748259, 1597.4362, 1597.4362, 955.46576, 717.7741, , 
65651.911631166, 001400, -1.2114372, -0.011406258, 3.9816298, 0.5637686, -0.25069916, -0.4043935, 0.67511535, 1597.4362, 1597.4362, 955.46936, 717.77576, , 
65651.92830025, 001401, -1.2227637, -0.01066393, 3.9814682, 0.56410855, -0.25103083, -0.40325332, 0.67538995, 1597.4362, 1597.4362, 955.47076, 717.7771, , 
65651.944969291, 001402, -1.2339805, -0.009964693, 3.9812493, 0.5643172, -0.25132623, -0.40224755, 0.67570555, 1597.4362, 1597.4362, 955.4718, 717.7785, , 
65651.978307583, 001403, -1.2573551, -0.0091416985, 3.9805899, 0.5643722, -0.2512744, -0.40031767, 0.67682415, 1597.8881, 1597.8881, 955.4748, 717.7828, , 
65651.994976666, 001404, -1.2689438, -0.008909315, 3.980259, 0.5642007, -0.25098553, -0.3994711, 0.6775741, 1597.8881, 1597.8881, 955.4763, 717.7849, , 
65652.011645875, 001405, -1.2803817, -0.008805294, 3.979922, 0.5639419, -0.25062165, -0.3987244, 0.67836356, 1597.8881, 1597.8881, 955.47833, 717.78796, , 
65652.044983958, 001406, -1.3032423, -0.009090327, 3.9791589, 0.56353873, -0.24997532, -0.39765054, 0.6795663, 1597.8881, 1597.8881, 955.48083, 717.7916, , 
65652.061653083, 001407, -1.3151653, -0.009143911, 3.9788215, 0.5635099, -0.24981861, -0.39723784, 0.67988926, 1597.8881, 1597.8881, 955.48206, 717.79285, , 
65652.078322291, 001408, -1.3269318, -0.0096160695, 3.9782958, 0.563427, -0.24962425, -0.39680344, 0.68028283, 1597.8881, 1597.8881, 955.483, 717.79395, , 
65652.111660416, 001409, -1.350344, -0.011016082, 3.976809, 0.5629984, -0.24989732, -0.39645833, 0.6807385, 1597.8881, 1597.8881, 955.4834, 717.79614, , 
65652.1283295, 001410, -1.361992, -0.011767682, 3.9759479, 0.5625763, -0.250472, -0.39691398, 0.6806108, 1597.8881, 1597.8881, 955.4821, 717.79645, , 
65652.161667791, 001411, -1.3853984, -0.013374932, 3.9741118, 0.56151885, -0.2519078, -0.39884356, 0.6798255, 1597.8881, 1597.8881, 955.47656, 717.79517, , 
65652.178336833, 001412, -1.3976682, -0.014657326, 3.972671, 0.5610129, -0.2523733, -0.40002576, 0.67937577, 1597.4362, 1597.4362, 955.474, 717.794, , 
65652.195005958, 001413, -1.4101133, -0.016011234, 3.9712496, 0.5603991, -0.25251168, -0.40118113, 0.6791497, 1597.4362, 1597.4362, 955.4718, 717.7931, , 
65652.22834425, 001414, -1.4352794, -0.018714402, 3.9687974, 0.55840117, -0.2518369, -0.4035613, 0.6796356, 1597.4362, 1597.4362, 955.4683, 717.7933, , 
65652.245013208, 001415, -1.4479156, -0.020062156, 3.9676502, 0.55707574, -0.25134826, -0.40510857, 0.6799836, 1597.4362, 1597.4362, 955.4667, 717.7938, , 
65652.278351458, 001416, -1.4726849, -0.02313114, 3.96463, 0.554, -0.25181404, -0.40962422, 0.6796187, 1597.4362, 1597.4362, 955.4587, 717.7928, , 
65652.295020583, 001417, -1.4849201, -0.024077676, 3.9634094, 0.5521116, -0.252645, -0.41246957, 0.67912596, 1597.8881, 1597.8881, 955.4533, 717.7915, , 
65652.311689708, 001418, -1.4975108, -0.02498746, 3.9623606, 0.5498533, -0.25259572, -0.41494405, 0.6794689, 1597.8881, 1597.8881, 955.4488, 717.7915, , 
65652.345027833, 001419, -1.523845, -0.026442114, 3.9610367, 0.5458265, -0.2488136, -0.417625, 0.68246216, 1597.8881, 1597.8881, 955.44763, 717.7975, , 
65652.361697041, 001420, -1.5369748, -0.026820641, 3.9605167, 0.5449034, -0.24642971, -0.4186964, 0.68340766, 1597.8881, 1597.8881, 955.4489, 717.79846, , 
65652.395035166, 001421, -1.5627692, -0.025693662, 3.9604633, 0.5446941, -0.24137521, -0.4208789, 0.6840374, 1597.8881, 1597.8881, 955.45215, 717.7946, , 
65652.411704333, 001422, -1.5756323, -0.02468972, 3.9606338, 0.5447752, -0.23830356, -0.42150748, 0.6846625, 1597.8881, 1597.8881, 955.45483, 717.7931, , 
65652.428373416, 001423, -1.5884265, -0.023515005, 3.960852, 0.5448339, -0.23505093, -0.42174757, 0.6855916, 1597.4362, 1597.4362, 955.4583, 717.79236, , 
65652.46171175, 001424, -1.6134274, -0.021076359, 3.9615028, 0.5443358, -0.22861591, -0.42226934, 0.6878386, 1597.4362, 1597.4362, 955.4673, 717.7932, , 
65652.47838075, 001425, -1.6252909, -0.019543111, 3.9618843, 0.54364353, -0.22599716, -0.42321032, 0.68867266, 1597.4362, 1597.4362, 955.4697, 717.7934, , 
65652.511718958, 001426, -1.647533, -0.016032923, 3.9626987, 0.5409642, -0.22264105, -0.42708313, 0.6894843, 1597.4362, 1597.4362, 955.469, 717.7925, , 
65652.528388041, 001427, -1.6581261, -0.0142564215, 3.9632118, 0.5390657, -0.2217364, -0.42997628, 0.6894646, 1597.4362, 1597.4362, 955.466, 717.7913, , 
65652.545057083, 001428, -1.6687119, -0.012637742, 3.9638882, 0.5368538, -0.22067872, -0.43313333, 0.6895538, 1597.4362, 1597.4362, 955.4611, 717.78955, , 
65652.578395333, 001429, -1.6912302, -0.010911223, 3.9653995, 0.5322223, -0.21641947, -0.43896684, 0.6908038, 1597.8881, 1597.8881, 955.45636, 717.78894, , 
65652.595064541, 001430, -1.7026573, -0.010025747, 3.9667296, 0.53049356, -0.21308379, -0.44134924, 0.6916522, 1597.8881, 1597.8881, 955.45636, 717.7883, , 
65652.611733708, 001431, -1.7142038, -0.009203028, 3.968325, 0.5293461, -0.20919593, -0.443445, 0.6923771, 1597.4362, 1597.4362, 955.4577, 717.78705, , 
65652.645071833, 001432, -1.7372441, -0.0077465954, 3.972038, 0.5284811, -0.20099187, -0.4468906, 0.69325227, 1597.4362, 1597.4362, 955.46375, 717.78174, , 
65652.661740958, 001433, -1.7476487, -0.00748251, 3.9740217, 0.5283294, -0.19732076, -0.44861943, 0.69330597, 1597.4362, 1597.4362, 955.4663, 717.7788, , 
65652.678410041, 001434, -1.7583332, -0.006980609, 3.9760144, 0.5280707, -0.19445622, -0.45044443, 0.6931291, 1597.4362, 1597.4362, 955.46783, 717.7757, , 
65652.711748208, 001435, -1.7795491, -0.0060885027, 3.9799564, 0.52697325, -0.19089177, -0.45396933, 0.69265515, 1597.4362, 1597.4362, 955.4677, 717.7695, , 
65652.728417333, 001436, -1.7901446, -0.0059283716, 3.9819574, 0.5261043, -0.18966438, -0.45542315, 0.69269854, 1597.4362, 1597.4362, 955.46716, 717.7682, , 
65652.7450865, 001437, -1.8007782, -0.005998853, 3.9840076, 0.52507055, -0.18856472, -0.45671916, 0.6929299, 1597.4362, 1597.4362, 955.46643, 717.7677, , 
65652.778424583, 001438, -1.822521, -0.006491516, 3.9886158, 0.5231497, -0.18662207, -0.45920432, 0.69326615, 1597.4362, 1597.4362, 955.4645, 717.767, , 
65652.795093666, 001439, -1.8334318, -0.0071219355, 3.9910324, 0.52227134, -0.18554516, -0.4603527, 0.69345576, 1597.4362, 1597.4362, 955.46387, 717.76666, , 
65652.811762833, 001440, -1.8444654, -0.007965464, 3.9935932, 0.52144116, -0.1843535, -0.4614216, 0.693688, 1597.4362, 1597.4362, 955.46344, 717.7662, , 
65652.828432041, 001441, -1.8556272, -0.009005729, 3.9963002, 0.5206259, -0.1830561, -0.4623756, 0.6940086, 1597.4362, 1597.4362, 955.46344, 717.766, , 
65652.861770125, 001442, -1.8781781, -0.01151412, 4.0020757, 0.5188041, -0.1808879, -0.46415108, 0.69475585, 1597.4362, 1597.4362, 955.4632, 717.7666, , 
65652.87843925, 001443, -1.8883088, -0.013530541, 4.0052495, 0.51783395, -0.18021895, -0.46500346, 0.69508326, 1597.4362, 1597.4362, 955.4625, 717.767, , 
65652.895108375, 001444, -1.89927, -0.015141144, 4.0084715, 0.517034, -0.1798948, -0.46571106, 0.695289, 1597.4362, 1597.4362, 955.4618, 717.76733, , 
65652.928446416, 001445, -1.9217749, -0.017999724, 4.0151396, 0.51580775, -0.18023068, -0.46683753, 0.6953575, 1597.4362, 1597.4362, 955.4591, 717.7678, , 
65652.945115625, 001446, -1.9330108, -0.019313078, 4.018599, 0.51511127, -0.18083777, -0.4675101, 0.6952642, 1597.4362, 1597.4362, 955.4574, 717.76794, , 
65652.961784791, 001447, -1.9431083, -0.021169469, 4.0220637, 0.51431364, -0.18180047, -0.46851525, 0.694927, 1597.8881, 1597.8881, 955.454, 717.7674, , 
65652.978453958, 001448, -1.9537921, -0.022350997, 4.0256257, 0.5135542, -0.18315896, -0.46982706, 0.69424593, 1597.8881, 1597.8881, 955.4506, 717.7661, , 
65653.011792041, 001449, -1.9762911, -0.023905907, 4.032975, 0.51273954, -0.18551098, -0.47146848, 0.6931098, 1597.8881, 1597.8881, 955.44434, 717.7635, , 
65653.028461208, 001450, -1.9883329, -0.024504736, 4.036814, 0.5132473, -0.18514363, -0.4705804, 0.69343567, 1597.8881, 1597.8881, 955.44543, 717.76416, , 
65653.045130333, 001451, -2.0007057, -0.02491434, 4.0407043, 0.5144267, -0.18377766, -0.46868712, 0.694207, 1597.8881, 1597.8881, 955.44934, 717.7658, , 
65653.061799333, 001452, -2.0136876, -0.02492715, 4.0444465, 0.51599693, -0.18211402, -0.46662545, 0.69486845, 1597.4362, 1597.4362, 955.4546, 717.76733, , 
65653.095137625, 001453, -2.037315, -0.023762085, 4.051767, 0.5188326, -0.17998141, -0.46420836, 0.6949316, 1597.4362, 1597.4362, 955.4637, 717.76685, , 
65653.111806791, 001454, -2.0484612, -0.022813376, 4.055217, 0.51960814, -0.17954884, -0.46361408, 0.69486076, 1597.4362, 1597.4362, 955.46564, 717.766, , 
65653.128475916, 001455, -2.0593657, -0.021794256, 4.0585246, 0.51983654, -0.1794536, -0.46309644, 0.6950596, 1597.4362, 1597.4362, 955.46704, 717.76654, , 
65653.145144916, 001456, -2.0700595, -0.020756327, 4.0616865, 0.5197831, -0.17980558, -0.46249586, 0.69540846, 1597.4362, 1597.4362, 955.4674, 717.76794, , 
65653.178483208, 001457, -2.092396, -0.018715616, 4.066966, 0.51935023, -0.1813766, -0.46112546, 0.6962334, 1597.4362, 1597.4362, 955.46704, 717.7718, , 
65653.195152333, 001458, -2.10293, -0.017730523, 4.069745, 0.5192576, -0.18219629, -0.46040204, 0.69656724, 1597.4362, 1597.4362, 955.4668, 717.7743, , 
65653.211821291, 001459, -2.113348, -0.016763218, 4.0724545, 0.5194046, -0.1830289, -0.45964217, 0.6967413, 1597.4362, 1597.4362, 955.4667, 717.77576, , 
65653.228490416, 001460, -2.1237326, -0.015829563, 4.0750985, 0.519734, -0.18377644, -0.45881635, 0.69684315, 1597.4362, 1597.4362, 955.4668, 717.77686, , 
65653.26182875, 001461, -2.145312, -0.014499839, 4.079926, 0.52071846, -0.18431687, -0.4564978, 0.6974879, 1597.4362, 1597.4362, 955.4695, 717.7798, , 
65653.278497791, 001462, -2.1558805, -0.013876289, 4.0823708, 0.5212472, -0.18411952, -0.45528206, 0.69793946, 1597.4362, 1597.4362, 955.47144, 717.7813, , 
65653.295166833, 001463, -2.1661115, -0.013217162, 4.0848956, 0.5216985, -0.18374003, -0.4543422, 0.69831467, 1597.4362, 1597.4362, 955.47424, 717.78296, , 
65653.328505083, 001464, -2.1857831, -0.01197784, 4.0900145, 0.5220199, -0.18262464, -0.45383638, 0.69869584, 1597.8881, 1597.8881, 955.4768, 717.7836, , 
65653.34517425, 001465, -2.1953456, -0.01154023, 4.0925584, 0.5218394, -0.18188244, -0.45410854, 0.6988475, 1597.8881, 1597.8881, 955.4775, 717.7834, , 
65653.361843208, 001466, -2.2054806, -0.011566836, 4.094741, 0.5214221, -0.18095401, -0.45444408, 0.6991817, 1597.8881, 1597.8881, 955.4781, 717.78357, , 
65653.378512291, 001467, -2.2152498, -0.01171501, 4.0970902, 0.520826, -0.17984465, -0.454689, 0.6997527, 1597.8881, 1597.8881, 955.4789, 717.7843, , 
65653.411850625, 001468, -2.2347531, -0.012752529, 4.101807, 0.5188716, -0.17728744, -0.45504242, 0.7016251, 1597.8881, 1597.8881, 955.4812, 717.7889, , 
65653.42851975, 001469, -2.2445989, -0.01361829, 4.1041436, 0.51770294, -0.17584395, -0.45523778, 0.7027239, 1597.8881, 1597.8881, 955.48224, 717.7915, , 
65653.445188708, 001470, -2.2545102, -0.0146426745, 4.106483, 0.5167116, -0.17425933, -0.45546016, 0.7037035, 1597.8881, 1597.8881, 955.4835, 717.79376, , 
65653.461857875, 001471, -2.2657418, -0.015946448, 4.1081223, 0.51595783, -0.17259632, -0.45571592, 0.7045003, 1597.4362, 1597.4362, 955.4854, 717.79584, , 
65653.495196208, 001472, -2.286515, -0.018432055, 4.112498, 0.5145831, -0.16907738, -0.4568696, 0.70561117, 1597.4362, 1597.4362, 955.48785, 717.797, , 
65653.511865166, 001473, -2.2968566, -0.0197213, 4.114814, 0.51360685, -0.16715112, -0.45780167, 0.7061772, 1597.4362, 1597.4362, 955.489, 717.7976, , 
65653.528534333, 001474, -2.3072784, -0.021003008, 4.1171412, 0.5125243, -0.1652047, -0.4589952, 0.7066468, 1597.4362, 1597.4362, 955.48944, 717.7978, , 
65653.561872541, 001475, -2.3276527, -0.024244267, 4.121511, 0.5099182, -0.1612321, -0.4621663, 0.70738244, 1597.4362, 1597.4362, 955.4894, 717.79694, , 
65653.578541708, 001476, -2.3381798, -0.025782023, 4.123768, 0.5082954, -0.15907128, -0.46407902, 0.7077872, 1597.4362, 1597.4362, 955.4889, 717.7966, , 
65653.595210666, 001477, -2.3490193, -0.027174786, 4.1261206, 0.5064545, -0.15679495, -0.46622273, 0.7082059, 1597.4362, 1597.4362, 955.48816, 717.7962, , 
65653.611879791, 001478, -2.360039, -0.028508857, 4.128519, 0.50440586, -0.15444006, -0.46856478, 0.7086395, 1597.4362, 1597.4362, 955.4868, 717.79565, , 
65653.645218083, 001479, -2.3824222, -0.031080594, 4.133396, -0.49963397, 0.14974476, 0.4737237, -0.70959723, 1597.8881, 1597.8881, 955.48364, 717.7952, , 
65653.661887125, 001480, -2.3938766, -0.032798268, 4.1357126, -0.4971629, 0.1476274, 0.47649235, -0.70992273, 1597.8881, 1597.8881, 955.48096, 717.7945, , 
65653.67855625, 001481, -2.4052553, -0.033969447, 4.1381216, -0.49495152, 0.14587794, 0.47929022, -0.7099461, 1597.8881, 1597.8881, 955.4784, 717.79315, , 
65653.695225333, 001482, -2.4168181, -0.034914587, 4.1405883, -0.49272254, 0.14403036, 0.4819092, -0.7101009, 1597.8881, 1597.8881, 955.47595, 717.79193, , 
65653.728563625, 001483, -2.44084, -0.036535256, 4.1460958, -0.48776585, 0.13744627, 0.48584154, -0.7121453, 1597.4362, 1597.4362, 955.47565, 717.79425, , 
65653.745232541, 001484, -2.4528444, -0.03693369, 4.149211, -0.48564735, 0.13299471, 0.48776937, -0.71312, 1597.8881, 1597.8881, 955.4776, 717.79535, , 
65653.76190175, 001485, -2.4650948, -0.036956172, 4.152445, -0.4839892, 0.12857114, 0.49024844, -0.71335846, 1597.8881, 1597.8881, 955.4794, 717.79443, , 
65653.778570958, 001486, -2.4766629, -0.036537707, 4.155709, -0.48255026, 0.124454536, 0.49309528, -0.71310115, 1597.8881, 1597.8881, 955.48065, 717.79047, , 
65653.811909, 001487, -2.4995732, -0.03523562, 4.1623487, -0.47894844, 0.11536402, 0.49822962, -0.7134891, 1597.4362, 1597.4362, 955.4831, 717.7858, , 
65653.828578166, 001488, -2.5112169, -0.034543358, 4.165803, -0.47676322, 0.10968776, 0.4999356, -0.71465355, 1597.4362, 1597.4362, 955.4875, 717.7868, , 
65653.845247291, 001489, -2.5227816, -0.03371654, 4.169335, -0.47471717, 0.10363039, 0.50125265, -0.71599597, 1597.4362, 1597.4362, 955.4924, 717.78876, , 
65653.861916458, 001490, -2.533439, -0.032999087, 4.1732244, -0.47286063, 0.097915925, 0.5027135, -0.7170037, 1597.4362, 1597.4362, 955.49713, 717.79016, , 
65653.878585625, 001491, -2.5438547, -0.03172245, 4.1767397, -0.47107926, 0.093254045, 0.50474757, -0.7173687, 1596.9843, 1596.9843, 955.5011, 717.7897, , 
65653.911923666, 001492, -2.5632367, -0.028625224, 4.1830745, -0.46651787, 0.08693833, 0.51042795, -0.7171235, 1596.9843, 1596.9843, 955.49994, 717.786, , 
65653.928592833, 001493, -2.5723941, -0.02721645, 4.186113, -0.4636689, 0.084375694, 0.51361716, -0.7170001, 1597.4362, 1597.4362, 955.4975, 717.7843, , 
65653.945262, 001494, -2.58132, -0.026025634, 4.189216, -0.46063834, 0.081665315, 0.516949, -0.7168728, 1597.4362, 1597.4362, 955.494, 717.78204, , 
65653.961930916, 001495, -2.5891204, -0.025176167, 4.1926856, -0.45742875, 0.07864523, 0.5205544, -0.71665674, 1597.4362, 1597.4362, 955.49146, 717.7801, , 
65653.978600041, 001496, -2.5975401, -0.024550624, 4.196183, -0.45409796, 0.07503184, 0.5242677, -0.71645564, 1597.4362, 1597.4362, 955.48914, 717.77795, , 
65653.99526925, 001497, -2.606243, -0.02422962, 4.199876, -0.45058036, 0.07050433, 0.52794063, -0.71643925, 1597.4362, 1597.4362, 955.48737, 717.77545, , 
65654.0286075, 001498, -2.6240654, -0.024357773, 4.208031, -0.44356036, 0.058849882, 0.5344122, -0.7170735, 1597.4362, 1597.4362, 955.4889, 717.77386, , 
65654.045276458, 001499, -2.6329467, -0.024626166, 4.212443, -0.44048747, 0.052354716, 0.53704363, -0.7175053, 1597.4362, 1597.4362, 955.4925, 717.77386, , 
65654.061945583, 001500, -2.6398544, -0.024621867, 4.2170873, -0.43784696, 0.04596341, 0.5394426, -0.7177598, 1597.4362, 1597.4362, 955.4961, 717.7737, , 
65654.078614791, 001501, -2.6476235, -0.02475473, 4.2217183, -0.43555653, 0.039997358, 0.54174775, -0.71777433, 1596.9843, 1596.9843, 955.4996, 717.77313, , 
65654.095283875, 001502, -2.6554012, -0.024877053, 4.2263184, -0.43355593, 0.034569863, 0.5440657, -0.7175142, 1596.9843, 1596.9843, 955.5038, 717.7712, , 
65654.111952875, 001503, -2.6629572, -0.024952605, 4.2308598, -0.43166015, 0.029848617, 0.5464801, -0.71703416, 1596.9843, 1596.9843, 955.5061, 717.76904, , 
65654.128621916, 001504, -2.6703362, -0.025062189, 4.2353578, -0.4296375, 0.025691275, 0.5488197, -0.71662295, 1597.4362, 1597.4362, 955.5076, 717.76697, , 
65654.145291208, 001505, -2.67765, -0.025278118, 4.2398477, -0.427417, 0.02186694, 0.5509529, -0.71644074, 1597.4362, 1597.4362, 955.5089, 717.7654, , 
65654.161960291, 001506, -2.6849918, -0.025636308, 4.2443557, -0.42503676, 0.01822656, 0.5527774, -0.71655333, 1597.4362, 1597.4362, 955.5097, 717.7653, , 
65654.178629291, 001507, -2.6917367, -0.025960632, 4.24924, -0.42259088, 0.0146921305, 0.5543266, -0.7168843, 1597.4362, 1597.4362, 955.5105, 717.76605, , 
65654.211967583, 001508, -2.7062948, -0.027015429, 4.258757, -0.41668275, 0.008241256, 0.5576542, -0.71786433, 1597.4362, 1597.4362, 955.5105, 717.76953, , 
65654.228636708, 001509, -2.7136216, -0.027570277, 4.263655, -0.41306192, 0.0053089918, 0.5597022, -0.71839064, 1597.4362, 1597.4362, 955.5091, 717.7712, , 
65654.245305833, 001510, -2.7209165, -0.028110996, 4.2687125, -0.40916783, 0.0024846967, 0.5619743, -0.7188604, 1596.9843, 1596.9843, 955.5069, 717.77264, , 
65654.261974833, 001511, -2.7282104, -0.028663995, 4.2739773, -0.40494883, -0.00040217565, 0.56444806, -0.7193154, 1596.9843, 1596.9843, 955.5034, 717.7745, , 
65654.278643958, 001512, -2.7333262, -0.0291763, 4.2794967, -0.4005309, -0.0037021847, 0.56689787, -0.7198528, 1596.9843, 1596.9843, 955.50073, 717.7761, , 
65654.295313083, 001513, -2.7400131, -0.029831415, 4.285276, -0.39588425, -0.007372453, 0.5692754, -0.7205184, 1597.4362, 1597.4362, 955.49854, 717.7783, , 
65654.311982166, 001514, -2.7471719, -0.030493597, 4.2912955, -0.39127812, -0.011174075, 0.57163584, -0.72111654, 1597.4362, 1597.4362, 955.4961, 717.7814, , 
65654.328651375, 001515, -2.754375, -0.031060636, 4.297545, -0.38672945, -0.014911706, 0.57423764, -0.7214354, 1597.4362, 1597.4362, 955.494, 717.78284, , 
65654.345320291, 001516, -2.761489, -0.03151531, 4.3039412, -0.3822353, -0.0184237, 0.5771164, -0.7214523, 1597.4362, 1597.4362, 955.4916, 717.7832, , 
65654.361989416, 001517, -2.768519, -0.031886473, 4.310431, -0.37783483, -0.0216871, 0.5801727, -0.7212281, 1597.4362, 1597.4362, 955.48773, 717.7826, , 
65654.395327708, 001518, -2.780545, -0.032287158, 4.3236427, -0.36949354, -0.02804662, 0.58629775, -0.7203768, 1597.8881, 1597.8881, 955.48193, 717.78015, , 
65654.41199675, 001519, -2.787203, -0.032443956, 4.3303275, -0.36568433, -0.03109379, 0.58941823, -0.7196487, 1597.8881, 1597.8881, 955.47833, 717.7773, , 
65654.428665833, 001520, -2.7938955, -0.03250716, 4.3370123, -0.36218342, -0.034005217, 0.59254634, -0.71871805, 1597.8881, 1597.8881, 955.4759, 717.7745, , 
65654.445335, 001521, -2.800539, -0.032430574, 4.343628, -0.35902387, -0.036565293, 0.59571874, -0.7175542, 1597.8881, 1597.8881, 955.47345, 717.77094, , 
65654.462004125, 001522, -2.8050046, -0.03191217, 4.350116, -0.35622376, -0.03864615, 0.5989315, -0.7161649, 1597.4362, 1597.4362, 955.4697, 717.765, , 
65654.478673125, 001523, -2.8110218, -0.031411774, 4.3566284, -0.3534192, -0.040564008, 0.6021539, -0.7147448, 1597.4362, 1597.4362, 955.4668, 717.7602, , 
65654.49534225, 001524, -2.8177056, -0.030900767, 4.3632455, -0.35038143, -0.04304071, 0.6050562, -0.7136437, 1597.4362, 1597.4362, 955.4645, 717.75635, , 
65654.512011375, 001525, -2.8247228, -0.030314103, 4.3699775, -0.3472801, -0.046311963, 0.6075365, -0.7128472, 1597.4362, 1597.4362, 955.4631, 717.7539, , 
65654.528680583, 001526, -2.8318732, -0.02953097, 4.376844, -0.3443163, -0.05022838, 0.6097188, -0.7121561, 1597.4362, 1597.4362, 955.4631, 717.75183, , 
65654.545349666, 001527, -2.838984, -0.028492533, 4.383837, -0.3414485, -0.054634858, 0.6117703, -0.7114527, 1597.4362, 1597.4362, 955.464, 717.7507, , 
65654.562018625, 001528, -2.8459277, -0.027172714, 4.3908715, -0.33869904, -0.05921477, 0.6138578, -0.71060187, 1597.4362, 1597.4362, 955.4654, 717.7493, , 
65654.578687791, 001529, -2.8501937, -0.025972694, 4.3980193, -0.33613747, -0.063716255, 0.616053, -0.7095284, 1597.4362, 1597.4362, 955.4673, 717.74664, , 
65654.595356916, 001530, -2.8556304, -0.024287872, 4.4050403, -0.33337954, -0.06807097, 0.6184932, -0.7083011, 1597.4362, 1597.4362, 955.4683, 717.7441, , 
65654.612026041, 001531, -2.861418, -0.022247292, 4.4118757, -0.33028573, -0.07203486, 0.62127084, -0.70692635, 1597.4362, 1597.4362, 955.4686, 717.741, , 
65654.628695, 001532, -2.8670948, -0.01993227, 4.418453, -0.32675025, -0.07527346, 0.6245253, -0.70536256, 1597.4362, 1597.4362, 955.46704, 717.7356, , 
65654.645364166, 001533, -2.87256, -0.017434813, 4.424734, -0.32249057, -0.07779208, 0.6282154, -0.70377105, 1597.4362, 1597.4362, 955.464, 717.73083, , 
65654.662033208, 001534, -2.8778915, -0.014869977, 4.4306655, -0.31737027, -0.07954702, 0.6321189, -0.7024059, 1597.4362, 1597.4362, 955.4591, 717.7263, , 
65654.678702416, 001535, -2.881374, -0.013412774, 4.436277, -0.31142086, -0.08041476, 0.6360716, -0.701401, 1597.8881, 1597.8881, 955.45264, 717.7224, , 
65654.695371583, 001536, -2.8860905, -0.011351414, 4.441679, -0.3049255, -0.080996245, 0.6398522, -0.700749, 1597.8881, 1597.8881, 955.4424, 717.7186, , 
65654.7120405, 001537, -2.8913047, -0.009215929, 4.4470162, -0.29829103, -0.081643656, 0.6433008, -0.7003719, 1597.4362, 1597.4362, 955.4346, 717.71674, , 
65654.728709708, 001538, -2.896882, -0.0072760805, 4.4524097, -0.2917255, -0.082784034, 0.6461678, -0.70036423, 1597.8881, 1597.8881, 955.4275, 717.71594, , 
65654.745378791, 001539, -2.9027915, -0.0057080016, 4.4580226, -0.28537995, -0.08505521, 0.64818436, -0.7008429, 1597.8881, 1597.8881, 955.4203, 717.71796, , 
65654.762048, 001540, -2.908936, -0.004527572, 4.463923, -0.27956215, -0.088671334, 0.64929795, -0.7017083, 1597.8881, 1597.8881, 955.4173, 717.7218, , 
65654.778716958, 001541, -2.9140835, -0.0042718686, 4.4697566, -0.27461872, -0.093233116, 0.6496638, -0.7027297, 1597.8881, 1597.8881, 955.4162, 717.7269, , 
65654.795386041, 001542, -2.9199011, -0.0037469715, 4.4757442, -0.27027512, -0.09784403, 0.64984787, -0.70361596, 1597.8881, 1597.8881, 955.4167, 717.7341, , 
65654.812055208, 001543, -2.9257734, -0.0031388588, 4.481622, -0.2660316, -0.102109835, 0.65013546, -0.70436114, 1597.8881, 1597.8881, 955.41693, 717.73883, , 
65654.828724375, 001544, -2.9314988, -0.0024736673, 4.487293, -0.26147637, -0.10590706, 0.65068305, -0.7050002, 1597.8881, 1597.8881, 955.41644, 717.743, , 
65654.8453935, 001545, -2.9370668, -0.001760535, 4.4927516, -0.25656575, -0.10922568, 0.6514635, -0.705577, 1597.8881, 1597.8881, 955.4145, 717.74786, , 
65654.862062416, 001546, -2.9425638, -0.0010453574, 4.4980364, -0.25158867, -0.11210626, 0.6522646, -0.7061771, 1597.4362, 1597.4362, 955.4123, 717.75134, , 
65654.878731625, 001547, -2.947552, -0.0007029589, 4.5025926, -0.24692841, -0.11469129, 0.65276456, -0.7069446, 1597.4362, 1597.4362, 955.41016, 717.755, , 
65654.912069875, 001548, -2.9587197, 1.199916e-05, 4.5126786, -0.23827803, -0.120393164, 0.6528831, -0.70885307, 1597.8881, 1597.8881, 955.4069, 717.76587, , 
65654.928738833, 001549, -2.964561, 0.00030401722, 4.517874, -0.23411654, -0.123213194, 0.65285206, -0.70978314, 1597.8881, 1597.8881, 955.4059, 717.7708, , 
65654.945407916, 001550, -2.9704368, 0.00056409463, 4.5231085, -0.22993293, -0.12597029, 0.6531009, -0.71043754, 1597.8881, 1597.8881, 955.4047, 717.775, , 
65654.962077125, 001551, -2.9763339, 0.0007849669, 4.528366, -0.22571506, -0.12863521, 0.65371007, -0.71075225, 1597.8881, 1597.8881, 955.4027, 717.779, , 
65654.978746291, 001552, -2.981118, 0.00021949374, 4.5327387, -0.22161752, -0.13118544, 0.65476763, -0.710602, 1597.8881, 1597.8881, 955.4011, 717.78046, , 
65654.995415416, 001553, -2.9867127, 5.87292e-05, 4.537758, -0.21777545, -0.13386704, 0.65611416, -0.7100476, 1597.8881, 1597.8881, 955.3995, 717.7806, , 
65655.012084333, 001554, -2.9927251, 1.4543897e-05, 4.543153, -0.21407859, -0.13683787, 0.65761024, -0.70922107, 1597.8881, 1597.8881, 955.3978, 717.7795, , 
65655.0287535, 001555, -2.998995, -2.23104e-05, 4.5487633, -0.21062508, -0.14000341, 0.65913653, -0.70821965, 1597.8881, 1597.8881, 955.39716, 717.7782, , 
65655.045422583, 001556, -3.0054195, -3.2551587e-05, 4.5545173, -0.20719163, -0.14326018, 0.6607313, -0.7070942, 1597.8881, 1597.8881, 955.3966, 717.7767, , 
65655.062091791, 001557, -3.011942, 1.6666949e-05, 4.560314, -0.20350178, -0.14647797, 0.6624278, -0.7059183, 1597.8881, 1597.8881, 955.3955, 717.77435, , 
65655.095429833, 001558, -3.0236945, 0.0011764241, 4.571379, -0.19476505, -0.15174508, 0.6665551, -0.7033805, 1597.8881, 1597.8881, 955.3917, 717.76984, , 
65655.112099, 001559, -3.030007, 0.0018836185, 4.5765405, -0.1898088, -0.153216, 0.6692965, -0.7018116, 1597.8881, 1597.8881, 955.3883, 717.76587, , 
65655.128768208, 001560, -3.0363507, 0.0028717038, 4.5813675, -0.18466382, -0.15375742, 0.67241776, -0.7000802, 1597.8881, 1597.8881, 955.38214, 717.75867, , 
65655.145437291, 001561, -3.0428224, 0.0041511017, 4.5859632, -0.17913744, -0.15351735, 0.67568755, -0.69841856, 1597.8881, 1597.8881, 955.3766, 717.7523, , 
65655.16210625, 001562, -3.0485275, 0.00525229, 4.589613, -0.17305733, -0.15329602, 0.6786829, -0.6970946, 1597.8881, 1597.8881, 955.36865, 717.7452, , 
65655.1954445, 001563, -3.0617456, 0.008121986, 4.599293, -0.16019179, -0.15706815, 0.68277955, -0.6953274, 1597.8881, 1597.8881, 955.36005, 717.7409, , 
65655.212113625, 001564, -3.068282, 0.00984795, 4.6044607, -0.15447043, -0.16015661, 0.6847328, -0.6939955, 1597.8881, 1597.8881, 955.35754, 717.73926, , 
65655.228782666, 001565, -3.0745168, 0.011867899, 4.609398, -0.14912163, -0.16270654, 0.6872761, -0.6920555, 1597.8881, 1597.8881, 955.3545, 717.734, , 
65655.24545175, 001566, -3.0805414, 0.014091846, 4.6140323, 0.14372191, 0.1644624, -0.6902272, 0.6898424, 1597.8881, 1597.8881, 955.3517, 717.7279, , 
65655.278790083, 001567, -3.0929058, 0.018866885, 4.6228642, 0.13241215, 0.16857171, -0.69460636, 0.6867114, 1597.8881, 1597.8881, 955.3451, 717.7178, , 
65655.29545925, 001568, -3.099133, 0.020937923, 4.627986, 0.12678157, 0.17252937, -0.6953885, 0.68599916, 1597.8881, 1597.8881, 955.34357, 717.71796, , 
65655.312128208, 001569, -3.1051579, 0.022776332, 4.633643, 0.12153165, 0.17778352, -0.69548833, 0.6855064, 1597.8881, 1597.8881, 955.3432, 717.7204, , 
65655.328797291, 001570, -3.1108594, 0.024593081, 4.6393704, 0.11687863, 0.18322892, -0.695511, 0.6848584, 1597.8881, 1597.8881, 955.34393, 717.72437, , 
65655.345466458, 001571, -3.116218, 0.026500959, 4.6447763, 0.11286704, 0.18771935, -0.6958819, 0.68393767, 1597.8881, 1597.8881, 955.3445, 717.7258, , 
65655.362135625, 001572, -3.1213067, 0.028493691, 4.6497064, 0.10925974, 0.19077925, -0.6966843, 0.68285906, 1597.8881, 1597.8881, 955.34436, 717.7256, , 
65655.378804583, 001573, -3.1258078, 0.030543283, 4.6533623, 0.105807416, 0.19264556, -0.69770676, 0.68183404, 1597.8881, 1597.8881, 955.3432, 717.7235, , 
65655.412142833, 001574, -3.1350067, 0.033952255, 4.6613975, 0.09919071, 0.19475676, -0.69973725, 0.6801461, 1597.8881, 1597.8881, 955.3401, 717.7198, , 
65655.428811916, 001575, -3.1395001, 0.035307568, 4.6655836, 0.09571052, 0.19572936, -0.7006893, 0.67938495, 1597.8881, 1597.8881, 955.33844, 717.71796, , 
65655.445481, 001576, -3.1439614, 0.036399733, 4.670005, 0.09209854, 0.197149, -0.7014341, 0.67870486, 1597.8881, 1597.8881, 955.33636, 717.7162, , 
65655.462150041, 001577, -3.1483743, 0.03721812, 4.674777, 0.08841867, 0.19932657, -0.7018935, 0.678083, 1598.34, 1598.34, 955.3352, 717.71594, , 
65655.478819208, 001578, -3.151953, 0.03836393, 4.678484, 0.084983125, 0.20210099, -0.7020805, 0.6775072, 1598.34, 1598.34, 955.3346, 717.71643, , 
65655.5121575, 001579, -3.1599314, 0.039260756, 4.68882, 0.07962396, 0.20854762, -0.7021198, 0.6761625, 1597.8881, 1597.8881, 955.3352, 717.71875, , 
65655.528826458, 001580, -3.1639135, 0.03936808, 4.6944904, 0.07785648, 0.211731, -0.70197785, 0.67552596, 1597.8881, 1597.8881, 955.3361, 717.72, , 
65655.545495625, 001581, -3.1678476, 0.039311487, 4.700296, 0.07653476, 0.21461911, -0.7017031, 0.675051, 1597.8881, 1597.8881, 955.33765, 717.72205, , 
65655.56216475, 001582, -3.171741, 0.03912401, 4.706177, 0.0755553, 0.21705253, -0.70134574, 0.6747545, 1597.8881, 1597.8881, 955.3387, 717.72363, , 
65655.595502833, 001583, -3.1775324, 0.03945444, 4.715107, 0.07435902, 0.22054303, -0.700336, 0.6748044, 1597.8881, 1597.8881, 955.34064, 717.72845, , 
65655.612171958, 001584, -3.1812088, 0.03900202, 4.7208195, 0.073769905, 0.22176136, -0.69960684, 0.675226, 1597.8881, 1597.8881, 955.3411, 717.7311, , 
65655.628841125, 001585, -3.1849232, 0.038403478, 4.7267365, 0.0732085, 0.22271264, -0.69880486, 0.6758042, 1597.8881, 1597.8881, 955.3414, 717.734, , 
65655.662179333, 001586, -3.1895134, 0.03755177, 4.7362494, 0.07268523, 0.22359535, -0.6973858, 0.67703396, 1597.8881, 1597.8881, 955.3416, 717.7403, , 
65655.678848333, 001587, -3.1920772, 0.03697321, 4.741645, 0.07242527, 0.22373724, -0.69683903, 0.67757773, 1597.8881, 1597.8881, 955.3415, 717.7424, , 
65655.695517416, 001588, -3.1951065, 0.036213435, 4.7477694, 0.072230905, 0.22379912, -0.6962926, 0.6781395, 1597.8881, 1597.8881, 955.3414, 717.7442, , 
65655.72885575, 001589, -3.2012239, 0.034363125, 4.761185, 0.07188098, 0.22419718, -0.6949711, 0.6793996, 1597.8881, 1597.8881, 955.3414, 717.7493, , 
65655.745524916, 001590, -3.2041156, 0.033303667, 4.768346, 0.07172929, 0.22454064, -0.6942295, 0.68006015, 1597.8881, 1597.8881, 955.3415, 717.75183, , 
65655.762193875, 001591, -3.206664, 0.03213269, 4.7756386, 0.07172126, 0.22474523, -0.69354504, 0.6806914, 1597.8881, 1597.8881, 955.3416, 717.75507, , 
65655.795532208, 001592, -3.2057567, 0.027886186, 4.787743, 0.072210275, 0.22494844, -0.6926551, 0.6814784, 1597.8881, 1597.8881, 955.3423, 717.75867, , 
65655.81220125, 001593, -3.2074025, 0.026525367, 4.7956295, 0.07264372, 0.22539513, -0.69224495, 0.68170136, 1597.8881, 1597.8881, 955.3431, 717.7605, , 
65655.828870291, 001594, -3.2091634, 0.025270637, 4.803919, 0.073107846, 0.22608998, -0.69187874, 0.68179333, 1597.8881, 1597.8881, 955.34393, 717.7617, , 
65655.8622085, 001595, -3.2122912, 0.023092296, 4.821098, 0.073803365, 0.22742961, -0.691573, 0.68158305, 1597.8881, 1597.8881, 955.34576, 717.763, , 
65655.878877666, 001596, -3.2108223, 0.021274455, 4.828309, 0.0738433, 0.22789307, -0.6915776, 0.6814193, 1597.8881, 1597.8881, 955.34625, 717.7632, , 
65655.895546666, 001597, -3.2111, 0.020160194, 4.8366036, 0.073795795, 0.22809596, -0.69163704, 0.6812963, 1597.8881, 1597.8881, 955.3465, 717.7631, , 
65655.928884916, 001598, -3.212638, 0.018939625, 4.8539815, 0.072915584, 0.22720335, -0.69220084, 0.68111664, 1597.8881, 1597.8881, 955.3452, 717.7614, , 
65655.945554041, 001599, -3.2133532, 0.018698346, 4.862916, 0.07198702, 0.22655058, -0.69262904, 0.6809975, 1597.8881, 1597.8881, 955.34406, 717.76013, , 
65655.962223208, 001600, -3.2139313, 0.018641062, 4.872151, 0.07103306, 0.22637504, -0.69292855, 0.68085134, 1597.8881, 1597.8881, 955.34296, 717.75916, , 
65655.995561291, 001601, -3.2131984, 0.018880557, 4.8910437, 0.07005622, 0.22807023, -0.69286025, 0.68045634, 1597.8881, 1597.8881, 955.3429, 717.7592, , 
65656.012230416, 001602, -3.213325, 0.019324746, 4.901253, 0.07036348, 0.22981846, -0.6925881, 0.6801134, 1597.8881, 1597.8881, 955.3441, 717.7601, , 
65656.028899541, 001603, -3.2133682, 0.019964043, 4.911613, 0.07121758, 0.23181309, -0.6923231, 0.6796171, 1597.8881, 1597.8881, 955.3469, 717.76135, , 
65656.062237625, 001604, -3.2129672, 0.021796275, 4.9319983, 0.0731405, 0.23487096, -0.69246376, 0.67821825, 1597.8881, 1597.8881, 955.351, 717.76105, , 
65656.078906791, 001605, -3.211446, 0.022925641, 4.9402413, 0.0739904, 0.23568365, -0.692857, 0.677442, 1597.8881, 1597.8881, 955.35297, 717.7593, , 
65656.112245083, 001606, -3.2097614, 0.025233861, 4.959006, 0.07565307, 0.23652512, -0.69409806, 0.6756925, 1597.8881, 1597.8881, 955.3551, 717.75494, , 
65656.128914, 001607, -3.208992, 0.026377667, 4.9684515, 0.076439515, 0.23637044, -0.6948524, 0.6748823, 1597.8881, 1597.8881, 955.3559, 717.75134, , 
65656.145583166, 001608, -3.2082622, 0.027474727, 4.9777737, 0.07689584, 0.23573652, -0.69556797, 0.67431486, 1597.8881, 1597.8881, 955.3559, 717.74866, , 
65656.178921416, 001609, -3.206325, 0.029557962, 4.9953966, 0.076794766, 0.23387572, -0.69617105, 0.67435193, 1597.8881, 1597.8881, 955.3545, 717.74554, , 
65656.195590416, 001610, -3.205656, 0.03037117, 5.0043797, 0.07651775, 0.2329956, -0.69606227, 0.6748002, 1597.8881, 1597.8881, 955.3532, 717.74567, , 
65656.212259541, 001611, -3.205269, 0.031055603, 5.0135603, 0.07603062, 0.2320727, -0.6958063, 0.675437, 1597.8881, 1597.8881, 955.3522, 717.74646, , 
65656.245597708, 001612, -3.2049785, 0.032089185, 5.032457, 0.07464829, 0.23102169, -0.6945752, 0.6772163, 1598.34, 1598.34, 955.3496, 717.7511, , 
65656.262266958, 001613, -3.204945, 0.032439042, 5.0422387, 0.0743043, 0.23140994, -0.69361776, 0.67810225, 1598.34, 1598.34, 955.3495, 717.75433, , 
65656.295605041, 001614, -3.2042189, 0.032854047, 5.0621343, 0.07454978, 0.23289955, -0.69202733, 0.6791893, 1598.34, 1598.34, 955.3509, 717.7609, , 
65656.312274125, 001615, -3.204044, 0.033140432, 5.071938, 0.0745313, 0.23351958, -0.69171077, 0.67930096, 1597.8881, 1597.8881, 955.35144, 717.76227, , 
65656.328943375, 001616, -3.2038372, 0.03337757, 5.081685, 0.07437664, 0.23403458, -0.6916385, 0.6792143, 1597.8881, 1597.8881, 955.3517, 717.76276, , 
65656.362281375, 001617, -3.2034113, 0.033492286, 5.101309, 0.0743221, 0.235044, -0.6918316, 0.6786748, 1597.8881, 1597.8881, 955.35254, 717.7623, , 
65656.378950541, 001618, -3.20398, 0.03263473, 5.1117196, 0.07480165, 0.2356974, -0.6918787, 0.67834747, 1597.8881, 1597.8881, 955.35333, 717.7619, , 
65656.395619666, 001619, -3.2041316, 0.032026526, 5.122054, 0.075360104, 0.23657727, -0.69176173, 0.67809856, 1597.8881, 1597.8881, 955.35474, 717.7621, , 
65656.42895775, 001620, -3.2043808, 0.030702297, 5.1429386, 0.076220445, 0.23827255, -0.69111675, 0.6780665, 1597.8881, 1597.8881, 955.35693, 717.764, , 
65656.445626833, 001621, -3.2045972, 0.029973354, 5.1534204, 0.07645373, 0.23855084, -0.69088095, 0.6781827, 1597.8881, 1597.8881, 955.3576, 717.76495, , 
65656.478965166, 001622, -3.2066917, 0.028313477, 5.175175, 0.0771752, 0.23809189, -0.6908059, 0.67833865, 1597.8881, 1597.8881, 955.35785, 717.765, , 
65656.495634166, 001623, -3.2076194, 0.027342182, 5.1862626, 0.077602826, 0.23802644, -0.6907009, 0.6784199, 1597.8881, 1597.8881, 955.3581, 717.7649, , 
65656.512303333, 001624, -3.2083313, 0.026254784, 5.1974673, 0.07773606, 0.23823498, -0.6904408, 0.6785961, 1597.8881, 1597.8881, 955.35846, 717.7658, , 
65656.545641541, 001625, -3.2095942, 0.023948211, 5.220248, 0.07689844, 0.23866025, -0.69013536, 0.67885274, 1597.8881, 1597.8881, 955.35834, 717.76733, , 
65656.562310708, 001626, -3.210776, 0.02226765, 5.2313027, 0.076090135, 0.23859383, -0.69024426, 0.6788565, 1597.8881, 1597.8881, 955.35754, 717.7672, , 
65656.578979625, 001627, -3.2115827, 0.020821635, 5.2428246, 0.07521324, 0.23838407, -0.69042784, 0.6788412, 1597.8881, 1597.8881, 955.35657, 717.76685, , 
65656.612317958, 001628, -3.2130897, 0.017864075, 5.266631, 0.07383785, 0.2377144, -0.690512, 0.6791414, 1597.8881, 1597.8881, 955.35486, 717.76654, , 
65656.628987083, 001629, -3.2138228, 0.016305298, 5.2788534, 0.07294503, 0.23761413, -0.69029725, 0.6794911, 1597.8881, 1597.8881, 955.3538, 717.7676, , 
65656.662325166, 001630, -3.2150164, 0.01337051, 5.303291, 0.06941142, 0.23706754, -0.6899933, 0.6803603, 1598.34, 1598.34, 955.35114, 717.7698, , 
65656.678994333, 001631, -3.2160923, 0.011835311, 5.3149714, 0.06693324, 0.23576856, -0.69024634, 0.6808032, 1597.8881, 1597.8881, 955.34753, 717.76965, , 
65656.695663375, 001632, -3.216791, 0.010728594, 5.3270297, 0.06419128, 0.23448353, -0.69038254, 0.68137276, 1597.8881, 1597.8881, 955.34424, 717.76935, , 
65656.7290015, 001633, -3.2178319, 0.008775208, 5.3531284, 0.05918207, 0.2370212, -0.68818074, 0.6831733, 1597.8881, 1597.8881, 955.3415, 717.7778, , 
65656.745670666, 001634, -3.2180572, 0.008107301, 5.3668947, 0.057648383, 0.24039273, -0.68659765, 0.6837189, 1597.8881, 1597.8881, 955.3429, 717.78394, , 
65656.762339791, 001635, -3.218919, 0.007616464, 5.381011, 0.056895543, 0.24391268, -0.685671, 0.6834653, 1597.8881, 1597.8881, 955.34485, 717.7883, , 
65656.795677916, 001636, -3.2185557, 0.008216362, 5.4081078, 0.056428477, 0.25004992, -0.6854982, 0.6814565, 1597.8881, 1597.8881, 955.35, 717.7907, , 
65656.812347041, 001637, -3.2181275, 0.0089084245, 5.4214735, 0.056215215, 0.25304618, -0.68534386, 0.6805228, 1597.8881, 1597.8881, 955.3522, 717.7912, , 
65656.845685291, 001638, -3.217234, 0.0106753, 5.4481325, 0.05652922, 0.2593112, -0.68385166, 0.679639, 1597.8881, 1597.8881, 955.3582, 717.7966, , 
65656.862354458, 001639, -3.2167592, 0.011727486, 5.461316, 0.05716036, 0.2625939, -0.68282825, 0.6793546, 1597.8881, 1597.8881, 955.3616, 717.80023, , 
65656.879023416, 001640, -3.2170558, 0.012836557, 5.4741106, 0.057759736, 0.2653627, -0.6821623, 0.6788969, 1597.8881, 1597.8881, 955.3659, 717.8038, , 
65656.912361666, 001641, -3.2160113, 0.015922885, 5.4977574, 0.057387065, 0.2673624, -0.6826809, 0.6776215, 1597.8881, 1597.8881, 955.368, 717.80304, , 
65656.929030791, 001642, -3.2153733, 0.017618034, 5.5086055, 0.056029566, 0.2663601, -0.6836154, 0.67718744, 1597.8881, 1597.8881, 955.36646, 717.8005, , 
65656.962368875, 001643, -3.2144094, 0.020542085, 5.529793, 0.05206387, 0.2632441, -0.6852723, 0.6770479, 1597.8881, 1597.8881, 955.3594, 717.79395, , 
65656.979038041, 001644, -3.2141387, 0.021255601, 5.540635, 0.049991705, 0.26305166, -0.685363, 0.6771869, 1597.8881, 1597.8881, 955.3572, 717.79333, , 
65657.012376125, 001645, -3.2133102, 0.022511858, 5.5640607, 0.045898438, 0.26636332, -0.68473375, 0.67681867, 1597.8881, 1597.8881, 955.3559, 717.7965, , 
65657.029045291, 001646, -3.2127414, 0.02305876, 5.576221, 0.043935314, 0.2691615, -0.6844851, 0.6760931, 1597.8881, 1597.8881, 955.35645, 717.7979, , 
65657.045714375, 001647, -3.2120304, 0.023554284, 5.588445, 0.04198817, 0.27221665, -0.6843749, 0.6751044, 1597.8881, 1597.8881, 955.3577, 717.7993, , 
65657.079052666, 001648, -3.2094738, 0.024321448, 5.6118965, 0.039515108, 0.27738497, -0.68494564, 0.6725665, 1597.8881, 1597.8881, 955.35986, 717.7988, , 
65657.095721666, 001649, -3.2082143, 0.024561722, 5.623503, 0.03951197, 0.27909702, -0.68551505, 0.6712769, 1597.8881, 1597.8881, 955.3616, 717.7967, , 
65657.129059791, 001650, -3.205956, 0.024569709, 5.6467385, 0.040681005, 0.28093603, -0.68651426, 0.6694162, 1597.8881, 1597.8881, 955.36426, 717.7932, , 
65657.145729041, 001651, -3.2048619, 0.02432413, 5.658337, 0.04133036, 0.28131837, -0.68685097, 0.6688702, 1597.8881, 1597.8881, 955.3654, 717.7916, , 
65657.179067166, 001652, -3.2017732, 0.023272764, 5.6812882, 0.042607702, 0.2817132, -0.6874114, 0.66804767, 1597.8881, 1597.8881, 955.3667, 717.78955, , 
65657.195736291, 001653, -3.2003903, 0.022517163, 5.6930256, 0.043183897, 0.28205746, -0.6875363, 0.66773677, 1597.8881, 1597.8881, 955.36774, 717.7889, , 
65657.2290745, 001654, -3.1978967, 0.02069791, 5.716973, 0.043701164, 0.28287593, -0.6875598, 0.6673327, 1597.8881, 1597.8881, 955.369, 717.7887, , 
65657.2457435, 001655, -3.196624, 0.019695688, 5.729037, 0.04350426, 0.28309825, -0.6875276, 0.6672844, 1597.8881, 1597.8881, 955.36926, 717.7889, , 
65657.27908175, 001656, -3.1930842, 0.016994704, 5.7527504, 0.042394932, 0.28303167, -0.687621, 0.66728777, 1597.8881, 1597.8881, 955.3682, 717.78894, , 
65657.295750833, 001657, -3.1912975, 0.015690144, 5.76477, 0.041689005, 0.28260627, -0.6877446, 0.66738516, 1597.8881, 1597.8881, 955.3673, 717.7887, , 
65657.312419833, 001658, -3.1895528, 0.014412817, 5.7769113, 0.04104544, 0.28184295, -0.6879218, 0.66756517, 1597.8881, 1597.8881, 955.36566, 717.78796, , 
65657.345758083, 001659, -3.1858976, 0.011611674, 5.8015356, 0.040108804, 0.27965975, -0.6882439, 0.66820806, 1597.8881, 1597.8881, 955.36285, 717.78674, , 
65657.362427208, 001660, -3.183776, 0.010081347, 5.813935, 0.040056523, 0.2783713, -0.6884435, 0.66854346, 1597.8881, 1597.8881, 955.3616, 717.78613, , 
65657.395765375, 001661, -3.1785274, 0.0069627054, 5.838514, 0.040236257, 0.27584958, -0.68906355, 0.668939, 1597.8881, 1597.8881, 955.35913, 717.7837, , 
65657.4124345, 001662, -3.1762416, 0.005579766, 5.85101, 0.0399786, 0.27457562, -0.68941265, 0.6691188, 1597.8881, 1597.8881, 955.35785, 717.7824, , 
65657.44577275, 001663, -3.1717994, 0.0033616684, 5.875835, 0.038375985, 0.27153867, -0.69016445, 0.6696768, 1597.8881, 1597.8881, 955.3539, 717.7794, , 
65657.462441708, 001664, -3.1697345, 0.0025152676, 5.888522, 0.03723725, 0.26993835, -0.69026303, 0.6702862, 1598.34, 1598.34, 955.35144, 717.7785, , 
65657.495779875, 001665, -3.1657493, 0.0010168332, 5.916235, 0.037718616, 0.27158338, -0.6882831, 0.6716295, 1597.8881, 1597.8881, 955.35144, 717.78436, , 
65657.512449125, 001666, -3.1635845, 0.0008129621, 5.930869, 0.040140152, 0.27520093, -0.6867841, 0.6715509, 1597.8881, 1597.8881, 955.35565, 717.7897, , 
65657.529118208, 001667, -3.1611764, 0.0010560674, 5.94536, 0.043669123, 0.27916357, -0.6859258, 0.6705718, 1597.8881, 1597.8881, 955.3638, 717.7944, , 
65657.562456375, 001668, -3.1560438, 0.0026327819, 5.972284, 0.050751075, 0.28332016, -0.68722916, 0.6669858, 1597.8881, 1597.8881, 955.3747, 717.79114, , 
65657.579125416, 001669, -3.153756, 0.0030266158, 5.9848194, 0.053344976, 0.28273976, -0.68877584, 0.66543245, 1597.8881, 1597.8881, 955.37787, 717.78406, , 
65657.612463583, 001670, -3.149691, 0.0045388453, 6.0088778, 0.056896683, 0.28022867, -0.6900268, 0.6649041, 1597.8881, 1597.8881, 955.3789, 717.7777, , 
65657.629132708, 001671, -3.147996, 0.0050383694, 6.0210285, 0.058156174, 0.27936214, -0.6894326, 0.6657757, 1597.8881, 1597.8881, 955.3793, 717.7792, , 
65657.662470958, 001672, -3.1450276, 0.0057643163, 6.045364, 0.058835987, 0.27809033, -0.6872747, 0.66847396, 1597.8881, 1597.8881, 955.3789, 717.78577, , 
65657.679140083, 001673, -3.14357, 0.005997006, 6.0570188, 0.05839566, 0.27771762, -0.6862068, 0.6697634, 1597.8881, 1597.8881, 955.37823, 717.7894, , 
65657.712478208, 001674, -3.1406894, 0.0069687855, 6.081433, 0.058123283, 0.2783176, -0.68454957, 0.67123234, 1597.8881, 1597.8881, 955.37823, 717.7966, , 
65657.729147333, 001675, -3.1392047, 0.0076013245, 6.093683, 0.05846166, 0.27889138, -0.68420076, 0.67132026, 1597.8881, 1597.8881, 955.379, 717.7981, , 
65657.745816416, 001676, -3.137738, 0.008275609, 6.10586, 0.058901783, 0.27943316, -0.6841223, 0.6711365, 1597.8881, 1597.8881, 955.3803, 717.7987, , 
65657.779154583, 001677, -3.136013, 0.008779962, 6.1305423, 0.059576664, 0.2803777, -0.68416774, 0.6706366, 1597.8881, 1597.8881, 955.38196, 717.79846, , 
65657.795823708, 001678, -3.1349566, 0.009093571, 6.142636, 0.059686426, 0.28089982, -0.68395674, 0.6706236, 1597.8881, 1597.8881, 955.38275, 717.79913, , 
65657.829161958, 001679, -3.1331427, 0.009279948, 6.166703, 0.05965373, 0.28166333, -0.68318737, 0.67109025, 1597.8881, 1597.8881, 955.38367, 717.8017, , 
65657.845830916, 001680, -3.1324384, 0.0091825165, 6.1786838, 0.059680123, 0.28164116, -0.6828926, 0.67139715, 1597.8881, 1597.8881, 955.3838, 717.8031, , 
65657.879169083, 001681, -3.131813, 0.008253094, 6.2024536, 0.059432402, 0.2810849, -0.68236583, 0.6721874, 1597.8881, 1597.8881, 955.3833, 717.80493, , 
65657.895838291, 001682, -3.1316154, 0.0075680986, 6.214505, 0.0589768, 0.2807877, -0.6820374, 0.67268497, 1597.8881, 1597.8881, 955.3825, 717.80646, , 
65657.912507208, 001683, -3.1314647, 0.0067746374, 6.226707, 0.05830168, 0.28055325, -0.681732, 0.6731509, 1597.8881, 1597.8881, 955.3817, 717.80756, , 
65657.945845541, 001684, -3.1314025, 0.004835997, 6.2515974, 0.055963762, 0.28053045, -0.6810312, 0.67406756, 1597.8881, 1597.8881, 955.3794, 717.8107, , 
65657.962514666, 001685, -3.1315482, 0.0039059632, 6.2643647, 0.05399571, 0.28050357, -0.6808204, 0.6744521, 1597.8881, 1597.8881, 955.37775, 717.81195, , 
65657.995848166, 001686, -3.1320689, 0.0023983903, 6.2900343, 0.049810894, 0.27861583, -0.68175614, 0.6746115, 1597.8881, 1597.8881, 955.3725, 717.81036, , 
65658.012521916, 001687, -3.1321683, 0.0015109181, 6.302767, 0.048190236, 0.27712956, -0.68261886, 0.6744689, 1597.8881, 1597.8881, 955.3685, 717.8069, , 
65658.045860166, 001688, -3.1323366, -0.00052391755, 6.328897, 0.04572654, 0.2754842, -0.6840142, 0.6739006, 1597.8881, 1597.8881, 955.3646, 717.80225, , 
65658.062529125, 001689, -3.1326988, -0.0016844865, 6.342422, 0.04410971, 0.2748115, -0.6847078, 0.6735786, 1597.8881, 1597.8881, 955.3622, 717.7997, , 
65658.095867375, 001690, -3.1334639, -0.0031688663, 6.3689766, 0.038675606, 0.27305752, -0.68589294, 0.67342013, 1597.8881, 1597.8881, 955.35626, 717.7957, , 
65658.1125365, 001691, -3.1337354, -0.003717851, 6.382792, 0.0354976, 0.27426028, -0.685729, 0.6732733, 1598.34, 1598.34, 955.3539, 717.7958, , 
65658.145874625, 001692, -3.1336765, -0.0040519307, 6.4110055, 0.03179053, 0.28005716, -0.68517554, 0.67163366, 1597.8881, 1597.8881, 955.3551, 717.7997, , 
65658.162543708, 001693, -3.133595, -0.0037556181, 6.424105, 0.030816501, 0.28168577, -0.6859173, 0.6702393, 1597.8881, 1597.8881, 955.356, 717.7983, , 
65658.195882, 001694, -3.1332357, -0.002052918, 6.450252, 0.028727684, 0.28346223, -0.68745047, 0.66800874, 1597.8881, 1597.8881, 955.35565, 717.792, , 
65658.212551, 001695, -3.1329966, -0.0010944831, 6.4636035, 0.028129464, 0.28519037, -0.6874802, 0.66726756, 1597.8881, 1597.8881, 955.35614, 717.7916, , 
65658.245889208, 001696, -3.1322258, 0.0010455027, 6.490574, 0.02930002, 0.29001856, -0.68698454, 0.66564476, 1597.8881, 1597.8881, 955.36145, 717.7938, , 
65658.262558375, 001697, -3.1315665, 0.0020098984, 6.5038366, 0.030315097, 0.29186812, -0.6870964, 0.66467476, 1597.8881, 1597.8881, 955.36414, 717.794, , 
65658.279227458, 001698, -3.131017, 0.0033392194, 6.5164285, 0.030679654, 0.2928785, -0.6874154, 0.6638832, 1597.8881, 1597.8881, 955.3662, 717.79285, , 
65658.312565541, 001699, -3.1299865, 0.006069589, 6.5401106, 0.02890353, 0.2931385, -0.6880335, 0.6632075, 1597.8881, 1597.8881, 955.3654, 717.791, , 
65658.32923475, 001700, -3.1293762, 0.007280078, 6.551517, 0.02733812, 0.29275933, -0.6883853, 0.6630763, 1597.8881, 1597.8881, 955.36334, 717.78955, , 
65658.362572791, 001701, -3.127863, 0.009836335, 6.573839, 0.023851655, 0.29272708, -0.68895346, 0.66263497, 1597.8881, 1597.8881, 955.36005, 717.7875, , 
65658.379241958, 001702, -3.1270027, 0.0116400905, 6.584617, 0.022085479, 0.29405376, -0.68891436, 0.6621492, 1597.8881, 1597.8881, 955.3594, 717.78766, , 
65658.412580208, 001703, -3.1241767, 0.012988519, 6.6084743, 0.019278912, 0.29869065, -0.68924004, 0.6598184, 1597.8881, 1597.8881, 955.3609, 717.7874, , 
65658.429249125, 001704, -3.1223605, 0.013393406, 6.620579, 0.01830357, 0.3011162, -0.6899129, 0.6580381, 1597.8881, 1597.8881, 955.3626, 717.7851, , 
65658.462587416, 001705, -3.1181338, 0.014178056, 6.642843, 0.016936233, 0.30545822, -0.6916309, 0.65425915, 1597.8881, 1597.8881, 955.3654, 717.7797, , 
65658.479256541, 001706, -3.115876, 0.014238361, 6.6542583, 0.016436007, 0.307517, -0.69225, 0.6526508, 1597.8881, 1597.8881, 955.36694, 717.7776, , 
65658.512594625, 001707, -3.1112235, 0.013643507, 6.6779838, 0.015277312, 0.3113782, -0.69253916, 0.65053797, 1597.8881, 1597.8881, 955.37006, 717.7761, , 
65658.529263791, 001708, -3.1087825, 0.013140786, 6.689887, 0.014510846, 0.31297502, -0.6924205, 0.6499153, 1597.8881, 1597.8881, 955.371, 717.7766, , 
65658.562602, 001709, -3.1035025, 0.012587275, 6.713323, 0.012877084, 0.31525934, -0.69237065, 0.6488979, 1597.8881, 1597.8881, 955.3721, 717.7772, , 
65658.579271, 001710, -3.1006718, 0.01215804, 6.7249804, 0.012224489, 0.31582725, -0.6925795, 0.6484114, 1597.8881, 1597.8881, 955.3721, 717.77673, , 
65658.595940125, 001711, -3.097725, 0.011551876, 6.7366514, 0.01174287, 0.3159916, -0.69290024, 0.6479973, 1597.8881, 1597.8881, 955.3718, 717.7754, , 
65658.629278416, 001712, -3.091588, 0.009971436, 6.7602053, 0.010953372, 0.31578386, -0.6933593, 0.6476213, 1597.8881, 1597.8881, 955.371, 717.77356, , 
65658.645947583, 001713, -3.0884087, 0.008977894, 6.772199, 0.010288646, 0.31590965, -0.6933087, 0.64762497, 1597.8881, 1597.8881, 955.3703, 717.7735, , 
65658.679285541, 001714, -3.0825272, 0.0061045024, 6.7955756, 0.008524929, 0.3162831, -0.69285995, 0.64794856, 1597.4362, 1597.4362, 955.369, 717.7749, , 
65658.695954791, 001715, -3.0791874, 0.0048979633, 6.807679, 0.007752268, 0.31597865, -0.6927839, 0.64818805, 1597.8881, 1597.8881, 955.36786, 717.77527, , 
65658.712623875, 001716, -3.0757394, 0.0037290342, 6.8198, 0.007210354, 0.3152205, -0.6927739, 0.64857405, 1597.8881, 1597.8881, 955.3667, 717.7752, , 
65658.745962, 001717, -3.0686154, 0.0014305487, 6.843908, 0.0066328105, 0.31248364, -0.69265646, 0.6500284, 1597.8881, 1597.8881, 955.3638, 717.77527, , 
65658.762631125, 001718, -3.0644665, -0.000107247564, 6.8538566, 0.006297612, 0.31051165, -0.6926698, 0.6509618, 1597.8881, 1597.8881, 955.3612, 717.77515, , 
65658.795969375, 001719, -3.0564387, -0.0020931624, 6.876415, 0.005011715, 0.30502275, -0.6934607, 0.65272355, 1597.8881, 1597.8881, 955.35565, 717.7724, , 
65658.812638333, 001720, -3.0524447, -0.0028557146, 6.8883553, 0.0049541397, 0.3023359, -0.69386196, 0.6535472, 1597.8881, 1597.8881, 955.3522, 717.76984, , 
65658.829307458, 001721, -3.0484707, -0.0036270882, 6.901068, 0.0062358547, 0.30127797, -0.6936597, 0.6542391, 1597.8881, 1597.8881, 955.3517, 717.77, , 
65658.862645708, 001722, -3.0395067, -0.0046334416, 6.9267592, 0.012497174, 0.30463114, -0.692294, 0.6540433, 1597.8881, 1597.8881, 955.3582, 717.775, , 
65658.879314666, 001723, -3.0349874, -0.0046242103, 6.9397464, 0.015870731, 0.3072128, -0.6921068, 0.6529598, 1597.8881, 1597.8881, 955.36505, 717.7772, , 
65658.912652916, 001724, -3.0264623, -0.0034628208, 6.9646196, 0.021844903, 0.3098245, -0.69364816, 0.64991057, 1597.8881, 1597.8881, 955.37354, 717.77344, , 
65658.929322041, 001725, -3.0225725, -0.0026151575, 6.9762897, 0.024528828, 0.30960086, -0.6945989, 0.6489051, 1597.8881, 1597.8881, 955.37714, 717.7688, , 
65658.962660125, 001726, -3.0151892, -0.0018117614, 6.996846, 0.028788844, 0.30727944, -0.69482523, 0.64959097, 1597.8881, 1597.8881, 955.3795, 717.7664, , 
65658.979329333, 001727, -3.0119796, -0.0015189688, 7.007356, 0.030487526, 0.30571845, -0.6940655, 0.65106034, 1597.8881, 1597.8881, 955.3796, 717.769, , 
65658.995998416, 001728, -3.0090425, -0.0011653755, 7.018337, 0.032091413, 0.30420327, -0.6930523, 0.65277016, 1597.8881, 1597.8881, 955.3795, 717.7721, , 
65659.029336458, 001729, -3.003526, -0.00044062734, 7.0409226, 0.035502695, 0.30207443, -0.6909093, 0.65584666, 1597.8881, 1597.8881, 955.3802, 717.7797, , 
65659.046005583, 001730, -3.0008023, -6.438792e-05, 7.0524364, 0.03741135, 0.30194378, -0.6898628, 0.65690154, 1597.8881, 1597.8881, 955.3816, 717.7831, , 
65659.079343875, 001731, -2.9949923, 0.0023866966, 7.0709233, 0.041008264, 0.3022902, -0.6884108, 0.6580497, 1597.8881, 1597.8881, 955.386, 717.7889, , 
65659.096013041, 001732, -2.9921532, 0.0032914025, 7.081645, 0.04256264, 0.30208194, -0.68812114, 0.6583496, 1597.8881, 1597.8881, 955.3874, 717.78986, , 
65659.129351125, 001733, -2.9865615, 0.0051731654, 7.103093, 0.045361806, 0.30093795, -0.68811786, 0.6586899, 1597.4362, 1597.4362, 955.3893, 717.7895, , 
65659.14602025, 001734, -2.9838197, 0.0060296766, 7.113774, 0.046409365, 0.30049655, -0.6881103, 0.65882635, 1597.4362, 1597.4362, 955.38995, 717.78925, , 
65659.179358375, 001735, -2.9781322, 0.0069562015, 7.1317677, 0.047108773, 0.2994968, -0.6880402, 0.65930504, 1597.4362, 1597.4362, 955.3901, 717.7895, , 
65659.196027458, 001736, -2.9755173, 0.007288944, 7.14207, 0.046942364, 0.29892802, -0.688008, 0.6596085, 1597.4362, 1597.4362, 955.38916, 717.7896, , 
65659.212696583, 001737, -2.972965, 0.0073877014, 7.152657, 0.046746187, 0.29852852, -0.68797994, 0.65983254, 1597.8881, 1597.8881, 955.3884, 717.7897, , 
65659.246034833, 001738, -2.9680266, 0.0068182456, 7.1744523, 0.046619732, 0.2982811, -0.68781173, 0.6601286, 1597.8881, 1597.8881, 955.388, 717.7902, , 
65659.262703791, 001739, -2.9653242, 0.00600389, 7.1831317, 0.046590783, 0.29805276, -0.6878318, 0.660213, 1597.8881, 1597.8881, 955.38776, 717.79034, , 
65659.296042125, 001740, -2.960654, 0.004441779, 7.2044005, 0.046008885, 0.29715845, -0.6879563, 0.66052717, 1597.8881, 1597.8881, 955.3862, 717.7899, , 
65659.31271125, 001741, -2.958484, 0.0035563745, 7.2156353, 0.04546403, 0.29659846, -0.68804616, 0.660723, 1597.8881, 1597.8881, 955.3852, 717.7896, , 
65659.34604925, 001742, -2.954384, 0.0015417155, 7.238847, 0.04469766, 0.29578727, -0.688245, 0.66093177, 1597.8881, 1597.8881, 955.3833, 717.78894, , 
65659.362718458, 001743, -2.9531186, -0.00030177087, 7.2473497, 0.044142067, 0.29546112, -0.6883969, 0.6609568, 1597.8881, 1597.8881, 955.3826, 717.7885, , 
65659.396056583, 001744, -2.949797, -0.0030651242, 7.269992, 0.042294722, 0.2946568, -0.6886394, 0.66118395, 1597.8881, 1597.8881, 955.3798, 717.7877, , 
65659.412725666, 001745, -2.948168, -0.0044898316, 7.2821274, 0.041075952, 0.29421085, -0.6886256, 0.66147375, 1597.8881, 1597.8881, 955.3783, 717.7878, , 
65659.429394708, 001746, -2.946611, -0.006019462, 7.2945013, 0.039888814, 0.29376942, -0.68852746, 0.66184455, 1597.8881, 1597.8881, 955.37683, 717.7881, , 
65659.462733, 001747, -2.9443605, -0.009181395, 7.315967, 0.037473142, 0.29271019, -0.68829954, 0.6626916, 1597.8881, 1597.8881, 955.3732, 717.7892, , 
65659.479401958, 001748, -2.9431415, -0.01058894, 7.32744, 0.036453694, 0.29161265, -0.68852067, 0.6630026, 1597.8881, 1597.8881, 955.37134, 717.7887, , 
65659.51274025, 001749, -2.94021, -0.012932856, 7.3531494, 0.034875203, 0.2911767, -0.68852466, 0.6632748, 1597.8881, 1597.8881, 955.3688, 717.78815, , 
65659.529409416, 001750, -2.938593, -0.0137196, 7.36674, 0.034504283, 0.29246953, -0.68815213, 0.6631121, 1597.8881, 1597.8881, 955.3694, 717.78955, , 
65659.5627475, 001751, -2.936098, -0.014353208, 7.39002, 0.03530428, 0.29547703, -0.6881773, 0.6617091, 1597.8881, 1597.8881, 955.37335, 717.79016, , 
65659.579416583, 001752, -2.9345415, -0.01392208, 7.402183, 0.03624421, 0.2969651, -0.68856806, 0.6605846, 1597.8881, 1597.8881, 955.37555, 717.789, , 
65659.612754833, 001753, -2.930724, -0.011874195, 7.427915, 0.038657337, 0.29954168, -0.68950444, 0.65830386, 1597.8881, 1597.8881, 955.3803, 717.78577, , 
65659.62942375, 001754, -2.928713, -0.010449663, 7.440643, 0.04009073, 0.30036807, -0.6898374, 0.6574922, 1597.8881, 1597.8881, 955.3833, 717.784, , 
65659.662762, 001755, -2.9253137, -0.007883981, 7.462293, 0.04263696, 0.30076927, -0.68974185, 0.6572488, 1597.8881, 1597.8881, 955.3866, 717.78326, , 
65659.679431208, 001756, -2.9236984, -0.006372031, 7.473193, 0.04318384, 0.30046517, -0.6893293, 0.6577849, 1597.8881, 1597.8881, 955.3874, 717.78467, , 
65659.712769333, 001757, -2.920298, -0.0028128321, 7.4953585, 0.042406432, 0.2979579, -0.6890016, 0.65931755, 1597.8881, 1597.8881, 955.3848, 717.7862, , 
65659.729438416, 001758, -2.9185505, -0.0009935427, 7.5062127, 0.041387264, 0.29573116, -0.6893071, 0.660065, 1597.8881, 1597.8881, 955.38086, 717.78503, , 
65659.762776666, 001759, -2.915863, 0.0015812926, 7.527809, 0.03883786, 0.2926605, -0.6892145, 0.6616832, 1597.8881, 1597.8881, 955.37506, 717.7843, , 
65659.779445625, 001760, -2.9143052, 0.0024553537, 7.5394297, 0.037755612, 0.29299456, -0.6884902, 0.66235185, 1597.8881, 1597.8881, 955.3738, 717.7872, , 
65659.812783875, 001761, -2.9102829, 0.0040817526, 7.563738, 0.036004122, 0.2958507, -0.68721604, 0.6625029, 1597.8881, 1597.8881, 955.37463, 717.7922, , 
65659.829453041, 001762, -2.907976, 0.004922081, 7.575882, 0.0351953, 0.29757214, -0.6869572, 0.66204363, 1597.8881, 1597.8881, 955.3758, 717.794, , 
65659.846121958, 001763, -2.9055316, 0.005767125, 7.587858, 0.034532253, 0.29917452, -0.68694293, 0.6613708, 1597.8881, 1597.8881, 955.3767, 717.7944, , 
65659.879460208, 001764, -2.8999496, 0.0056181587, 7.6101193, 0.033787493, 0.30141315, -0.6873945, 0.6599222, 1597.8881, 1597.8881, 955.3784, 717.793, , 
65659.896129333, 001765, -2.8972101, 0.00611924, 7.62128, 0.03361926, 0.30157036, -0.6878833, 0.6593494, 1597.8881, 1597.8881, 955.37854, 717.7915, , 
65659.929467458, 001766, -2.8918276, 0.006583851, 7.6433215, 0.03360408, 0.30047357, -0.68863475, 0.65906644, 1597.8881, 1597.8881, 955.3776, 717.7885, , 
65659.962805708, 001767, -2.8868294, 0.005027145, 7.66586, 0.0343282, 0.2987321, -0.6882697, 0.66020113, 1597.8881, 1597.8881, 955.37634, 717.7887, , 
65659.979474791, 001768, -2.884321, 0.0039584306, 7.677337, 0.034943495, 0.29809245, -0.68776095, 0.6609877, 1597.8881, 1597.8881, 955.3761, 717.79004, , 
65659.996144, 001769, -2.8817334, 0.0028619994, 7.6888566, 0.03538907, 0.29765275, -0.6872126, 0.6617321, 1597.8881, 1597.8881, 955.3762, 717.7923, , 
65660.029482041, 001770, -2.876321, 0.0005466606, 7.711764, 0.03531219, 0.29633394, -0.6867002, 0.6628589, 1597.8881, 1597.8881, 955.3752, 717.7942, , 
65660.046151166, 001771, -2.87351, -0.0006961111, 7.723135, 0.03494667, 0.2953503, -0.6866552, 0.66336375, 1597.8881, 1597.8881, 955.37354, 717.7944, , 
65660.079489291, 001772, -2.8671877, -0.0038681142, 7.7466965, 0.034310956, 0.2932828, -0.6864812, 0.6644934, 1597.8881, 1597.8881, 955.371, 717.7947, , 
65660.096158416, 001773, -2.864249, -0.0052815676, 7.7580595, 0.034434892, 0.29207256, -0.6864469, 0.6650552, 1597.8881, 1597.8881, 955.3696, 717.7948, , 
65660.129496666, 001774, -2.8585622, -0.0076379622, 7.780068, 0.034915492, 0.28814915, -0.68703395, 0.66613466, 1597.8881, 1597.8881, 955.3667, 717.79266, , 
65660.146165625, 001775, -2.855927, -0.0087062605, 7.790966, 0.035038903, 0.28603697, -0.68703926, 0.6670323, 1597.8881, 1597.8881, 955.36426, 717.79175, , 
65660.179503875, 001776, -2.8506494, -0.012155537, 7.812794, 0.03678489, 0.2844795, -0.68535614, 0.66933185, 1597.8881, 1597.8881, 955.364, 717.7965, , 
65660.196172958, 001777, -2.8482704, -0.0127525255, 7.8238716, 0.03851911, 0.28367186, -0.68456656, 0.67038435, 1597.8881, 1597.8881, 955.36505, 717.7999, , 
65660.229511083, 001778, -2.8436918, -0.012489442, 7.8455625, 0.042995248, 0.28109607, -0.6838211, 0.6719562, 1597.8881, 1597.8881, 955.3666, 717.80194, , 
65660.262849333, 001779, -2.8387973, -0.0113589205, 7.866332, 0.049295023, 0.2788205, -0.6841999, 0.6720859, 1597.8881, 1597.8881, 955.3703, 717.79974, , 
65660.279518458, 001780, -2.8363748, -0.010479018, 7.876544, 0.052555762, 0.27785602, -0.68471676, 0.67171186, 1597.8881, 1597.8881, 955.37225, 717.7976, , 
65660.312856541, 001781, -2.83184, -0.008443028, 7.8965645, 0.057381228, 0.27580038, -0.68596566, 0.6708894, 1597.8881, 1597.8881, 955.3753, 717.79144, , 
65660.329525666, 001782, -2.8297458, -0.0075342767, 7.9063954, 0.058824632, 0.27492025, -0.6864541, 0.670626, 1597.8881, 1597.8881, 955.3758, 717.78925, , 
65660.362863958, 001783, -2.825942, -0.0061667454, 7.9261065, 0.060902156, 0.27429134, -0.6866566, 0.67049074, 1597.8881, 1597.8881, 955.37683, 717.7873, , 
65660.379532916, 001784, -2.8241823, -0.0058761276, 7.936151, 0.06186295, 0.2749865, -0.68615794, 0.67062855, 1597.8881, 1597.8881, 955.37854, 717.7886, , 
65660.412871166, 001785, -2.8207266, -0.00591414, 7.9563255, 0.06409413, 0.27775604, -0.6844781, 0.6709942, 1597.8881, 1597.8881, 955.3832, 717.7939, , 
65660.429540291, 001786, -2.8189201, -0.0060341656, 7.9661665, 0.06528683, 0.27899718, -0.6839531, 0.67089957, 1597.8881, 1597.8881, 955.3865, 717.79645, , 
65660.462878333, 001787, -2.8145428, -0.006806247, 7.9853997, 0.06718842, 0.28048176, -0.68380654, 0.670242, 1597.4362, 1597.4362, 955.3901, 717.79694, , 
65660.4795475, 001788, -2.812519, -0.007307664, 7.994881, 0.06799637, 0.28117242, -0.6837393, 0.6699395, 1597.4362, 1597.4362, 955.3919, 717.79694, , 
65660.512885708, 001789, -2.809102, -0.008637749, 8.014152, 0.069677584, 0.28362003, -0.6830165, 0.6694723, 1597.8881, 1597.8881, 955.3959, 717.7987, , 
65660.529554625, 001790, -2.8076205, -0.009545628, 8.024081, 0.07042494, 0.28557777, -0.6823241, 0.66926783, 1597.8881, 1597.8881, 955.3995, 717.80145, , 
65660.562892958, 001791, -2.803708, -0.011201464, 8.042962, 0.07110031, 0.28989765, -0.6812318, 0.6684514, 1597.8881, 1597.8881, 955.4051, 717.8058, , 
65660.579562125, 001792, -2.8021452, -0.011960808, 8.052431, 0.07104286, 0.29128286, -0.6813346, 0.6677502, 1597.8881, 1597.8881, 955.4073, 717.8061, , 
65660.612900125, 001793, -2.8001244, -0.0134933265, 8.071821, 0.070922524, 0.2929041, -0.6822494, 0.6661176, 1597.8881, 1597.8881, 955.4089, 717.8033, , 
65660.629569291, 001794, -2.7995152, -0.01435842, 8.0817375, 0.07098267, 0.29368898, -0.6825321, 0.6654759, 1597.8881, 1597.8881, 955.41003, 717.8019, , 
65660.6629075, 001795, -2.7987425, -0.01688762, 8.100842, 0.07031724, 0.2954941, -0.682552, 0.66472656, 1597.4362, 1597.4362, 955.41144, 717.80194, , 
65660.6795765, 001796, -2.7985497, -0.018109862, 8.110721, 0.069282554, 0.2965163, -0.682614, 0.66431624, 1597.4362, 1597.4362, 955.4117, 717.80225, , 
65660.71291475, 001797, -2.7983963, -0.02019376, 8.131168, 0.066156514, 0.29840508, -0.6835263, 0.66284955, 1597.8881, 1597.8881, 955.4104, 717.8005, , 
65660.729583916, 001798, -2.7984896, -0.021161616, 8.141584, 0.064616494, 0.29932612, -0.68424714, 0.6618416, 1597.8881, 1597.8881, 955.4097, 717.79865, , 
65660.762921958, 001799, -2.7994363, -0.023100752, 8.162716, 0.061648037, 0.301283, -0.6852494, 0.6601979, 1597.8881, 1597.8881, 955.4087, 717.7952, , 
65660.779591041, 001800, -2.800129, -0.024762332, 8.1725445, 0.059802618, 0.30186775, -0.68544406, 0.6598984, 1597.8881, 1597.8881, 955.4076, 717.7949, , 
65660.812929375, 001801, -2.8030138, -0.026538149, 8.193511, 0.055051643, 0.30185834, -0.684808, 0.6609757, 1597.8881, 1597.8881, 955.40216, 717.7975, , 
65660.829598291, 001802, -2.8049943, -0.02713414, 8.204503, 0.052704923, 0.30239826, -0.68370396, 0.6620622, 1597.8881, 1597.8881, 955.4001, 717.80115, , 
65660.862936541, 001803, -2.8092391, -0.028401637, 8.226015, 0.05044657, 0.30513975, -0.68093157, 0.6638351, 1597.8881, 1597.8881, 955.39996, 717.81256, , 
65660.879605666, 001804, -2.811583, -0.028373683, 8.23668, 0.050594322, 0.30612138, -0.6801019, 0.66422236, 1597.8881, 1597.8881, 955.40137, 717.81604, , 
65660.896274666, 001805, -2.8141644, -0.027719278, 8.246937, 0.050878834, 0.30553588, -0.6800874, 0.664485, 1597.8881, 1597.8881, 955.4018, 717.817, , 
65660.929612833, 001806, -2.8203406, -0.025441773, 8.266169, 0.05017654, 0.30030364, -0.6807436, 0.66624933, 1597.8881, 1597.8881, 955.39575, 717.8137, , 
65660.946282041, 001807, -2.8238792, -0.0242697, 8.275897, 0.049583558, 0.2981201, -0.680157, 0.6678714, 1597.8881, 1597.8881, 955.3925, 717.8145, , 
65660.979620125, 001808, -2.8314164, -0.023052309, 8.294747, 0.050475832, 0.2972457, -0.6770093, 0.67138326, 1597.8881, 1597.8881, 955.3917, 717.8251, , 
65660.996289208, 001809, -2.8353343, -0.021951962, 8.304548, 0.0516059, 0.29696265, -0.6754743, 0.6729669, 1597.8881, 1597.8881, 955.39294, 717.8305, , 
65661.0296275, 001810, -2.8434286, -0.01908768, 8.322481, -0.053589903, -0.29309833, 0.6744879, -0.67549056, 1597.8881, 1597.8881, 955.392, 717.8351, , 
65661.046296458, 001811, -2.8476205, -0.017627861, 8.330766, -0.054543205, -0.2902617, 0.6746918, -0.6764349, 1597.8881, 1597.8881, 955.3901, 717.8342, , 
65661.079634708, 001812, -2.8565369, -0.016213153, 8.345505, -0.056741297, -0.28518417, 0.6750996, -0.67800504, 1597.8881, 1597.8881, 955.3866, 717.83154, , 
65661.096303791, 001813, -2.8610754, -0.015510555, 8.353249, -0.057884112, -0.2828255, 0.6752675, -0.67872894, 1597.8881, 1597.8881, 955.38544, 717.8306, , 
65661.112972958, 001814, -2.8657324, -0.014944155, 8.360971, -0.05888475, -0.2803704, 0.67542255, -0.6795067, 1597.8881, 1597.8881, 955.38403, 717.8295, , 
65661.146311041, 001815, -2.875544, -0.014314815, 8.376471, -0.060827397, -0.2758039, 0.6751347, -0.68148756, 1597.8881, 1597.8881, 955.38086, 717.82904, , 
65661.162980166, 001816, -2.8807852, -0.015138123, 8.383699, -0.06254974, -0.27385044, 0.6746654, -0.68258333, 1597.8881, 1597.8881, 955.38055, 717.8298, , 
65661.19631825, 001817, -2.8917158, -0.015593696, 8.3988695, -0.068480425, -0.26987788, 0.6734274, -0.68481505, 1597.8881, 1597.8881, 955.3824, 717.8323, , 
65661.212987416, 001818, -2.8974106, -0.015752621, 8.406319, -0.07220931, -0.26753855, 0.67266953, -0.6860937, 1597.8881, 1597.8881, 955.3838, 717.8335, , 
65661.2296565, 001819, -2.9032474, -0.015965205, 8.413566, -0.07613013, -0.26487374, 0.6717898, -0.68756413, 1597.8881, 1597.8881, 955.3856, 717.8354, , 
65661.262994583, 001820, -2.9146376, -0.017083403, 8.427163, -0.08457867, -0.2587691, 0.66950285, -0.69112283, 1597.8881, 1597.8881, 955.3884, 717.8394, , 
65661.279663708, 001821, -2.9206457, -0.017736591, 8.433773, -0.089293055, -0.25530842, 0.66813755, -0.6931353, 1597.8881, 1597.8881, 955.3905, 717.84283, , 
65661.313001958, 001822, -2.9334621, -0.01909212, 8.446639, -0.10002332, -0.24694894, 0.66520137, -0.6975089, 1597.8881, 1597.8881, 955.3937, 717.8476, , 
65661.329671083, 001823, -2.9401283, -0.019846715, 8.4529, -0.105996676, -0.24207272, 0.6636698, -0.69979125, 1597.8881, 1597.8881, 955.39575, 717.8502, , 
65661.363009125, 001824, -2.9540157, -0.022313721, 8.464973, -0.11851937, -0.23148489, 0.6604644, -0.7043825, 1597.4362, 1597.4362, 955.3989, 717.8539, , 
65661.379678291, 001825, -2.961125, -0.023443025, 8.470822, -0.12475325, -0.22568521, 0.65894425, -0.70660824, 1597.4362, 1597.4362, 955.40027, 717.8556, , 
65661.413016541, 001826, -2.9756677, -0.02531999, 8.482098, -0.13693775, -0.2127062, 0.6561245, -0.7109886, 1597.4362, 1597.4362, 955.40076, 717.8567, , 
65661.429685458, 001827, -2.983182, -0.026267339, 8.487625, -0.14337432, -0.20581792, 0.65449136, -0.7132488, 1597.4362, 1597.4362, 955.40076, 717.85736, , 
65661.446354625, 001828, -2.9908583, -0.027214978, 8.493085, -0.15035982, -0.19876496, 0.6526512, -0.7154934, 1597.4362, 1597.4362, 955.40155, 717.85846, , 
65661.46302375, 001829, -2.9983003, -0.028972354, 8.4972105, -0.15770635, -0.19118924, 0.6507447, -0.7177093, 1597.4362, 1597.4362, 955.4023, 717.8589, , 
65661.479692833, 001830, -3.006061, -0.029981852, 8.501792, -0.16517472, -0.18292007, 0.6489713, -0.71978724, 1597.4362, 1597.4362, 955.4024, 717.85876, , 
65661.496361833, 001831, -3.0139391, -0.030666575, 8.506335, -0.17257744, -0.1740878, 0.64726233, -0.7217769, 1597.4362, 1597.4362, 955.40155, 717.8576, , 
65661.529700125, 001832, -3.0297503, -0.03157682, 8.515034, -0.18706015, -0.15591696, 0.64372563, -0.7254761, 1597.8881, 1597.8881, 955.3995, 717.85583, , 
65661.546369166, 001833, -3.0375702, -0.03177792, 8.519091, -0.19437116, -0.14645506, 0.642034, -0.7270234, 1597.8881, 1597.8881, 955.39764, 717.8538, , 
65661.579707291, 001834, -3.0520957, -0.030731896, 8.525469, -0.20883898, -0.12619518, 0.63898563, -0.7294919, 1597.8881, 1597.8881, 955.3933, 717.8489, , 
65661.613045541, 001835, -3.0667658, -0.029607367, 8.531213, -0.2231017, -0.103968486, 0.6362464, -0.731168, 1597.8881, 1597.8881, 955.38586, 717.84064, , 
65661.629714708, 001836, -3.0740526, -0.02873918, 8.533521, -0.22991274, -0.09188247, 0.6348096, -0.7319252, 1597.8881, 1597.8881, 955.3816, 717.8369, , 
65661.646383625, 001837, -3.0814314, -0.027764063, 8.535613, -0.23686615, -0.07960103, 0.6328364, -0.7328548, 1597.8881, 1597.8881, 955.37726, 717.83405, , 
65661.679721833, 001838, -3.0961056, -0.02521317, 8.538732, -0.25317374, -0.05731813, 0.62602735, -0.73532796, 1597.8881, 1597.8881, 955.37274, 717.83386, , 
65661.696391, 001839, -3.1034832, -0.024082411, 8.540448, -0.26263282, -0.04671202, 0.62179554, -0.73635066, 1597.8881, 1597.8881, 955.3732, 717.835, , 
65661.71306, 001840, -3.1105168, -0.022800513, 8.5417185, -0.2723081, -0.03553119, 0.6176684, -0.7369338, 1597.8881, 1597.8881, 955.3738, 717.8352, , 
65661.746398208, 001841, -3.1234264, -0.019831326, 8.542656, -0.29023406, -0.010898151, 0.61008245, -0.737187, 1597.8881, 1597.8881, 955.3711, 717.83295, , 
65661.763067333, 001842, -3.1291153, -0.01823311, 8.541702, -0.29848376, 0.001411964, 0.60611326, -0.73724633, 1597.8881, 1597.8881, 955.36847, 717.8321, , 
65661.7797365, 001843, -3.1349933, -0.016737722, 8.54135, -0.30663553, 0.012894091, 0.6017784, -0.7373405, 1597.8881, 1597.8881, 955.3672, 717.8325, , 
65661.813074541, 001844, -3.1464555, -0.013610929, 8.540682, -0.32270226, 0.034263533, 0.59323645, -0.7367223, 1597.8881, 1597.8881, 955.3658, 717.8328, , 
65661.829743666, 001845, -3.1518548, -0.011909161, 8.539996, -0.3303102, 0.04462835, 0.58950347, -0.7357914, 1597.8881, 1597.8881, 955.36475, 717.8315, , 
65661.846412791, 001846, -3.1570213, -0.010176681, 8.538966, -0.33773312, 0.055030454, 0.58604413, -0.73447955, 1597.8881, 1597.8881, 955.3632, 717.82935, , 
65661.879750833, 001847, -3.1663766, -0.0073465253, 8.534329, -0.35271385, 0.07600607, 0.57892907, -0.7312025, 1597.8881, 1597.8881, 955.35925, 717.82306, , 
65661.896419958, 001848, -3.171123, -0.005892761, 8.532227, -0.36017528, 0.0863707, 0.57494116, -0.7295591, 1598.34, 1598.34, 955.358, 717.8209, , 
65661.913089083, 001849, -3.1758735, -0.0045504384, 8.5300045, -0.36725736, 0.09639932, 0.57071435, -0.7280895, 1598.34, 1598.34, 955.3568, 717.8197, , 
65661.94642725, 001850, -3.1852918, -0.0021640626, 8.525059, -0.3799638, 0.11515332, 0.56210554, -0.7255374, 1597.8881, 1597.8881, 955.35474, 717.81964, , 
65661.963096291, 001851, -3.1898677, -0.0010584664, 8.522335, -0.38573197, 0.12395189, 0.55797106, -0.7242341, 1597.8881, 1597.8881, 955.3539, 717.82007, , 
65661.996434541, 001852, -3.1955106, 0.0016697273, 8.513717, -0.39641675, 0.14066629, 0.5506735, -0.7209892, 1597.8881, 1597.8881, 955.35144, 717.8196, , 
65662.013103541, 001853, -3.1993296, 0.0028214008, 8.510349, -0.401476, 0.14848024, 0.547435, -0.7190866, 1595.6285, 1595.6285, 955.3502, 717.8184, , 
65662.029772708, 001854, -3.2032611, 0.0038834773, 8.50702, -0.40644017, 0.15595573, 0.5442635, -0.71712023, 1595.6285, 1595.6285, 955.3486, 717.8164, , 
65662.063110875, 001855, -3.2105098, 0.005525161, 8.499291, -0.41596943, 0.1697912, 0.53781265, -0.71337086, 1595.6285, 1595.6285, 955.3468, 717.8141, , 
65662.079779958, 001856, -3.2143857, 0.00610872, 8.495508, -0.4205341, 0.17623955, 0.5345304, -0.71159536, 1597.8881, 1597.8881, 955.346, 717.813, , 
65662.096449, 001857, -3.218524, 0.006561864, 8.491859, -0.4250429, 0.18244946, 0.5311718, -0.7098643, 1597.8881, 1597.8881, 955.34564, 717.8124, , 
65662.129787208, 001858, -3.227139, 0.007177662, 8.484538, -0.43391582, 0.19436757, 0.52420866, -0.70650095, 1597.8881, 1597.8881, 955.3452, 717.8114, , 
65662.146456375, 001859, -3.2315147, 0.007447634, 8.480847, -0.43838942, 0.2002335, 0.5206722, -0.70471394, 1600.1476, 1600.1476, 955.3452, 717.811, , 
65662.163125375, 001860, -3.2359302, 0.0077346526, 8.4770975, -0.44287574, 0.20609386, 0.51709175, -0.7028531, 1600.1476, 1600.1476, 955.3451, 717.8103, , 
65662.196463583, 001861, -3.2423346, 0.008534398, 8.46702, -0.45076454, 0.21738094, 0.5101098, -0.69953185, 1600.1476, 1600.1476, 955.34485, 717.8104, , 
65662.21313275, 001862, -3.2466412, 0.008857522, 8.462722, -0.45425206, 0.22274414, 0.5068604, -0.6979489, 1602.4071, 1602.4071, 955.3446, 717.81085, , 
65662.229801791, 001863, -3.2510278, 0.009243332, 8.458402, -0.45768124, 0.22804873, 0.5038767, -0.6961537, 1602.4071, 1602.4071, 955.3441, 717.8108, , 
65662.263139833, 001864, -3.259823, 0.010100577, 8.449414, -0.464017, 0.23864801, 0.49858215, -0.69220746, 1602.4071, 1602.4071, 955.34216, 717.80896, , 
65662.279809, 001865, -3.2631764, 0.01039869, 8.444349, -0.4664271, 0.2440691, 0.4963417, -0.6903049, 1604.6666, 1604.6666, 955.3409, 717.80865, , 
65662.296478166, 001866, -3.2673674, 0.010683652, 8.439404, -0.4683841, 0.24947909, 0.49415433, -0.6886131, 1604.6666, 1604.6666, 955.3388, 717.8092, , 
65662.313147041, 001867, -3.2719786, 0.010923479, 8.434431, -0.47004905, 0.25471032, 0.49186522, -0.68720096, 1604.6666, 1604.6666, 955.3374, 717.8106, , 
65662.346485333, 001868, -3.2819114, 0.011334132, 8.424402, -0.4726721, 0.26437312, 0.48724, -0.6850437, 1609.1857, 1609.1857, 955.3353, 717.815, , 
65662.3631545, 001869, -3.2870429, 0.0115962885, 8.419392, -0.47383675, 0.26888016, 0.48505738, -0.6840333, 1609.1857, 1609.1857, 955.33417, 717.81824, , 
65662.379823625, 001870, -3.2912502, 0.012104116, 8.413988, -0.4749363, 0.27340645, 0.48309565, -0.6828638, 1609.1857, 1609.1857, 955.3331, 717.8203, , 
65662.413161666, 001871, -3.3006904, 0.013074648, 8.403804, -0.4765556, 0.28336126, 0.4801205, -0.67976856, 1605.5704, 1605.5704, 955.3294, 717.8237, , 
65662.429830791, 001872, -3.3055012, 0.013587158, 8.398818, -0.47700942, 0.28865996, 0.4789788, -0.6780241, 1606.0223, 1606.0223, 955.32715, 717.825, , 
65662.4465, 001873, -3.3104968, 0.014117647, 8.393867, -0.47741783, 0.2937548, 0.4776878, -0.6764575, 1605.5704, 1605.5704, 955.3252, 717.8266, , 
65662.463168875, 001874, -3.3153439, 0.014282856, 8.388862, -0.47773018, 0.2984105, 0.47625443, -0.6752086, 1605.5704, 1605.5704, 955.32336, 717.8296, , 
65662.496507083, 001875, -3.326655, 0.01531009, 8.379199, -0.477517, 0.30575117, 0.4733489, -0.67411757, 1605.5704, 1605.5704, 955.3217, 717.8363, , 
65662.513176208, 001876, -3.3326588, 0.01600077, 8.374627, -0.4774723, 0.30840224, 0.47205362, -0.6738498, 1605.5704, 1605.5704, 955.3215, 717.84064, , 
65662.529845416, 001877, -3.338564, 0.016852926, 8.37025, -0.47805575, 0.3108159, 0.4708949, -0.67313755, 1605.5704, 1605.5704, 955.3212, 717.84235, , 
65662.546514291, 001878, -3.3442698, 0.017837126, 8.366019, -0.47920883, 0.3133519, 0.4699628, -0.6717919, 1605.5704, 1605.5704, 955.3207, 717.84216, , 
65662.579852583, 001879, -3.3553185, 0.019297201, 8.358336, -0.48140985, 0.31886277, 0.46847498, -0.668657, 1606.0223, 1606.0223, 955.3185, 717.8397, , 
65662.59652175, 001880, -3.3611255, 0.01993974, 8.354459, -0.48200473, 0.3211952, 0.467492, -0.66779953, 1606.0223, 1606.0223, 955.3179, 717.8402, , 
65662.613190583, 001881, -3.3671575, 0.020638589, 8.350539, -0.48245296, 0.32302824, 0.4663636, -0.66738045, 1605.5704, 1605.5704, 955.31775, 717.8416, , 
65662.629859833, 001882, -3.3732493, 0.021427806, 8.346697, -0.48300856, 0.32444632, 0.46526816, -0.6670553, 1605.5704, 1605.5704, 955.318, 717.8433, , 
65662.646528916, 001883, -3.3792596, 0.022324856, 8.342965, -0.48378715, 0.3255638, 0.46431974, -0.6666073, 1605.5704, 1605.5704, 955.3181, 717.84393, , 
65662.679866958, 001884, -3.3912446, 0.023496043, 8.336282, -0.48614913, 0.3278099, 0.46301427, -0.6646934, 1605.5704, 1605.5704, 955.31775, 717.8416, , 
65662.696536125, 001885, -3.3964195, 0.024469517, 8.3328085, -0.48734346, 0.32941929, 0.46274015, -0.6632124, 1605.5704, 1605.5704, 955.31696, 717.8394, , 
65662.71320525, 001886, -3.4012969, 0.025382843, 8.329335, -0.48819056, 0.33122596, 0.46276504, -0.6616704, 1605.5704, 1605.5704, 955.3159, 717.8371, , 
65662.7465435, 001887, -3.4107077, 0.026800323, 8.322514, -0.48865658, 0.33456218, 0.46373641, -0.65896237, 1605.5704, 1605.5704, 955.313, 717.83276, , 
65662.763212458, 001888, -3.4154277, 0.027293455, 8.319149, -0.4888642, 0.33580676, 0.46420673, -0.65784323, 1605.5704, 1605.5704, 955.3118, 717.83105, , 
65662.779881625, 001889, -3.4203255, 0.02697229, 8.316291, -0.48929685, 0.3367499, 0.46455994, -0.65678924, 1605.5704, 1605.5704, 955.3108, 717.8287, , 
65662.796550666, 001890, -3.4252446, 0.026760932, 8.313307, -0.48994544, 0.33743945, 0.4647458, -0.6558196, 1605.5704, 1605.5704, 955.31006, 717.82666, , 
65662.829889, 001891, -3.435259, 0.026913721, 8.306654, -0.49116442, 0.3383865, 0.4643107, -0.6547272, 1603.3109, 1603.3109, 955.30963, 717.824, , 
65662.846557916, 001892, -3.4403906, 0.027012642, 8.303198, -0.49176523, 0.33873102, 0.46348304, -0.65468436, 1603.3109, 1603.3109, 955.3099, 717.8243, , 
65662.863227041, 001893, -3.4454813, 0.027175512, 8.299707, -0.49243355, 0.3392081, 0.46244144, -0.6546715, 1603.3109, 1603.3109, 955.3103, 717.825, , 
65662.896565166, 001894, -3.4569597, 0.028109845, 8.294157, -0.49378082, 0.34119713, 0.46045622, -0.6540222, 1601.0514, 1601.0514, 955.31104, 717.8266, , 
65662.913234208, 001895, -3.4619164, 0.028478313, 8.290902, -0.4944324, 0.3425736, 0.45939362, -0.65355754, 1601.0514, 1601.0514, 955.31104, 717.8273, , 
65662.929903333, 001896, -3.466722, 0.02877317, 8.287498, -0.4951317, 0.3441471, 0.45807585, -0.6531262, 1601.0514, 1601.0514, 955.31116, 717.82837, , 
65662.963241583, 001897, -3.4763448, 0.029281061, 8.280587, -0.4967357, 0.34765047, 0.45500278, -0.6522002, 1599.2438, 1599.2438, 955.3118, 717.8318, , 
65662.979910583, 001898, -3.482474, 0.029622052, 8.277406, -0.49754992, 0.349463, 0.45360383, -0.6515851, 1599.2438, 1599.2438, 955.3121, 717.8331, , 
65662.996579666, 001899, -3.4881754, 0.029920552, 8.274201, -0.49845174, 0.35124975, 0.45240167, -0.6507704, 1599.2438, 1599.2438, 955.3121, 717.83405, , 
65663.029917875, 001900, -3.4986525, 0.030387137, 8.267717, 0.5004334, -0.35408196, -0.45058548, 0.6489722, 1596.9843, 1596.9843, 955.3117, 717.8334, , 
65663.046587, 001901, -3.503976, 0.03055806, 8.264457, 0.5013767, -0.35514677, -0.4499111, 0.64812964, 1596.9843, 1596.9843, 955.31146, 717.83234, , 
65663.079925041, 001902, -3.5165448, 0.030426558, 8.2577915, 0.50318843, -0.35704786, -0.4484354, 0.64670223, 1592.4652, 1592.4652, 955.3112, 717.831, , 
65663.096594291, 001903, -3.5227127, 0.03030983, 8.254361, 0.5038292, -0.35806978, -0.4477659, 0.646102, 1592.4652, 1592.4652, 955.3112, 717.83075, , 
65663.113263375, 001904, -3.5285218, 0.030212786, 8.250858, 0.50417155, -0.35934022, -0.44732782, 0.64543253, 1592.4652, 1592.4652, 955.3109, 717.8308, , 
65663.146601416, 001905, -3.5396626, 0.029945575, 8.243665, 0.5040744, -0.36299035, -0.44707406, 0.64363945, 1601.9552, 1601.9552, 955.30963, 717.83124, , 
65663.163270583, 001906, -3.5451603, 0.02974752, 8.240013, 0.50400835, -0.36531636, -0.4468584, 0.6425242, 1601.9552, 1601.9552, 955.3086, 717.83185, , 
65663.196608833, 001907, -3.558335, 0.029394686, 8.232817, 0.50487256, -0.37033874, -0.4455109, 0.63990057, 1601.9552, 1601.9552, 955.3072, 717.83264, , 
65663.21327775, 001908, -3.564302, 0.02913728, 8.22932, 0.5058713, -0.3728582, -0.4444646, 0.63837457, 1601.5033, 1601.5033, 955.30646, 717.8325, , 
65663.229946916, 001909, -3.5703135, 0.028868597, 8.225941, 0.50727975, -0.37520072, -0.44327754, 0.6367076, 1601.5033, 1601.5033, 955.306, 717.8318, , 
65663.263285166, 001910, -3.5825884, 0.02839284, 8.219515, 0.5109834, -0.37955448, -0.44099665, 0.6327371, 1601.5033, 1601.5033, 955.30475, 717.827, , 
65663.279954041, 001911, -3.5897777, 0.028336767, 8.2163515, 0.5129636, -0.38172963, -0.43990955, 0.63057935, 1601.5033, 1601.5033, 955.304, 717.8243, , 
65663.313292333, 001912, -3.6030931, 0.02774487, 8.209925, 0.5164958, -0.38629207, -0.4377524, 0.626405, 1601.5033, 1601.5033, 955.3024, 717.81885, , 
65663.329961458, 001913, -3.6097486, 0.027364362, 8.206672, 0.51804054, -0.38865885, -0.4365755, 0.6244838, 1601.5033, 1601.5033, 955.30194, 717.8174, , 
65663.363299583, 001914, -3.622849, 0.026850324, 8.200102, 0.52128106, -0.3941374, -0.43432242, 0.61990786, 1601.9552, 1601.9552, 955.30054, 717.8141, , 
65663.379968625, 001915, -3.630094, 0.02672875, 8.196321, 0.523001, -0.39736542, -0.433198, 0.6171791, 1601.9552, 1601.9552, 955.29926, 717.81104, , 
65663.413306958, 001916, -3.6439152, 0.02687708, 8.188726, 0.52635187, -0.40379512, -0.4298514, 0.6124793, 1601.9552, 1601.9552, 955.298, 717.80865, , 
65663.429975875, 001917, -3.6511502, 0.027099032, 8.1846695, 0.5280148, -0.4066114, -0.42733505, 0.6109436, 1601.9552, 1601.9552, 955.298, 717.80945, , 
65663.446645, 001918, -3.6586435, 0.027448338, 8.180468, 0.5296873, -0.4090278, -0.42440096, 0.60992736, 1601.9552, 1601.9552, 955.29846, 717.81116, , 
65663.479983208, 001919, -3.6742377, 0.02843361, 8.172349, 0.53373295, -0.41283932, -0.41773397, 0.6084333, 1601.9552, 1601.9552, 955.3004, 717.81537, , 
65663.496652375, 001920, -3.6815994, 0.029259797, 8.168335, 0.5364429, -0.4148721, -0.4143256, 0.60699624, 1601.9552, 1601.9552, 955.30115, 717.8157, , 
65663.513321333, 001921, -3.6884894, 0.030274488, 8.164317, 0.5394788, -0.41728184, -0.4109826, 0.604923, 1601.5033, 1601.5033, 955.3016, 717.8148, , 
65663.546659541, 001922, -3.7013066, 0.03233023, 8.156204, 0.5450947, -0.4233314, -0.40459865, 0.5999684, 1599.2438, 1599.2438, 955.3018, 717.8121, , 
65663.563328666, 001923, -3.7074008, 0.033183742, 8.152004, 0.54724157, -0.42691785, -0.40151417, 0.59754, 1599.2438, 1599.2438, 955.3018, 717.81213, , 
65663.579997583, 001924, -3.714223, 0.03311308, 8.147896, 0.54901814, -0.43064603, -0.3984923, 0.59525377, 1599.6957, 1599.6957, 955.3017, 717.8135, , 
65663.596666791, 001925, -3.720336, 0.03345738, 8.143662, 0.5506114, -0.4344705, -0.39561802, 0.5929156, 1599.6957, 1599.6957, 955.3016, 717.81476, , 
65663.630005, 001926, -3.7315896, 0.034402426, 8.135269, 0.55394405, -0.44212377, -0.3905527, 0.5874872, 1597.4362, 1597.4362, 955.3008, 717.8158, , 
65663.646674125, 001927, -3.7368681, 0.034864362, 8.131086, 0.5558396, -0.44602758, -0.38815093, 0.584329, 1597.4362, 1597.4362, 955.3002, 717.8151, , 
65663.663343083, 001928, -3.7424955, 0.034757975, 8.126737, 0.5577012, -0.4499508, -0.38559267, 0.5812331, 1597.4362, 1597.4362, 955.2996, 717.81464, , 
65663.68001225, 001929, -3.7477853, 0.034845892, 8.122282, 0.5594001, -0.45381293, -0.38283086, 0.5784167, 1595.1766, 1595.1766, 955.29913, 717.81476, , 
65663.713350458, 001930, -3.7582448, 0.035047825, 8.112911, 0.56252575, -0.46084186, -0.37642115, 0.5740179, 1595.1766, 1595.1766, 955.29926, 717.81805, , 
65663.730019416, 001931, -3.763533, 0.035144683, 8.108081, 0.564016, -0.46361881, -0.37297085, 0.57256997, 1595.1766, 1595.1766, 955.29987, 717.8203, , 
65663.746688541, 001932, -3.768812, 0.035281505, 8.103265, 0.5655998, -0.46575123, -0.3696194, 0.5714492, 1592.4652, 1592.4652, 955.3008, 717.823, , 
65663.78002675, 001933, -3.7796283, 0.035151277, 8.09344, 0.5692386, -0.4689204, -0.36367017, 0.5690563, 1592.4652, 1592.4652, 955.30206, 717.8241, , 
65663.796695875, 001934, -3.7846498, 0.03518318, 8.088657, 0.5710234, -0.47033986, -0.36111835, 0.5677202, 1592.4652, 1592.4652, 955.3026, 717.8235, , 
65663.813364791, 001935, -3.789453, 0.035234626, 8.083904, 0.5726096, -0.47176942, -0.35856485, 0.5665537, 1589.7538, 1589.7538, 955.303, 717.8235, , 
65663.830033916, 001936, -3.794235, 0.035170596, 8.079061, 0.57390255, -0.47320467, -0.3558567, 0.5657553, 1589.7538, 1589.7538, 955.3037, 717.82434, , 
65663.846703083, 001937, -3.7990108, 0.034977604, 8.074091, 0.5750424, -0.47471482, -0.35285982, 0.5652097, 1589.7538, 1589.7538, 955.3046, 717.8262, , 
65663.880041125, 001938, -3.8084097, 0.03439912, 8.064203, 0.57736975, -0.47847152, -0.3469479, 0.56332606, 1596.9843, 1596.9843, 955.3066, 717.8309, , 
65663.89671025, 001939, -3.8128753, 0.034084734, 8.059157, 0.57860905, -0.48067904, -0.34424496, 0.56183165, 1597.4362, 1597.4362, 955.30707, 717.8321, , 
65663.913379375, 001940, -3.817289, 0.033738483, 8.053954, 0.5799082, -0.48285016, -0.3415526, 0.56027126, 1597.4362, 1597.4362, 955.3075, 717.8333, , 
65663.930048541, 001941, -3.8217392, 0.033337492, 8.048595, 0.5812037, -0.48485017, -0.33882332, 0.55885696, 1597.4362, 1597.4362, 955.308, 717.8343, , 
65663.946717666, 001942, -3.8261912, 0.0328966, 8.043108, 0.5824357, -0.4867724, -0.33622554, 0.5574708, 1597.4362, 1597.4362, 955.3085, 717.83514, , 
65663.98005575, 001943, -3.835786, 0.03157964, 8.031646, 0.5847286, -0.49048394, -0.3317761, 0.5544749, 1597.4362, 1597.4362, 955.309, 717.8364, , 
65663.996724875, 001944, -3.840448, 0.030899886, 8.025828, 0.5859352, -0.4921949, -0.32986373, 0.5528236, 1597.4362, 1597.4362, 955.309, 717.83636, , 
65664.013393958, 001945, -3.8448806, 0.030253153, 8.019972, 0.5871488, -0.49392232, -0.32818645, 0.5509907, 1597.4362, 1597.4362, 955.3088, 717.83545, , 
65664.030062958, 001946, -3.849268, 0.029537167, 8.014001, 0.5882055, -0.49566877, -0.32669127, 0.5491807, 1597.4362, 1597.4362, 955.3085, 717.83466, , 
65664.046732083, 001947, -3.853729, 0.028718125, 8.007873, 0.5891346, -0.49733272, -0.32520282, 0.5475616, 1597.4362, 1597.4362, 955.3082, 717.8343, , 
65664.063401208, 001948, -3.8583345, 0.027814128, 8.001586, 0.59011185, -0.49874997, -0.3235746, 0.5461831, 1597.4362, 1597.4362, 955.3081, 717.834, , 
65664.096739208, 001949, -3.8704908, 0.0261149, 7.987213, 0.59261197, -0.50107926, -0.3198385, 0.5435384, 1597.4362, 1597.4362, 955.3085, 717.83276, , 
65664.113408375, 001950, -3.8754704, 0.025084313, 7.980397, 0.5937594, -0.5023142, -0.31813493, 0.54214424, 1597.4362, 1597.4362, 955.3085, 717.832, , 
65664.1300775, 001951, -3.880231, 0.024008509, 7.9735103, 0.59455353, -0.50384516, -0.31679973, 0.5406331, 1597.4362, 1597.4362, 955.30835, 717.8314, , 
65664.146746625, 001952, -3.8848848, 0.022887591, 7.966475, 0.594871, -0.5056485, -0.3158021, 0.5391817, 1597.4362, 1597.4362, 955.308, 717.8317, , 
65664.163415666, 001953, -3.8908303, 0.02170724, 7.9581614, 0.5946935, -0.5076621, -0.31503928, 0.5379303, 1597.4362, 1597.4362, 955.3076, 717.8329, , 
65664.180084708, 001954, -3.895852, 0.020641733, 7.9503827, 0.5941313, -0.50987566, -0.31450874, 0.5367672, 1596.9843, 1596.9843, 955.3072, 717.83563, , 
65664.19675375, 001955, -3.9006796, 0.019677069, 7.9426565, 0.5932644, -0.5120006, -0.31409723, 0.53594375, 1596.9843, 1596.9843, 955.30695, 717.8385, , 
65664.230092041, 001956, -3.9106789, 0.018220615, 7.9269347, 0.5918999, -0.51495373, -0.31224754, 0.5357039, 1597.4362, 1597.4362, 955.3076, 717.8464, , 
65664.246761125, 001957, -3.9157994, 0.017803397, 7.9190392, 0.59188306, -0.51589113, -0.31056586, 0.5357981, 1596.9843, 1596.9843, 955.3085, 717.8491, , 
65664.263430083, 001958, -3.9208267, 0.017583366, 7.911254, 0.5922556, -0.51678866, -0.30855095, 0.5356856, 1596.9843, 1596.9843, 955.3094, 717.8514, , 
65664.28009925, 001959, -3.9271684, 0.01761518, 7.903207, 0.59300363, -0.5179611, -0.3063326, 0.5349985, 1596.9843, 1596.9843, 955.3104, 717.8533, , 
65664.296768375, 001960, -3.9319937, 0.017827813, 7.8956733, 0.59412795, -0.5197697, -0.30401957, 0.53331363, 1596.9843, 1596.9843, 955.31067, 717.85364, , 
65664.3134375, 001961, -3.9361157, 0.018178258, 7.8883505, 0.5951737, -0.522157, -0.30188426, 0.53102374, 1596.9843, 1596.9843, 955.31055, 717.85364, , 
65664.3301065, 001962, -3.9398913, 0.018613528, 7.8810506, 0.5957533, -0.5249217, -0.30008748, 0.52866113, 1596.9843, 1596.9843, 955.31006, 717.8545, , 
65664.363444708, 001963, -3.9473658, 0.019677844, 7.8662214, 0.59587985, -0.53009677, -0.29661894, 0.5253015, 1597.4362, 1597.4362, 955.30994, 717.85876, , 
65664.380113833, 001964, -3.9531126, 0.019823913, 7.8582172, 0.5961268, -0.531986, -0.2943321, 0.52439713, 1597.4362, 1597.4362, 955.3109, 717.8624, , 
65664.39678275, 001965, -3.9574184, 0.020489309, 7.8507004, 0.596865, -0.53355753, -0.29150578, 0.52353895, 1596.9843, 1596.9843, 955.3117, 717.86456, , 
65664.413451875, 001966, -3.9610136, 0.021380562, 7.843489, 0.5981237, -0.53509164, -0.2884556, 0.5222244, 1596.9843, 1596.9843, 955.3125, 717.86566, , 
65664.430121, 001967, -3.9640484, 0.022330072, 7.8365226, 0.5996464, -0.5368963, -0.28554448, 0.52022195, 1596.9843, 1596.9843, 955.313, 717.86566, , 
65664.446790125, 001968, -3.9666111, 0.023209844, 7.8297253, 0.60115975, -0.5389989, -0.28291112, 0.51773375, 1596.9843, 1596.9843, 955.313, 717.8648, , 
65664.48012825, 001969, -3.973151, 0.023865428, 7.814988, 0.6039159, -0.54348105, -0.27817628, 0.5123786, 1596.9843, 1596.9843, 955.3123, 717.8632, , 
65664.496797333, 001970, -3.9756556, 0.024061557, 7.807915, 0.60517573, -0.54557693, -0.2758901, 0.5098947, 1596.9843, 1596.9843, 955.31195, 717.8624, , 
65664.513466458, 001971, -3.9775403, 0.024288345, 7.8011684, 0.6065488, -0.54746705, -0.2736022, 0.5074645, 1596.9843, 1596.9843, 955.3117, 717.86163, , 
65664.530135583, 001972, -3.9790413, 0.02453614, 7.7946386, 0.60815334, -0.5492659, -0.27137756, 0.5047876, 1596.9843, 1596.9843, 955.31134, 717.8601, , 
65664.546804458, 001973, -3.980201, 0.024819318, 7.78828, 0.60993594, -0.5511651, -0.2694131, 0.50160897, 1596.9843, 1596.9843, 955.3103, 717.85675, , 
65664.563473666, 001974, -3.9814498, 0.0250359, 7.781765, 0.6117061, -0.55318975, -0.26764134, 0.49816146, 1597.4362, 1597.4362, 955.3094, 717.8537, , 
65664.58014275, 001975, -3.9847252, 0.02481969, 7.7738233, 0.6133038, -0.5551365, -0.26568735, 0.4950677, 1597.4362, 1597.4362, 955.3085, 717.8512, , 
65664.596811875, 001976, -3.9863951, 0.024776887, 7.766723, 0.6146719, -0.556909, -0.26326302, 0.49266955, 1597.4362, 1597.4362, 955.308, 717.84973, , 
65664.63015, 001977, -3.9884727, 0.024879638, 7.753121, 0.6176065, -0.55988747, -0.256719, 0.48906398, 1596.9843, 1596.9843, 955.3089, 717.8493, , 
65664.646819041, 001978, -3.9890206, 0.025092501, 7.7466083, 0.61966425, -0.56156373, -0.25269344, 0.48662952, 1596.9843, 1596.9843, 955.3095, 717.8486, , 
65664.663488208, 001979, -3.9891977, 0.025389586, 7.7403073, 0.6220437, -0.56366366, -0.24825779, 0.48343864, 1597.4362, 1597.4362, 955.3099, 717.84656, , 
65664.680157333, 001980, -3.991508, 0.025689233, 7.732109, 0.624432, -0.56618255, -0.24351212, 0.47981626, 1597.4362, 1597.4362, 955.31006, 717.8449, , 
65664.69682625, 001981, -3.9919004, 0.025889743, 7.7253203, 0.62644386, -0.56929696, -0.2385324, 0.47599512, 1597.4362, 1597.4362, 955.3103, 717.8443, , 
65664.713495333, 001982, -3.9915287, 0.025944024, 7.7189393, 0.62798786, -0.572976, -0.23335126, 0.47209835, 1597.4362, 1597.4362, 955.3109, 717.8456, , 
65664.7301645, 001983, -3.9908113, 0.025867883, 7.712662, 0.6291383, -0.5770773, -0.22805296, 0.4681438, 1597.4362, 1597.4362, 955.31146, 717.8479, , 
65664.746833625, 001984, -3.9899156, 0.025725301, 7.7064457, 0.6300827, -0.58140844, -0.2227421, 0.46405387, 1597.4362, 1597.4362, 955.3121, 717.8509, , 
65664.763502708, 001985, -3.9892237, 0.025600743, 7.7000136, 0.6310845, -0.5857512, -0.21742578, 0.45973244, 1597.4362, 1597.4362, 955.31274, 717.8547, , 
65664.796840833, 001986, -3.9892392, 0.025509994, 7.685966, 0.633611, -0.59361356, -0.2067854, 0.45099866, 1597.4362, 1597.4362, 955.3136, 717.8583, , 
65664.813509958, 001987, -3.9886045, 0.0254676, 7.6797395, 0.6350686, -0.59699595, -0.20151061, 0.44685262, 1597.4362, 1597.4362, 955.31415, 717.85956, , 
65664.830179083, 001988, -3.9879348, 0.025438014, 7.6736135, 0.6365821, -0.6001292, -0.19632405, 0.44279233, 1597.4362, 1597.4362, 955.31464, 717.8601, , 
65664.846848041, 001989, -3.987282, 0.025434226, 7.6675634, 0.6381569, -0.603086, -0.19124623, 0.4387117, 1597.4362, 1597.4362, 955.31494, 717.8602, , 
65664.863517125, 001990, -3.9868996, 0.025393333, 7.6612105, 0.6397872, -0.60592926, -0.18625216, 0.43454817, 1597.4362, 1597.4362, 955.3152, 717.86005, , 
65664.88018625, 001991, -3.9872568, 0.025181636, 7.653803, 0.64150006, -0.60877526, -0.18121435, 0.430153, 1597.4362, 1597.4362, 955.3154, 717.85925, , 
65664.896855333, 001992, -3.9869552, 0.02514382, 7.647481, 0.6432828, -0.611648, -0.17601955, 0.42554802, 1597.4362, 1597.4362, 955.31555, 717.85834, , 
65664.930193416, 001993, -3.9859304, 0.025096066, 7.635683, 0.6469256, -0.6175538, -0.16505173, 0.4157794, 1597.4362, 1597.4362, 955.3157, 717.8559, , 
65664.946862625, 001994, -3.98539, 0.024977665, 7.629869, 0.648609, -0.6206717, -0.15939865, 0.4106883, 1597.4362, 1597.4362, 955.3158, 717.8551, , 
65664.963531708, 001995, -3.9848144, 0.024782266, 7.624061, 0.6501284, -0.62402546, -0.15371507, 0.40533552, 1597.4362, 1597.4362, 955.3158, 717.8546, , 
65664.980200833, 001996, -3.9844823, 0.02436918, 7.6171274, 0.65148526, -0.62762535, -0.14786601, 0.39973608, 1597.4362, 1597.4362, 955.3158, 717.8545, , 
65664.99686975, 001997, -3.9839437, 0.02405614, 7.6108894, 0.6528799, -0.63129026, -0.14174901, 0.3938626, 1597.4362, 1597.4362, 955.3158, 717.8545, , 
65665.013538833, 001998, -3.983381, 0.0238236, 7.604855, 0.65441406, -0.63485736, -0.13529931, 0.3878047, 1597.4362, 1597.4362, 955.3158, 717.8542, , 
65665.046877125, 001999, -3.9823418, 0.023651082, 7.5930023, 0.65796804, -0.64145625, -0.12169444, 0.3752364, 1597.4362, 1597.4362, 955.3159, 717.8517, , 
65665.063546291, 002000, -3.9819913, 0.023756351, 7.5868406, 0.6599033, -0.6445488, -0.114765555, 0.3686643, 1597.4362, 1597.4362, 955.3158, 717.8498, , 
65665.080215208, 002001, -3.9819984, 0.02406272, 7.5799484, 0.6618796, -0.6475531, -0.10786488, 0.36187795, 1596.9843, 1596.9843, 955.3154, 717.84656, , 
65665.096884333, 002002, -3.9815166, 0.024373978, 7.5739594, 0.6637791, -0.65063864, -0.101134494, 0.35473716, 1596.9843, 1596.9843, 955.31494, 717.844, , 
65665.113553416, 002003, -3.9807854, 0.024726827, 7.5682597, 0.6654172, -0.6539114, -0.09448981, 0.34740698, 1597.4362, 1597.4362, 955.3143, 717.84174, , 
65665.1468915, 002004, -3.9788353, 0.025540058, 7.55699, 0.66749245, -0.6611276, -0.08053641, 0.33298323, 1597.4362, 1597.4362, 955.31366, 717.84045, , 
65665.163560583, 002005, -3.977638, 0.02607816, 7.551489, 0.6681078, -0.6649524, -0.073229745, 0.32574153, 1597.4362, 1597.4362, 955.3138, 717.84125, , 
65665.180229708, 002006, -3.9769511, 0.026789885, 7.544943, 0.6685619, -0.66886604, -0.06585066, 0.31828737, 1597.4362, 1597.4362, 955.3139, 717.8422, , 
65665.196898833, 002007, -3.9756646, 0.027525928, 7.53952, 0.6689356, -0.67278314, -0.05873753, 0.31054434, 1597.4362, 1597.4362, 955.3138, 717.84357, , 
65665.230236958, 002008, -3.9723096, 0.029231925, 7.5303783, 0.6697788, -0.68071985, -0.0450875, 0.29323006, 1597.4362, 1597.4362, 955.3125, 717.8445, , 
65665.246906041, 002009, -3.9703739, 0.03010844, 7.526198, 0.66998, -0.68475735, -0.038289096, 0.2841972, 1597.4362, 1597.4362, 955.31146, 717.8453, , 
65665.263575208, 002010, -3.9683986, 0.030876976, 7.5219026, 0.6697977, -0.68883467, -0.031448178, 0.27547914, 1597.4362, 1597.4362, 955.31104, 717.84674, , 
65665.280244333, 002011, -3.966412, 0.031493697, 7.517334, 0.66919637, -0.69289035, -0.024640746, 0.2673423, 1597.4362, 1597.4362, 955.3109, 717.8493, , 
65665.313582375, 002012, -3.9614542, 0.03280771, 7.5083504, 0.667317, -0.7002609, -0.010319065, 0.25340933, 1597.4362, 1597.4362, 955.3124, 717.858, , 
65665.330251458, 002013, -3.9587405, 0.03348295, 7.5039926, 0.6664302, -0.703301, -0.0025092922, 0.2474514, 1597.4362, 1597.4362, 955.3138, 717.8616, , 
65665.346920583, 002014, -3.9559102, 0.03417432, 7.4999976, 0.66582644, -0.70591015, 0.005532021, 0.24152738, 1597.4362, 1597.4362, 955.3153, 717.8643, , 
65665.380258708, 002015, -3.9498987, 0.03484485, 7.4936585, 0.6654098, -0.71064186, 0.021337995, 0.22751369, 1597.4362, 1597.4362, 955.31726, 717.866, , 
65665.396927791, 002016, -3.9464808, 0.03505562, 7.491323, 0.6651011, -0.7131747, 0.029137414, 0.21948422, 1597.4362, 1597.4362, 955.3175, 717.866, , 
65665.413596916, 002017, -3.9427302, 0.035155166, 7.489313, 0.6643606, -0.71596426, 0.036975265, 0.2113127, 1597.4362, 1597.4362, 955.3179, 717.8673, , 
65665.446934916, 002018, -3.9342704, 0.03479773, 7.4860053, 0.66162264, -0.72217005, 0.05263131, 0.19482248, 1597.4362, 1597.4362, 955.3193, 717.8726, , 
65665.463604125, 002019, -3.9305701, 0.03386679, 7.486597, 0.66019475, -0.72513634, 0.060286824, 0.18624021, 1597.4362, 1597.4362, 955.3202, 717.8768, , 
65665.480273208, 002020, -3.9261074, 0.03329399, 7.486209, 0.6588497, -0.727838, 0.068092555, 0.1775731, 1597.4362, 1597.4362, 955.3207, 717.8791, , 
65665.496942291, 002021, -3.9212935, 0.032793935, 7.4855404, 0.6575563, -0.73022217, 0.076128505, 0.16911472, 1597.4362, 1597.4362, 955.3211, 717.88074, , 
65665.530280458, 002022, -3.9110334, 0.031619865, 7.4839034, 0.6547543, -0.7342215, 0.09248826, 0.15382259, 1597.4362, 1597.4362, 955.3231, 717.884, , 
65665.546949458, 002023, -3.9056492, 0.03093737, 7.483043, 0.6532933, -0.73584414, 0.10071189, 0.14696383, 1596.9843, 1596.9843, 955.3244, 717.8852, , 
65665.563618625, 002024, -3.9001136, 0.03038809, 7.4828377, 0.6519411, -0.7371735, 0.10885621, 0.14035024, 1596.9843, 1596.9843, 955.326, 717.886, , 
65665.58028775, 002025, -3.8944368, 0.029961053, 7.483115, 0.6507286, -0.7381571, 0.11703278, 0.13408859, 1596.9843, 1596.9843, 955.3273, 717.8859, , 
65665.596956708, 002026, -3.8886054, 0.029413123, 7.4827385, 0.64961606, -0.73884135, 0.12524447, 0.12816505, 1597.4362, 1597.4362, 955.32855, 717.88513, , 
65665.613625791, 002027, -3.8826137, 0.028860386, 7.482254, 0.6486012, -0.7392834, 0.1333593, 0.12244165, 1597.4362, 1597.4362, 955.3302, 717.8832, , 
65665.630294958, 002028, -3.8764825, 0.02835412, 7.4818854, 0.64771086, -0.739542, 0.14122705, 0.11663241, 1597.4362, 1597.4362, 955.33124, 717.88116, , 
65665.663633041, 002029, -3.8640802, 0.027976867, 7.4810085, 0.6458416, -0.74005437, 0.15594442, 0.10435241, 1596.9843, 1596.9843, 955.3324, 717.8766, , 
65665.680302166, 002030, -3.85749, 0.027614716, 7.480857, 0.6445493, -0.7405562, 0.16286486, 0.098019324, 1596.9843, 1596.9843, 955.3331, 717.87463, , 
65665.696971208, 002031, -3.8505397, 0.027033795, 7.4809136, 0.64287895, -0.74134797, 0.16946, 0.09161378, 1596.9843, 1596.9843, 955.3337, 717.87445, , 
65665.713640375, 002032, -3.8433084, 0.026357096, 7.481078, 0.6409767, -0.74226314, 0.17591564, 0.08513327, 1596.9843, 1596.9843, 955.33435, 717.875, , 
65665.7303095, 002033, -3.8358893, 0.025682915, 7.4812946, 0.6390409, -0.743033, 0.18258294, 0.07869001, 1596.9843, 1596.9843, 955.33545, 717.87573, , 
65665.746978458, 002034, -3.8283663, 0.025069702, 7.4815216, 0.63723356, -0.74350774, 0.1894329, 0.07242147, 1596.9843, 1596.9843, 955.33624, 717.8755, , 
65665.763647583, 002035, -3.8209841, 0.02511805, 7.4817166, 0.6356149, -0.74372596, 0.19613196, 0.06631477, 1597.4362, 1597.4362, 955.3369, 717.87463, , 
65665.78031675, 002036, -3.8133256, 0.024778489, 7.4820056, 0.6340608, -0.7439224, 0.20227759, 0.06024997, 1597.4362, 1597.4362, 955.3374, 717.8732, , 
65665.81365475, 002037, -3.7973785, 0.023701381, 7.482639, 0.63056076, -0.74472314, 0.2130921, 0.048706256, 1597.4362, 1597.4362, 955.338, 717.87286, , 
65665.830323875, 002038, -3.789117, 0.02307615, 7.4829154, 0.62850124, -0.7453422, 0.21809983, 0.043400653, 1597.4362, 1597.4362, 955.33856, 717.87384, , 
65665.846992958, 002039, -3.7807438, 0.022454556, 7.483189, 0.62643003, -0.7459618, 0.22282825, 0.03839319, 1597.4362, 1597.4362, 955.3396, 717.8756, , 
65665.863662125, 002040, -3.7722316, 0.022202786, 7.483395, 0.6246097, -0.74639, 0.22723658, 0.03358938, 1597.4362, 1597.4362, 955.3402, 717.87683, , 
65665.880331166, 002041, -3.7637894, 0.021800388, 7.4837136, 0.6229674, -0.74671835, 0.2312749, 0.028897876, 1597.4362, 1597.4362, 955.34064, 717.87775, , 
65665.897000208, 002042, -3.7553604, 0.021385487, 7.4841175, 0.6214781, -0.74697125, 0.23497425, 0.024209294, 1597.4362, 1597.4362, 955.34064, 717.8782, , 
65665.930338375, 002043, -3.7385027, 0.020556144, 7.4850874, 0.61879486, -0.74763614, 0.24066241, 0.014655239, 1597.4362, 1597.4362, 955.33997, 717.8794, , 
65665.9470075, 002044, -3.7300484, 0.020159353, 7.485647, 0.6175551, -0.74806726, 0.2427544, 0.009565524, 1597.4362, 1597.4362, 955.3387, 717.8808, , 
65665.963676458, 002045, -3.7214139, 0.020616103, 7.4858937, 0.6163524, -0.7484913, 0.24464431, 0.0044258223, 1596.9843, 1596.9843, 955.33765, 717.882, , 
65665.980345625, 002046, -3.712707, 0.020542182, 7.4860864, 0.6150168, -0.748966, 0.24658486, -0.00032929453, 1596.9843, 1596.9843, 955.3368, 717.8835, , 
65665.99701475, 002047, -3.7038648, 0.020323846, 7.4860306, 0.61351454, -0.74949694, 0.24866526, -0.004422018, 1596.9843, 1596.9843, 955.3365, 717.8859, , 
65666.030352916, 002048, -3.686014, 0.020027462, 7.4852014, 0.6104524, -0.75038964, 0.25326195, -0.0110269375, 1596.9843, 1596.9843, 955.33704, 717.8896, , 
65666.047021916, 002049, -3.6771975, 0.020010512, 7.4845204, 0.6090589, -0.7506781, 0.25561848, -0.01373222, 1596.9843, 1596.9843, 955.33765, 717.8914, , 
65666.063690958, 002050, -3.6685798, 0.020094376, 7.4837317, 0.60783505, -0.7507959, 0.2580289, -0.016219573, 1596.9843, 1596.9843, 955.3382, 717.8922, , 
65666.080360083, 002051, -3.660217, 0.019378874, 7.4824886, 0.60682285, -0.750634, 0.26068988, -0.018854884, 1596.9843, 1596.9843, 955.33856, 717.8922, , 
65666.113698208, 002052, -3.6441917, 0.019631859, 7.480734, 0.60514617, -0.7497485, 0.26663366, -0.024118831, 1596.9843, 1596.9843, 955.3388, 717.8894, , 
65666.130367291, 002053, -3.6364367, 0.01996674, 7.479939, 0.604419, -0.7493602, 0.26914573, -0.026409222, 1596.9843, 1596.9843, 955.3389, 717.88824, , 
65666.147036416, 002054, -3.6288826, 0.020355541, 7.4791126, 0.6039535, -0.7490436, 0.27086025, -0.028431766, 1596.9843, 1596.9843, 955.3388, 717.8873, , 
65666.163705541, 002055, -3.622028, 0.020270072, 7.477623, 0.6038711, -0.7486851, 0.27184746, -0.030150743, 1596.9843, 1596.9843, 955.3382, 717.88605, , 
65666.197043583, 002056, -3.6085155, 0.021233898, 7.4750957, 0.6043276, -0.74760205, 0.2735023, -0.03279823, 1596.9843, 1596.9843, 955.33673, 717.8826, , 
65666.21371275, 002057, -3.6020298, 0.021865752, 7.4737287, 0.6045636, -0.74708104, 0.27427605, -0.03384193, 1596.9843, 1596.9843, 955.3359, 717.8801, , 
65666.230381875, 002058, -3.5956683, 0.022475157, 7.472253, 0.60461324, -0.7467717, 0.2749, -0.034710404, 1596.9843, 1596.9843, 955.33545, 717.8789, , 
65666.263719958, 002059, -3.5833926, 0.02335219, 7.46779, 0.6039995, -0.746747, 0.27622414, -0.0354061, 1596.9843, 1596.9843, 955.33575, 717.8788, , 
65666.280388958, 002060, -3.577481, 0.023872446, 7.4655356, 0.603677, -0.7467497, 0.2769241, -0.03538317, 1596.9843, 1596.9843, 955.33624, 717.879, , 
65666.297058166, 002061, -3.5717938, 0.024504457, 7.4634395, 0.60353386, -0.7465644, 0.27772725, -0.035440926, 1596.9843, 1596.9843, 955.3366, 717.87866, , 
65666.313727333, 002062, -3.5663767, 0.025218192, 7.461343, 0.60363305, -0.7460853, 0.27876282, -0.035708692, 1596.9843, 1596.9843, 955.33673, 717.87683, , 
65666.347065333, 002063, -3.5561256, 0.026697222, 7.456959, 0.6040248, -0.74448043, 0.28201395, -0.03702742, 1597.4362, 1597.4362, 955.33636, 717.8714, , 
65666.363734541, 002064, -3.5510242, 0.027610686, 7.454265, 0.60403836, -0.7437271, 0.28385997, -0.037828732, 1597.4362, 1597.4362, 955.33624, 717.8687, , 
65666.380403541, 002065, -3.54594, 0.028180528, 7.4516945, 0.60388184, -0.74318033, 0.28551146, -0.038636807, 1597.4362, 1597.4362, 955.33636, 717.86615, , 
65666.413741625, 002066, -3.5357695, 0.02885975, 7.44645, 0.6035534, -0.742328, 0.28818893, -0.040242523, 1597.4362, 1597.4362, 955.3365, 717.8636, , 
65666.430410791, 002067, -3.5307152, 0.02910019, 7.443638, 0.60359657, -0.74187034, 0.28918383, -0.040892787, 1597.4362, 1597.4362, 955.33636, 717.8615, , 
65666.447079875, 002068, -3.525688, 0.029327538, 7.440659, 0.6038584, -0.741353, 0.28989246, -0.04138913, 1597.4362, 1597.4362, 955.336, 717.85986, , 
65666.463748958, 002069, -3.5206857, 0.029538866, 7.437486, 0.60432506, -0.74081206, 0.29026726, -0.04163549, 1597.4362, 1597.4362, 955.3356, 717.8579, , 
65666.497087083, 002070, -3.5108187, 0.028685372, 7.4304576, 0.6054939, -0.73980564, 0.290503, -0.040898293, 1597.4362, 1597.4362, 955.3347, 717.85364, , 
65666.513756166, 002071, -3.5057957, 0.028556425, 7.4264793, 0.6059712, -0.7393871, 0.29071152, -0.039903346, 1597.4362, 1597.4362, 955.33484, 717.8519, , 
65666.530425333, 002072, -3.5007868, 0.028484102, 7.4222355, 0.60650283, -0.73895943, 0.29085043, -0.03871805, 1597.4362, 1597.4362, 955.3352, 717.8503, , 
65666.563763333, 002073, -3.4914823, 0.027652461, 7.413713, 0.6083297, -0.7376166, 0.2907019, -0.036728162, 1596.9843, 1596.9843, 955.33496, 717.8448, , 
65666.580432416, 002074, -3.4868913, 0.027313437, 7.409051, 0.6093965, -0.73686975, 0.2904749, -0.03582159, 1596.9843, 1596.9843, 955.3346, 717.8419, , 
65666.597101625, 002075, -3.4822297, 0.02705386, 7.404047, 0.61039335, -0.73622864, 0.2901165, -0.03492422, 1596.9843, 1596.9843, 955.33405, 717.83844, , 
65666.630439875, 002076, -3.4727783, 0.026398916, 7.3932285, 0.6118837, -0.7356224, 0.28872964, -0.033060938, 1596.9843, 1596.9843, 955.3333, 717.8355, , 
65666.647108791, 002077, -3.4680357, 0.026049357, 7.3874364, 0.61245435, -0.7354973, 0.2879385, -0.032165952, 1597.4362, 1597.4362, 955.3331, 717.83453, , 
65666.663777958, 002078, -3.4633071, 0.025715884, 7.3813763, 0.6130405, -0.7353574, 0.28714627, -0.031270243, 1597.4362, 1597.4362, 955.3329, 717.834, , 
65666.680447, 002079, -3.458169, 0.025396194, 7.3741097, 0.6137742, -0.73511744, 0.28628865, -0.03037219, 1597.4362, 1597.4362, 955.33264, 717.833, , 
65666.713785125, 002080, -3.4488382, 0.025100414, 7.3604317, 0.6160769, -0.7339636, 0.2844727, -0.02866905, 1597.4362, 1597.4362, 955.3311, 717.8282, , 
65666.730454208, 002081, -3.4443295, 0.025074866, 7.3534775, 0.61754197, -0.73315835, 0.28345424, -0.02782824, 1597.4362, 1597.4362, 955.3302, 717.8252, , 
65666.747123375, 002082, -3.4398458, 0.025098097, 7.346327, 0.61912817, -0.7322889, 0.28233853, -0.026798978, 1597.4362, 1597.4362, 955.3289, 717.82086, , 
65666.780461583, 002083, -3.4290395, 0.02536872, 7.3292217, 0.62251323, -0.7305805, 0.2795411, -0.024208896, 1597.4362, 1597.4362, 955.32697, 717.8141, , 
65666.7971305, 002084, -3.4244504, 0.025563974, 7.321436, 0.62440795, -0.72970724, 0.27769265, -0.022995343, 1597.4362, 1597.4362, 955.3253, 717.80963, , 
65666.813799625, 002085, -3.4199903, 0.025831673, 7.3137293, 0.626413, -0.72882247, 0.2755729, -0.022003805, 1597.4362, 1597.4362, 955.3239, 717.8063, , 
65666.847137833, 002086, -3.4109864, 0.026648354, 7.2982106, 0.6303225, -0.72710127, 0.2712948, -0.020406025, 1596.9843, 1596.9843, 955.3207, 717.79944, , 
65666.863806791, 002087, -3.4062777, 0.027176116, 7.2901907, 0.63187486, -0.72646564, 0.26947135, -0.01915616, 1596.9843, 1596.9843, 955.31915, 717.7959, , 
65666.880475958, 002088, -3.3993995, 0.027501684, 7.281441, 0.6331454, -0.7259082, 0.26810244, -0.017467128, 1596.9843, 1596.9843, 955.31866, 717.7936, , 
65666.913814125, 002089, -3.3887935, 0.029213343, 7.2644787, 0.63556975, -0.7243569, 0.26677704, -0.013717259, 1596.9843, 1596.9843, 955.31866, 717.787, , 
65666.930483125, 002090, -3.3839185, 0.030356098, 7.256122, 0.6367807, -0.72340244, 0.26656416, -0.011949571, 1596.9843, 1596.9843, 955.3189, 717.7836, , 
65666.947152208, 002091, -3.3791413, 0.031622436, 7.2478657, 0.6380183, -0.72242814, 0.26631138, -0.01041566, 1596.9843, 1596.9843, 955.31903, 717.78015, , 
65666.980490416, 002092, -3.367887, 0.034879494, 7.2300005, 0.6400296, -0.72109765, 0.265194, -0.007235239, 1596.9843, 1596.9843, 955.31915, 717.7738, , 
65666.9971595, 002093, -3.362852, 0.03621633, 7.221593, 0.6405513, -0.7208894, 0.26454693, -0.0052212346, 1596.9843, 1596.9843, 955.31964, 717.7728, , 
65667.030497625, 002094, -3.3532746, 0.03884619, 7.205118, 0.6415986, -0.7204307, 0.26330552, -0.0009465486, 1597.4362, 1597.4362, 955.3212, 717.7713, , 
65667.047166708, 002095, -3.3488548, 0.040212687, 7.1972466, 0.64260805, -0.71981484, 0.2625281, 0.0006371291, 1597.4362, 1597.4362, 955.3215, 717.7695, , 
65667.063835833, 002096, -3.344304, 0.042065483, 7.189399, 0.6439874, -0.71892536, 0.261578, 0.0018767385, 1597.4362, 1597.4362, 955.3211, 717.7656, , 
65667.097173916, 002097, -3.3358824, 0.04478036, 7.174746, 0.64686406, -0.7172744, 0.25898102, 0.0036044084, 1597.4362, 1597.4362, 955.3197, 717.75946, , 
65667.113843041, 002098, -3.331611, 0.045870457, 7.167714, 0.6480264, -0.71684194, 0.2572548, 0.004406057, 1597.4362, 1597.4362, 955.31866, 717.757, , 
65667.130512166, 002099, -3.327223, 0.04684941, 7.160831, 0.6489913, -0.7166658, 0.25529066, 0.005193721, 1596.9843, 1596.9843, 955.31775, 717.75616, , 
65667.16385025, 002100, -3.3170888, 0.048711475, 7.146846, 0.6505077, -0.7167308, 0.25116804, 0.007168531, 1596.9843, 1596.9843, 955.3162, 717.75574, , 
65667.180519333, 002101, -3.3119688, 0.049473744, 7.1398735, 0.6509485, -0.716992, 0.2492182, 0.008864556, 1596.9843, 1596.9843, 955.3159, 717.7566, , 
65667.197188375, 002102, -3.3069096, 0.05007979, 7.13288, 0.65114504, -0.71741074, 0.24739651, 0.0112688225, 1596.9843, 1596.9843, 955.3161, 717.758, , 
65667.230526541, 002103, -3.2967234, 0.050942358, 7.1187015, 0.6512247, -0.7183072, 0.2442075, 0.017432934, 1596.9843, 1596.9843, 955.3181, 717.76227, , 
65667.247195625, 002104, -3.2915854, 0.05121271, 7.111551, 0.651155, -0.7187199, 0.24290472, 0.020881651, 1596.9843, 1596.9843, 955.3194, 717.76404, , 
65667.263864791, 002105, -3.2854116, 0.050935153, 7.103825, 0.65090704, -0.7192356, 0.24169031, 0.024613617, 1597.4362, 1597.4362, 955.3209, 717.7661, , 
65667.297202958, 002106, -3.274388, 0.050673958, 7.08928, 0.650368, -0.72053534, 0.23837757, 0.032036096, 1597.4362, 1597.4362, 955.3244, 717.7725, , 
65667.313871958, 002107, -3.268988, 0.050503124, 7.0822377, 0.65026474, -0.721194, 0.23618208, 0.035397023, 1596.9843, 1596.9843, 955.32544, 717.7755, , 
65667.330541041, 002108, -3.2635684, 0.05028365, 7.075311, 0.6503294, -0.72175866, 0.233801, 0.03838084, 1596.9843, 1596.9843, 955.3261, 717.77814, , 
65667.363879291, 002109, -3.2523403, 0.0499903, 7.0601144, 0.6506973, -0.72277397, 0.22861774, 0.043871965, 1596.9843, 1596.9843, 955.3267, 717.7835, , 
65667.380548208, 002110, -3.2465808, 0.049644817, 7.05266, 0.6509335, -0.72324145, 0.22594266, 0.046443798, 1596.9843, 1596.9843, 955.32684, 717.78577, , 
65667.397217333, 002111, -3.2407403, 0.0491545, 7.0454364, 0.65129095, -0.7236087, 0.22319408, 0.0489368, 1596.9843, 1596.9843, 955.32684, 717.7883, , 
65667.430555541, 002112, -3.2288022, 0.047977734, 7.030844, 0.6526323, -0.72380507, 0.21730371, 0.05437352, 1597.4362, 1597.4362, 955.3265, 717.7905, , 
65667.447224666, 002113, -3.2227921, 0.04738304, 7.0233316, 0.6537231, -0.72353405, 0.214074, 0.05759219, 1597.4362, 1597.4362, 955.3261, 717.7905, , 
65667.463893625, 002114, -3.2159228, 0.046129104, 7.015383, 0.6551669, -0.72297907, 0.21055444, 0.061026953, 1597.4362, 1597.4362, 955.3257, 717.78955, , 
65667.497231875, 002115, -3.2038689, 0.044925798, 7.0000114, 0.65914446, -0.7210406, 0.20259455, 0.067707755, 1597.4362, 1597.4362, 955.32355, 717.78394, , 
65667.513901041, 002116, -3.1980803, 0.04450435, 6.992445, 0.66132385, -0.7199558, 0.19822958, 0.07084805, 1597.4362, 1597.4362, 955.32227, 717.7809, , 
65667.530569958, 002117, -3.192316, 0.044141088, 6.98494, 0.663493, -0.7189735, 0.19342582, 0.07376027, 1597.4362, 1597.4362, 955.3208, 717.7782, , 
65667.563908208, 002118, -3.180282, 0.042738426, 6.969839, 0.6675367, -0.7174467, 0.18227552, 0.080254, 1596.9843, 1596.9843, 955.3167, 717.77344, , 
65667.58057725, 002119, -3.174324, 0.04225496, 6.9616623, 0.6691377, -0.7167342, 0.17686374, 0.08524116, 1596.9843, 1596.9843, 955.3159, 717.7726, , 
65667.597246375, 002120, -3.1686752, 0.042111885, 6.9531317, 0.6706485, -0.71567225, 0.17241688, 0.09119276, 1596.9843, 1596.9843, 955.3161, 717.7718, , 
65667.630584416, 002121, -3.158743, 0.04279391, 6.93649, 0.6750471, -0.7116919, 0.16585018, 0.10148755, 1596.9843, 1596.9843, 955.3175, 717.7632, , 
65667.647253541, 002122, -3.1543305, 0.043447416, 6.9287415, 0.67796624, -0.7092764, 0.16212705, 0.104898416, 1596.9843, 1596.9843, 955.3171, 717.7566, , 
65667.663922666, 002123, -3.1500213, 0.04414412, 6.9211555, 0.68085545, -0.70705515, 0.15775977, 0.10779919, 1596.9843, 1596.9843, 955.3154, 717.7478, , 
65667.697260708, 002124, -3.1407967, 0.044121426, 6.906158, 0.6851164, -0.70378435, 0.1484399, 0.115189664, 1596.9843, 1596.9843, 955.3136, 717.73895, , 
65667.713929916, 002125, -3.1360624, 0.044586632, 6.897529, 0.68612725, -0.7027101, 0.14428285, 0.12087265, 1596.9843, 1596.9843, 955.31415, 717.7375, , 
65667.730599, 002126, -3.131383, 0.045079667, 6.8884115, 0.6864695, -0.701818, 0.14078428, 0.12802705, 1596.9843, 1596.9843, 955.3159, 717.73865, , 
65667.747268125, 002127, -3.1269627, 0.045678888, 6.8792486, 0.68667877, -0.7007872, 0.13779871, 0.13557684, 1597.4362, 1597.4362, 955.3185, 717.74036, , 
65667.763937, 002128, -3.1229148, 0.046475034, 6.870502, 0.6872137, -0.6994824, 0.13502325, 0.14223349, 1597.4362, 1597.4362, 955.3217, 717.7411, , 
65667.79727525, 002129, -3.1135125, 0.047606554, 6.855226, 0.689577, -0.6965424, 0.12855148, 0.15095307, 1596.9843, 1596.9843, 955.3234, 717.73773, , 
65667.813944375, 002130, -3.110069, 0.04847877, 6.848121, 0.69084466, -0.69534075, 0.12480531, 0.1538131, 1596.9843, 1596.9843, 955.32275, 717.7346, , 
65667.830613291, 002131, -3.1067877, 0.049172398, 6.840991, 0.6917002, -0.69451135, 0.121045895, 0.15669255, 1597.4362, 1597.4362, 955.32214, 717.7336, , 
65667.847282416, 002132, -3.1035433, 0.04962242, 6.833646, 0.69205844, -0.69403577, 0.117432766, 0.15993407, 1597.4362, 1597.4362, 955.32184, 717.734, , 
65667.863951541, 002133, -3.100333, 0.049843702, 6.8260326, 0.6919901, -0.6938138, 0.11394353, 0.16367301, 1597.4362, 1597.4362, 955.32184, 717.73566, , 
65667.897289791, 002134, -3.094404, 0.04971652, 6.8075504, 0.69163716, -0.69311213, 0.10767361, 0.1721628, 1596.9843, 1596.9843, 955.32336, 717.74115, , 
65667.913958708, 002135, -3.091695, 0.04974704, 6.7991805, 0.69179565, -0.6922413, 0.105126366, 0.1765479, 1596.9843, 1596.9843, 955.3244, 717.74225, , 
65667.930627833, 002136, -3.0892198, 0.049784955, 6.7908483, 0.6921812, -0.6910816, 0.10278284, 0.1809057, 1596.9843, 1596.9843, 955.326, 717.7425, , 
65667.947296958, 002137, -3.0869498, 0.04978615, 6.782515, 0.6926859, -0.68979686, 0.10056813, 0.18507467, 1596.9843, 1596.9843, 955.3273, 717.742, , 
65667.963966041, 002138, -3.0848298, 0.049696762, 6.774177, 0.69315374, -0.6886086, 0.098402455, 0.18887301, 1596.9843, 1596.9843, 955.3284, 717.74146, , 
65667.980635041, 002139, -3.0832953, 0.048991825, 6.76456, 0.6934626, -0.6876656, 0.09631112, 0.19222315, 1596.9843, 1596.9843, 955.3297, 717.7412, , 
65667.997304166, 002140, -3.0817437, 0.048205186, 6.75512, 0.69354695, -0.68700963, 0.09446211, 0.19515957, 1596.9843, 1596.9843, 955.33044, 717.7417, , 
65668.013973208, 002141, -3.0799596, 0.04754443, 6.746325, 0.69342595, -0.68662447, 0.09288342, 0.1976861, 1596.9843, 1596.9843, 955.3311, 717.74274, , 
65668.030642375, 002142, -3.07815, 0.046842135, 6.737666, 0.69316655, -0.6864334, 0.09148562, 0.19989927, 1596.9843, 1596.9843, 955.33185, 717.7441, , 
65668.047311458, 002143, -3.0764132, 0.046051454, 6.728944, 0.69280887, -0.686352, 0.09022408, 0.20198123, 1597.4362, 1597.4362, 955.3325, 717.74634, , 
65668.080649583, 002144, -3.0733304, 0.044059087, 6.709753, 0.69197047, -0.686391, 0.087812625, 0.20575042, 1597.4362, 1597.4362, 955.3337, 717.7501, , 
65668.097318708, 002145, -3.072004, 0.04290963, 6.6995325, 0.69154674, -0.6864945, 0.08622959, 0.20749159, 1597.4362, 1597.4362, 955.3339, 717.75287, , 
65668.11398775, 002146, -3.0708015, 0.041837182, 6.6901016, 0.6911803, -0.6866274, 0.08425292, 0.20907868, 1597.4362, 1597.4362, 955.3338, 717.75494, , 
65668.13065675, 002147, -3.0697753, 0.04079969, 6.6808996, 0.69093317, -0.68673044, 0.0821001, 0.21040943, 1597.4362, 1597.4362, 955.33344, 717.75665, , 
65668.147325791, 002148, -3.06892, 0.039796796, 6.6717343, 0.69082505, -0.6867764, 0.08001862, 0.21141405, 1596.9843, 1596.9843, 955.3325, 717.75824, , 
65668.163994958, 002149, -3.070342, 0.03868765, 6.6630383, 0.69084287, -0.68680656, 0.07810028, 0.21197447, 1596.9843, 1596.9843, 955.3317, 717.7589, , 
65668.180664083, 002150, -3.070479, 0.037721764, 6.6539917, 0.6909621, -0.6868165, 0.0762364, 0.21223195, 1596.9843, 1596.9843, 955.33075, 717.75916, , 
65668.197333166, 002151, -3.070303, 0.03687014, 6.6448236, 0.6911742, -0.6868356, 0.07437059, 0.21214175, 1596.9843, 1596.9843, 955.32916, 717.75903, , 
65668.214002166, 002152, -3.0701334, 0.036147464, 6.6356196, 0.6915056, -0.6868265, 0.072617315, 0.21169764, 1596.9843, 1596.9843, 955.32776, 717.7585, , 
65668.230671208, 002153, -3.0700521, 0.035580914, 6.6263857, 0.6919559, -0.6867826, 0.07106349, 0.21089435, 1596.9843, 1596.9843, 955.32623, 717.75745, , 
65668.247340333, 002154, -3.0700142, 0.03522229, 6.6170855, 0.69248796, -0.68675417, 0.0698056, 0.20965722, 1596.9843, 1596.9843, 955.32416, 717.7555, , 
65668.280678458, 002155, -3.071423, 0.0343764, 6.5985703, 0.692631, -0.68713325, 0.068951964, 0.20822035, 1597.4362, 1597.4362, 955.32227, 717.75464, , 
65668.297347458, 002156, -3.0727918, 0.03392965, 6.589152, 0.6921868, -0.6872678, 0.06982594, 0.2089608, 1596.9843, 1596.9843, 955.32336, 717.75635, , 
65668.314016666, 002157, -3.073449, 0.034008373, 6.5791154, 0.69189924, -0.6870548, 0.071417704, 0.2100727, 1596.9843, 1596.9843, 955.32495, 717.75726, , 
65668.330685708, 002158, -3.0739877, 0.03448825, 6.569119, 0.69210565, -0.68646026, 0.07304285, 0.21077672, 1596.9843, 1596.9843, 955.3265, 717.7566, , 
65668.347354708, 002159, -3.0745335, 0.03524856, 6.5593166, 0.69268745, -0.6856817, 0.07422488, 0.21098658, 1596.9843, 1596.9843, 955.3275, 717.75464, , 
65668.364023833, 002160, -3.0769582, 0.034785215, 6.5501623, 0.6932466, -0.6849504, 0.07516381, 0.2111929, 1596.9843, 1596.9843, 955.32855, 717.7518, , 
65668.380692916, 002161, -3.0781183, 0.03519329, 6.540425, 0.693281, -0.6843888, 0.07615813, 0.2125401, 1596.9843, 1596.9843, 955.32983, 717.75116, , 
65668.397362, 002162, -3.0788755, 0.035900403, 6.5304937, 0.6929672, -0.6839261, 0.07736219, 0.21460804, 1596.9843, 1596.9843, 955.3319, 717.7518, , 
65668.414031166, 002163, -3.0795329, 0.036816638, 6.520803, 0.69273365, -0.68348163, 0.078435026, 0.21638122, 1597.4362, 1597.4362, 955.33484, 717.7528, , 
65668.44736925, 002164, -3.0807836, 0.039255958, 6.5031238, 0.693553, -0.6825496, 0.079480074, 0.21631718, 1597.4362, 1597.4362, 955.3361, 717.7505, , 
65668.464038291, 002165, -3.0825615, 0.039778437, 6.4934483, 0.6943032, -0.6823554, 0.07943808, 0.21453135, 1597.4362, 1597.4362, 955.3347, 717.74713, , 
65668.480707416, 002166, -3.0832665, 0.040726986, 6.485017, 0.69470596, -0.68260443, 0.079025306, 0.21257877, 1597.4362, 1597.4362, 955.3331, 717.7455, , 
65668.497376375, 002167, -3.0834534, 0.04167999, 6.47685, 0.6946018, -0.6832774, 0.07850687, 0.21094307, 1596.9843, 1596.9843, 955.3316, 717.74536, , 
65668.514045541, 002168, -3.0833304, 0.04252675, 6.468576, 0.69401807, -0.6842506, 0.07813152, 0.20984615, 1596.9843, 1596.9843, 955.3301, 717.74756, , 
65668.530714625, 002169, -3.0830343, 0.043249015, 6.460042, 0.69307846, -0.6852882, 0.07804338, 0.20959847, 1596.9843, 1596.9843, 955.3297, 717.75055, , 
65668.54738375, 002170, -3.082677, 0.04389612, 6.4513006, 0.6920348, -0.6861173, 0.07832505, 0.2102287, 1596.9843, 1596.9843, 955.3302, 717.754, , 
65668.564052791, 002171, -3.0837471, 0.043184627, 6.4435983, 0.691228, -0.6866094, 0.07886939, 0.21107092, 1596.9843, 1596.9843, 955.3316, 717.7578, , 
65668.580721791, 002172, -3.083928, 0.043454293, 6.4354324, 0.69083357, -0.6866883, 0.07929544, 0.21194406, 1596.9843, 1596.9843, 955.3325, 717.7593, , 
65668.597390833, 002173, -3.0838206, 0.044025984, 6.4272842, 0.6907182, -0.68658143, 0.07938319, 0.2126326, 1597.4362, 1597.4362, 955.3332, 717.7598, , 
65668.630729166, 002174, -3.083177, 0.045011993, 6.411176, 0.6901889, -0.6866748, 0.07839154, 0.21441028, 1597.4362, 1597.4362, 955.3339, 717.76184, , 
65668.647398083, 002175, -3.0826662, 0.045225434, 6.4031577, 0.6895119, -0.68706995, 0.07727951, 0.21572207, 1597.4362, 1597.4362, 955.33417, 717.7643, , 
65668.664067166, 002176, -3.0823786, 0.04336899, 6.395879, 0.68863857, -0.6877427, 0.07568901, 0.21692868, 1597.4362, 1597.4362, 955.3343, 717.7674, , 
65668.680736333, 002177, -3.0817354, 0.0425778, 6.3882003, 0.6876736, -0.68852234, 0.0737983, 0.21816443, 1597.4362, 1597.4362, 955.33405, 717.77234, , 
65668.697405416, 002178, -3.0809479, 0.042022947, 6.3803735, 0.68672514, -0.6893325, 0.07179124, 0.21926077, 1596.9843, 1596.9843, 955.3337, 717.7762, , 
65668.714074541, 002179, -3.0801272, 0.041487195, 6.3724318, 0.68592966, -0.69002223, 0.06990497, 0.22018872, 1596.9843, 1596.9843, 955.3332, 717.7796, , 
65668.7307435, 002180, -3.079328, 0.040917654, 6.364367, 0.68534994, -0.6904862, 0.068255834, 0.22105516, 1596.9843, 1596.9843, 955.33264, 717.7831, , 
65668.764081666, 002181, -3.0785875, 0.038710427, 6.3470397, 0.6847938, -0.6906876, 0.06543787, 0.22299312, 1596.9843, 1596.9843, 955.33215, 717.78613, , 
65668.780750833, 002182, -3.0781085, 0.037639488, 6.33822, 0.6847367, -0.69046557, 0.06402709, 0.22426172, 1596.9843, 1596.9843, 955.33203, 717.78705, , 
65668.79741975, 002183, -3.0774767, 0.03671852, 6.329389, 0.6849351, -0.6899644, 0.06273002, 0.22556134, 1596.9843, 1596.9843, 955.33203, 717.7871, , 
65668.814088833, 002184, -3.076808, 0.035834003, 6.320471, 0.6854089, -0.6891777, 0.061597347, 0.22683538, 1596.9843, 1596.9843, 955.33203, 717.78613, , 
65668.830758041, 002185, -3.0760927, 0.03492709, 6.311447, 0.6860419, -0.68822616, 0.06053888, 0.22809246, 1596.9843, 1596.9843, 955.33203, 717.7844, , 
65668.847427125, 002186, -3.07527, 0.03395435, 6.3023224, 0.6866557, -0.6873164, 0.059313387, 0.22930743, 1596.9843, 1596.9843, 955.33203, 717.78204, , 
65668.880765208, 002187, -3.074254, 0.030157987, 6.2847996, 0.6873821, -0.6861461, 0.055827554, 0.23150094, 1596.9843, 1596.9843, 955.33136, 717.78033, , 
65668.89743425, 002188, -3.0730193, 0.028882574, 6.275608, 0.68751514, -0.6858516, 0.05353612, 0.23251712, 1596.9843, 1596.9843, 955.33044, 717.7803, , 
65668.914103416, 002189, -3.0716078, 0.02768426, 6.266363, 0.6875976, -0.6856506, 0.050841823, 0.2334694, 1596.9843, 1596.9843, 955.3294, 717.7805, , 
65668.930772416, 002190, -3.070088, 0.026533876, 6.257084, 0.6876532, -0.6855042, 0.047804132, 0.23437522, 1596.9843, 1596.9843, 955.3281, 717.7808, , 
65668.947441416, 002191, -3.068439, 0.025482442, 6.247772, 0.6876936, -0.6854555, 0.044532873, 0.23504272, 1596.9843, 1596.9843, 955.3261, 717.78125, , 
65668.980779708, 002192, -3.065747, 0.02316669, 6.2290792, 0.68673044, -0.686119, 0.03739619, 0.23715712, 1597.4362, 1597.4362, 955.3231, 717.78455, , 
65668.997448708, 002193, -3.0642557, 0.022240136, 6.2190776, 0.68557364, -0.6865311, 0.034161966, 0.2397849, 1597.4362, 1597.4362, 955.32263, 717.78986, , 
65669.014117958, 002194, -3.0627444, 0.021613885, 6.2087173, 0.6844082, -0.68656766, 0.03172723, 0.24331768, 1597.4362, 1597.4362, 955.32336, 717.7943, , 
65669.030786833, 002195, -3.0613983, 0.021344934, 6.198508, 0.6837604, -0.6860754, 0.03022208, 0.24669574, 1597.4362, 1597.4362, 955.3246, 717.7975, , 
65669.047455958, 002196, -3.0602148, 0.021471042, 6.188836, 0.68398315, -0.6851036, 0.029395606, 0.24886945, 1597.4362, 1597.4362, 955.32587, 717.7977, , 
65669.080794166, 002197, -3.0579278, 0.02239902, 6.171073, 0.6856939, -0.683467, 0.027107185, 0.24892132, 1597.4362, 1597.4362, 955.3246, 717.7923, , 
65669.097463125, 002198, -3.056661, 0.022884969, 6.1624017, 0.68603396, -0.6834328, 0.0249879, 0.24829935, 1597.4362, 1597.4362, 955.323, 717.79047, , 
65669.11413225, 002199, -3.0553029, 0.023324374, 6.153574, 0.6856701, -0.6838373, 0.022568988, 0.24842258, 1596.9843, 1596.9843, 955.321, 717.7913, , 
65669.130801333, 002200, -3.054021, 0.023761217, 6.144285, 0.68470657, -0.6842752, 0.020591447, 0.2500403, 1596.9843, 1596.9843, 955.3207, 717.7942, , 
65669.164139541, 002201, -3.052221, 0.024978157, 6.12488, 0.68260956, -0.6837072, 0.018748295, 0.25736564, 1597.4362, 1597.4362, 955.3245, 717.8033, , 
65669.1808085, 002202, -3.0519238, 0.025965136, 6.114463, 0.6824514, -0.68254656, 0.01805897, 0.26089102, 1597.4362, 1597.4362, 955.32635, 717.8045, , 
65669.197477666, 002203, -3.0517235, 0.027197767, 6.1055865, 0.6831041, -0.68104523, 0.016697196, 0.26318684, 1597.4362, 1597.4362, 955.32715, 717.80316, , 
65669.21414675, 002204, -3.0516102, 0.028498262, 6.097641, 0.68420225, -0.6795397, 0.014590294, 0.2643485, 1597.4362, 1597.4362, 955.3265, 717.79877, , 
65669.230815875, 002205, -3.051585, 0.029661004, 6.0901723, 0.68529177, -0.6782101, 0.012052494, 0.26506785, 1597.4362, 1597.4362, 955.3252, 717.7951, , 
65669.264153916, 002206, -3.0519054, 0.031280678, 6.075571, 0.68697363, -0.67595655, 0.007064831, 0.26664582, 1597.4362, 1597.4362, 955.3225, 717.78827, , 
65669.280823, 002207, -3.0520575, 0.031695213, 6.0679965, 0.6875685, -0.67496467, 0.004742659, 0.26767474, 1597.4362, 1597.4362, 955.3217, 717.7861, , 
65669.297492166, 002208, -3.052369, 0.031913456, 6.060231, 0.6880695, -0.6738381, 0.0024814424, 0.26925147, 1597.4362, 1597.4362, 955.3211, 717.7843, , 
65669.31416125, 002209, -3.0529766, 0.031986374, 6.0522833, 0.6885347, -0.67239136, 0.00039402227, 0.27167913, 1597.4362, 1597.4362, 955.3212, 717.7821, , 
65669.347499291, 002210, -3.0548916, 0.03187297, 6.035909, 0.68961334, -0.66837686, -0.0030593139, 0.2787407, 1597.4362, 1597.4362, 955.32324, 717.77875, , 
65669.364168416, 002211, -3.0560977, 0.031746287, 6.027731, 0.69022226, -0.6660296, -0.0044796923, 0.28280324, 1596.9843, 1596.9843, 955.3247, 717.7769, , 
65669.3808375, 002212, -3.0555375, 0.03176171, 6.0192337, 0.6908975, -0.6637069, -0.0057705166, 0.2865667, 1596.9843, 1596.9843, 955.327, 717.7742, , 
65669.3975065, 002213, -3.0562198, 0.03171623, 6.011394, 0.6916398, -0.6615481, -0.0067440677, 0.28972918, 1596.9843, 1596.9843, 955.3287, 717.7718, , 
65669.414175541, 002214, -3.0572512, 0.031638283, 6.0039687, 0.6923282, -0.65976804, -0.00757566, 0.29211333, 1596.9843, 1596.9843, 955.32983, 717.7695, , 
65669.447513875, 002215, -3.0594182, 0.031189423, 5.9896874, 0.6927473, -0.65783846, -0.009344673, 0.29540223, 1596.9843, 1596.9843, 955.3315, 717.76685, , 
65669.464182916, 002216, -3.0605123, 0.030745115, 5.9825664, 0.6923138, -0.6576128, -0.010401192, 0.29688168, 1596.9843, 1596.9843, 955.33185, 717.7678, , 
65669.480851875, 002217, -3.0611675, 0.030198622, 5.9747806, 0.6915577, -0.6576998, -0.0115648685, 0.29840422, 1596.9843, 1596.9843, 955.33215, 717.7707, , 
65669.497521, 002218, -3.0620477, 0.029565815, 5.9669847, 0.6907448, -0.65780985, -0.012742611, 0.29999238, 1596.9843, 1596.9843, 955.3325, 717.77325, , 
65669.514190125, 002219, -3.0634558, 0.028877076, 5.959454, 0.69009024, -0.65774894, -0.013855285, 0.30157885, 1596.9843, 1596.9843, 955.3329, 717.7755, , 
65669.547528125, 002220, -3.0672543, 0.027415935, 5.9443855, 0.6894123, -0.65694106, -0.015908293, 0.30477184, 1596.9843, 1596.9843, 955.3338, 717.7784, , 
65669.564197333, 002221, -3.0680494, 0.027371194, 5.935479, 0.68937826, -0.65624535, -0.016927391, 0.30628932, 1596.9843, 1596.9843, 955.3343, 717.77875, , 
65669.580866375, 002222, -3.0700078, 0.026844922, 5.927374, 0.6893975, -0.6555808, -0.017856872, 0.30761334, 1597.4362, 1597.4362, 955.3346, 717.77875, , 
65669.5975355, 002223, -3.0724213, 0.026146244, 5.9194646, 0.68939847, -0.6549736, -0.018699184, 0.30885214, 1597.4362, 1597.4362, 955.33496, 717.7786, , 
65669.614204625, 002224, -3.0750597, 0.025384184, 5.911574, 0.6893795, -0.6544112, -0.019503118, 0.31003457, 1597.4362, 1597.4362, 955.3353, 717.7786, , 
65669.647542666, 002225, -3.0807126, 0.02392156, 5.8958707, 0.6895787, -0.65337, -0.02114374, 0.3116759, 1597.4362, 1597.4362, 955.3356, 717.7779, , 
65669.664211791, 002226, -3.0831676, 0.023617234, 5.887008, 0.6897459, -0.65300304, -0.021866208, 0.31202456, 1597.4362, 1597.4362, 955.3352, 717.777, , 
65669.680880875, 002227, -3.0859647, 0.023139771, 5.8788924, 0.68994975, -0.65277386, -0.022616545, 0.31199995, 1597.4362, 1597.4362, 955.3347, 717.776, , 
65669.69754975, 002228, -3.0888922, 0.022642348, 5.871012, 0.6901383, -0.6526892, -0.023384782, 0.31170338, 1596.9843, 1596.9843, 955.3338, 717.7749, , 
65669.714218916, 002229, -3.0918798, 0.022193719, 5.8632145, 0.69033265, -0.6527024, -0.024124937, 0.31118873, 1596.9843, 1596.9843, 955.333, 717.7741, , 
65669.747557125, 002230, -3.097841, 0.021603774, 5.8478656, 0.6909096, -0.6530969, -0.025609292, 0.3089539, 1596.9843, 1596.9843, 955.3302, 717.7714, , 
65669.764226125, 002231, -3.1007867, 0.021524351, 5.8402996, 0.69134915, -0.6534946, -0.026513753, 0.3070474, 1596.9843, 1596.9843, 955.3284, 717.76965, , 
65669.78089525, 002232, -3.103735, 0.02108286, 5.8306074, 0.69169664, -0.65395385, -0.027340854, 0.30520913, 1596.9843, 1596.9843, 955.3265, 717.768, , 
65669.797564375, 002233, -3.1067603, 0.020948175, 5.821949, 0.69179374, -0.6543891, -0.027964927, 0.30399713, 1596.9843, 1596.9843, 955.3247, 717.76697, , 
65669.8309025, 002234, -3.113135, 0.021119688, 5.804725, 0.6916488, -0.654685, -0.027771953, 0.3037071, 1596.9843, 1596.9843, 955.3243, 717.7674, , 
65669.847571541, 002235, -3.1164825, 0.021452706, 5.7961297, 0.6918399, -0.6544099, -0.026979087, 0.3039363, 1596.9843, 1596.9843, 955.3248, 717.76733, , 
65669.864240625, 002236, -3.120171, 0.02150518, 5.787679, 0.69238317, -0.65395457, -0.025918718, 0.30377162, 1596.9843, 1596.9843, 955.3257, 717.7657, , 
65669.880909666, 002237, -3.1236691, 0.022051547, 5.7794538, 0.6931029, -0.6535559, -0.02491817, 0.30307105, 1596.9843, 1596.9843, 955.326, 717.7635, , 
65669.914247916, 002238, -3.1304278, 0.0235353, 5.7629647, 0.6938845, -0.6534739, -0.022418361, 0.3016512, 1596.9843, 1596.9843, 955.3265, 717.7602, , 
65669.930916958, 002239, -3.1338646, 0.024291355, 5.754468, 0.6937283, -0.6535442, -0.020619191, 0.30198634, 1596.9843, 1596.9843, 955.32776, 717.7609, , 
65669.947586041, 002240, -3.1373668, 0.025125328, 5.7460637, 0.6935456, -0.6535106, -0.018862158, 0.3025931, 1596.9843, 1596.9843, 955.3293, 717.76196, , 
65669.964255083, 002241, -3.141061, 0.025095653, 5.737097, 0.6935596, -0.6533943, -0.01753211, 0.30289206, 1596.9843, 1596.9843, 955.3309, 717.7623, , 
65669.980924208, 002242, -3.1445882, 0.025859248, 5.729208, 0.69387805, -0.6532252, -0.016801659, 0.3025686, 1596.9843, 1596.9843, 955.33136, 717.76154, , 
65670.014262291, 002243, -3.1512485, 0.027899582, 5.715011, 0.6947725, -0.6532877, -0.016930515, 0.30036575, 1596.9843, 1596.9843, 955.32983, 717.7577, , 
65670.030931416, 002244, -3.1543703, 0.028785165, 5.708161, 0.6948115, -0.6537223, -0.01741319, 0.29930037, 1596.9843, 1596.9843, 955.3287, 717.7572, , 
65670.047600458, 002245, -3.1573255, 0.029485118, 5.701278, 0.6943869, -0.6545115, -0.017939372, 0.29852924, 1596.9843, 1596.9843, 955.32776, 717.758, , 
65670.064269416, 002246, -3.1605825, 0.030155402, 5.6936717, 0.6936453, -0.65551543, -0.018299777, 0.29802802, 1596.9843, 1596.9843, 955.32684, 717.761, , 
65670.080938541, 002247, -3.1634767, 0.030619383, 5.686417, 0.69270533, -0.6565078, -0.018552395, 0.2980145, 1596.9843, 1596.9843, 955.3265, 717.76404, , 
65670.11427675, 002248, -3.1689744, 0.031429015, 5.672212, 0.691224, -0.65760773, -0.018288298, 0.29904336, 1596.9843, 1596.9843, 955.327, 717.7696, , 
65670.130945875, 002249, -3.1715906, 0.031909924, 5.665272, 0.690863, -0.65774995, -0.017860567, 0.29959032, 1596.9843, 1596.9843, 955.3279, 717.7715, , 
65670.147614833, 002250, -3.1740549, 0.03240217, 5.658416, 0.6905206, -0.65787095, -0.01744451, 0.30013785, 1596.9843, 1596.9843, 955.32855, 717.77264, , 
65670.164283958, 002251, -3.1767151, 0.03319863, 5.6502624, 0.6899211, -0.6582192, -0.01723118, 0.30076462, 1596.9843, 1596.9843, 955.32916, 717.77435, , 
65670.197622125, 002252, -3.1810396, 0.03399336, 5.636254, 0.6876772, -0.6597281, -0.018072812, 0.3025428, 1596.9843, 1596.9843, 955.32996, 717.7822, , 
65670.214291083, 002253, -3.1829844, 0.034248378, 5.6296225, 0.6863362, -0.660658, -0.019001376, 0.30350038, 1596.9843, 1596.9843, 955.3301, 717.7866, , 
65670.230960208, 002254, -3.1848676, 0.034459602, 5.6231017, 0.6850522, -0.66152984, -0.020229625, 0.30442157, 1596.9843, 1596.9843, 955.3301, 717.7922, , 
65670.247629375, 002255, -3.186733, 0.034645986, 5.616675, 0.6839951, -0.66224885, -0.021701975, 0.30513287, 1596.9843, 1596.9843, 955.3297, 717.7956, , 
65670.2809675, 002256, -3.1904273, 0.03437676, 5.6035914, 0.68269426, -0.66289824, -0.024728233, 0.30640322, 1596.9843, 1596.9843, 955.3288, 717.80005, , 
65670.297636458, 002257, -3.1924562, 0.03428219, 5.5969934, 0.68225116, -0.6629304, -0.025945272, 0.3072188, 1596.9843, 1596.9843, 955.3284, 717.8019, , 
65670.314305625, 002258, -3.1945527, 0.03412235, 5.5902514, 0.68193936, -0.6627752, -0.02695791, 0.30815738, 1596.9843, 1596.9843, 955.3284, 717.80286, , 
65670.347643791, 002259, -3.1988788, 0.03346547, 5.5761952, 0.6813888, -0.66188747, -0.029016616, 0.31108218, 1596.9843, 1596.9843, 955.32904, 717.80457, , 
65670.36431275, 002260, -3.20108, 0.032968506, 5.5688896, 0.6810953, -0.6611427, -0.03043355, 0.31316656, 1596.9843, 1596.9843, 955.32947, 717.8054, , 
65670.380981833, 002261, -3.203002, 0.032842103, 5.56109, 0.6809972, -0.6601228, -0.03210753, 0.31535652, 1596.9843, 1596.9843, 955.32996, 717.8058, , 
65670.414320041, 002262, -3.2072134, 0.031960603, 5.54595, 0.6813421, -0.6576323, -0.03549925, 0.31942523, 1596.9843, 1596.9843, 955.3307, 717.8042, , 
65670.430989166, 002263, -3.2092316, 0.03138311, 5.5382905, 0.681448, -0.65648156, -0.037184704, 0.32136893, 1596.9843, 1596.9843, 955.33075, 717.8034, , 
65670.447658125, 002264, -3.211136, 0.030721266, 5.5304947, 0.6813249, -0.6555761, -0.03892654, 0.32326627, 1596.9843, 1596.9843, 955.331, 717.8032, , 
65670.480996375, 002265, -3.2130995, 0.029323485, 5.514582, 0.68025255, -0.654503, -0.043147083, 0.32714003, 1596.9843, 1596.9843, 955.3311, 717.80524, , 
65670.497665375, 002266, -3.2142775, 0.028593633, 5.5065217, 0.6795832, -0.65416414, -0.045776922, 0.32884714, 1596.9843, 1596.9843, 955.3307, 717.8072, , 
65670.514334375, 002267, -3.2158096, 0.0278632, 5.4984107, 0.6789485, -0.65384966, -0.048697088, 0.33036047, 1596.9843, 1596.9843, 955.32983, 717.80853, , 
65670.547672666, 002268, -3.2192643, 0.026457798, 5.4820356, 0.6778926, -0.6531495, -0.054709945, 0.3329624, 1597.4362, 1597.4362, 955.32764, 717.81055, , 
65670.56434175, 002269, -3.2198148, 0.025180321, 5.4741974, 0.67744267, -0.6527837, -0.057657484, 0.33409637, 1597.4362, 1597.4362, 955.3266, 717.81104, , 
65670.581010791, 002270, -3.221234, 0.024379347, 5.465854, 0.67696184, -0.652414, -0.06059044, 0.33527225, 1597.4362, 1597.4362, 955.32556, 717.81146, , 
65670.614348875, 002271, -3.22516, 0.023195084, 5.447864, 0.6753064, -0.65083444, -0.0664485, 0.3405295, 1596.9843, 1596.9843, 955.32495, 717.8151, , 
65670.631018, 002272, -3.227549, 0.022853188, 5.4384913, 0.674639, -0.64913714, -0.06908342, 0.34454417, 1597.4362, 1597.4362, 955.32587, 717.81683, , 
65670.647687083, 002273, -3.230172, 0.022783566, 5.4292574, 0.6745742, -0.6467734, -0.07155747, 0.3485876, 1597.4362, 1597.4362, 955.32697, 717.817, , 
65670.681025166, 002274, -3.2345657, 0.023415532, 5.4129186, 0.6761883, -0.6411064, -0.07633582, 0.35485882, 1597.4362, 1597.4362, 955.32855, 717.81, , 
65670.697694291, 002275, -3.236746, 0.023873787, 5.405048, 0.6773084, -0.63843024, -0.07871414, 0.35702112, 1596.9843, 1596.9843, 955.32855, 717.8053, , 
65670.7310325, 002276, -3.2411895, 0.024738338, 5.388857, 0.6783137, -0.6340502, -0.083978646, 0.36168835, 1596.9843, 1596.9843, 955.32825, 717.7979, , 
65670.747701416, 002277, -3.243392, 0.025189843, 5.380517, 0.67804295, -0.63209045, -0.0867334, 0.36496136, 1596.9843, 1596.9843, 955.32855, 717.7973, , 
65670.764370541, 002278, -3.245257, 0.025986854, 5.3732247, 0.67732495, -0.6301594, -0.0893768, 0.36897406, 1596.9843, 1596.9843, 955.32983, 717.7984, , 
65670.79770875, 002279, -3.249406, 0.027407657, 5.3571715, 0.67531943, -0.626383, -0.094213866, 0.37777194, 1596.9843, 1596.9843, 955.3329, 717.8029, , 
65670.814377666, 002280, -3.2513573, 0.028277468, 5.349578, 0.67457545, -0.6247374, -0.096460775, 0.38124332, 1596.9843, 1596.9843, 955.3345, 717.8052, , 
65670.831046833, 002281, -3.2531493, 0.02925602, 5.34254, 0.67417514, -0.6232998, -0.09881203, 0.38369447, 1596.9843, 1596.9843, 955.33484, 717.8056, , 
65670.864384958, 002282, -3.25627, 0.031175982, 5.329846, 0.67390776, -0.6210367, -0.10417358, 0.38640586, 1596.9843, 1596.9843, 955.33344, 717.8039, , 
65670.881054125, 002283, -3.257085, 0.03223491, 5.325538, 0.67377895, -0.620135, -0.10699748, 0.38730615, 1596.9843, 1596.9843, 955.33203, 717.8022, , 
65670.897723125, 002284, -3.2582948, 0.032944556, 5.3200865, 0.6735124, -0.6191403, -0.10976995, 0.38858312, 1596.9843, 1596.9843, 955.331, 717.80133, , 
65670.931061291, 002285, -3.2612743, 0.03384771, 5.30809, 0.6724999, -0.6165151, -0.11542223, 0.3928495, 1596.9843, 1596.9843, 955.3302, 717.8012, , 
65670.947730458, 002286, -3.2629335, 0.03418756, 5.301933, 0.6718218, -0.61489934, -0.11831265, 0.395672, 1596.9843, 1596.9843, 955.3303, 717.8017, , 
65670.9810685, 002287, -3.266879, 0.034693267, 5.2915096, 0.67101, -0.6116312, -0.122899964, 0.4006848, 1596.9843, 1596.9843, 955.3311, 717.802, , 
65670.997737625, 002288, -3.2684665, 0.035151254, 5.2860284, 0.67107147, -0.6100772, -0.12448656, 0.40245754, 1596.9843, 1596.9843, 955.3315, 717.80096, , 
65671.014406708, 002289, -3.2698882, 0.0356478, 5.280726, 0.67130274, -0.60882574, -0.1257718, 0.40356556, 1596.9843, 1596.9843, 955.3315, 717.7995, , 
65671.04774475, 002290, -3.272445, 0.03646512, 5.2704606, 0.67159456, -0.6071235, -0.12757656, 0.40507534, 1596.9843, 1596.9843, 955.3315, 717.79675, , 
65671.064413875, 002291, -3.2736375, 0.03673179, 5.265398, 0.6715167, -0.6065759, -0.12828204, 0.4058011, 1596.9843, 1596.9843, 955.3316, 717.79645, , 
65671.081082875, 002292, -3.2748656, 0.03710894, 5.2625527, 0.6713674, -0.6062395, -0.12897143, 0.4063321, 1596.9843, 1596.9843, 955.3316, 717.7965, , 
65671.114420958, 002293, -3.277238, 0.03736223, 5.253459, 0.6708512, -0.6054996, -0.13048443, 0.4078021, 1596.9843, 1596.9843, 955.3315, 717.7973, , 
65671.131090166, 002294, -3.2785041, 0.037333753, 5.2484436, 0.67056876, -0.60493004, -0.13105272, 0.40892822, 1596.9843, 1596.9843, 955.33185, 717.7977, , 
65671.14775925, 002295, -3.279823, 0.037232887, 5.243343, 0.67028755, -0.6042862, -0.13155696, 0.41017747, 1596.9843, 1596.9843, 955.33264, 717.7986, , 
65671.18109725, 002296, -3.282631, 0.036374945, 5.236392, 0.66969484, -0.6030547, -0.13259095, 0.4126177, 1596.9843, 1596.9843, 955.3338, 717.8001, , 
65671.197766375, 002297, -3.2840447, 0.03601811, 5.2316017, 0.6693318, -0.60255843, -0.13312912, 0.41375712, 1596.9843, 1596.9843, 955.33435, 717.8012, , 
65671.214435416, 002298, -3.2854776, 0.035599727, 5.2266507, 0.6690023, -0.60212404, -0.1334973, 0.41480225, 1596.9843, 1596.9843, 955.33484, 717.80206, , 
65671.247773708, 002299, -3.288469, 0.034525547, 5.2165585, 0.66853714, -0.6013736, -0.13349032, 0.41663918, 1596.9843, 1596.9843, 955.3365, 717.80396, , 
65671.264442583, 002300, -3.2898264, 0.033408854, 5.2137375, 0.6684486, -0.60098463, -0.13317886, 0.4174413, 1596.9843, 1596.9843, 955.3373, 717.80475, , 
65671.297780833, 002301, -3.293173, 0.031734888, 5.204529, 0.6683311, -0.60033387, -0.13224493, 0.41886032, 1597.4362, 1597.4362, 955.33936, 717.8063, , 
65671.314449958, 002302, -3.2949793, 0.030900206, 5.1995177, 0.6683157, -0.6001077, -0.13168831, 0.41938394, 1597.4362, 1597.4362, 955.3402, 717.8067, , 
65671.331118958, 002303, -3.296847, 0.030022088, 5.194406, 0.66827804, -0.59995586, -0.13107552, 0.41985285, 1597.4362, 1597.4362, 955.3409, 717.8074, , 
65671.364457125, 002304, -3.3010724, 0.027447809, 5.1859937, 0.66818213, -0.599575, -0.12987205, 0.42092243, 1596.9843, 1596.9843, 955.3429, 717.8088, , 
65671.381126208, 002305, -3.3033273, 0.02627037, 5.1813736, 0.6681865, -0.59934413, -0.1293066, 0.42141792, 1596.9843, 1596.9843, 955.3437, 717.80927, , 
65671.397795291, 002306, -3.3056479, 0.025262844, 5.176283, 0.6682908, -0.59907776, -0.12872222, 0.42181015, 1596.9843, 1596.9843, 955.3445, 717.80945, , 
65671.431133375, 002307, -3.3105521, 0.023337562, 5.1655707, 0.6685051, -0.59855163, -0.12763657, 0.4225467, 1596.9843, 1596.9843, 955.3461, 717.8096, , 
65671.447802458, 002308, -3.3131523, 0.022355009, 5.1600327, 0.6685481, -0.59828264, -0.12710449, 0.42301974, 1596.9843, 1596.9843, 955.3469, 717.80975, , 
65671.464471583, 002309, -3.3158314, 0.020585913, 5.156645, 0.66863644, -0.5979795, -0.12654321, 0.42347682, 1596.9843, 1596.9843, 955.34796, 717.8101, , 
65671.497809666, 002310, -3.3214571, 0.018272016, 5.146301, 0.6688042, -0.5974699, -0.12556022, 0.42422283, 1596.9843, 1596.9843, 955.3496, 717.8104, , 
65671.51447875, 002311, -3.3243966, 0.017282415, 5.1406984, 0.66879565, -0.59737873, -0.12539512, 0.42441377, 1596.9843, 1596.9843, 955.35, 717.8105, , 
65671.547817, 002312, -3.3305643, 0.015391011, 5.1291294, 0.6686214, -0.5974771, -0.12519206, 0.42460975, 1596.9843, 1596.9843, 955.3503, 717.8113, , 
65671.564485916, 002313, -3.3332155, 0.014518056, 5.1255765, 0.6687149, -0.59746075, -0.12511092, 0.42450953, 1596.9843, 1596.9843, 955.3504, 717.8114, , 
65671.581155041, 002314, -3.336406, 0.013748784, 5.120407, 0.66882783, -0.5975066, -0.12513196, 0.42426053, 1596.9843, 1596.9843, 955.3502, 717.81116, , 
65671.614493208, 002315, -3.3435059, 0.012513187, 5.108803, 0.66936284, -0.59756047, -0.12561378, 0.42319745, 1596.9843, 1596.9843, 955.349, 717.8094, , 
65671.631162166, 002316, -3.347323, 0.012028597, 5.102801, 0.66986257, -0.59745884, -0.12581345, 0.4224903, 1596.9843, 1596.9843, 955.3481, 717.8071, , 
65671.647831333, 002317, -3.351273, 0.011638295, 5.0967493, 0.67052054, -0.59732735, -0.12587936, 0.4216119, 1596.9843, 1596.9843, 955.34753, 717.80505, , 
65671.681169541, 002318, -3.3588314, 0.009986032, 5.0877814, 0.6721373, -0.5975456, -0.12580036, 0.41874185, 1596.9843, 1596.9843, 955.34534, 717.7989, , 
65671.697838583, 002319, -3.3629286, 0.009769965, 5.0817432, 0.67286956, -0.5978237, -0.12534149, 0.41730437, 1596.9843, 1596.9843, 955.34436, 717.7965, , 
65671.714507583, 002320, -3.367196, 0.009684641, 5.07528, 0.67357355, -0.5979535, -0.124294505, 0.41629443, 1596.9843, 1596.9843, 955.3441, 717.7948, , 
65671.747845791, 002321, -3.376031, 0.009869669, 5.061566, 0.6750553, -0.59768677, -0.12074434, 0.41532102, 1596.9843, 1596.9843, 955.34625, 717.7916, , 
65671.764514875, 002322, -3.3805223, 0.01022191, 5.056188, 0.6757878, -0.597493, -0.118793406, 0.41497108, 1596.9843, 1596.9843, 955.34753, 717.79065, , 
65671.781183833, 002323, -3.384914, 0.010622002, 5.0497584, 0.6763442, -0.59739596, -0.1170194, 0.41470832, 1596.9843, 1596.9843, 955.34894, 717.7899, , 
65671.814522, 002324, -3.3933935, 0.011504561, 5.036318, 0.6766048, -0.5979115, -0.11419271, 0.414328, 1596.9843, 1596.9843, 955.35114, 717.79034, , 
65671.831191125, 002325, -3.3975544, 0.011940252, 5.029587, 0.6762907, -0.5984368, -0.11296538, 0.4144191, 1596.9843, 1596.9843, 955.35205, 717.7918, , 
65671.84786025, 002326, -3.4017298, 0.012385409, 5.02293, 0.67587435, -0.5989469, -0.11177934, 0.41468278, 1597.4362, 1597.4362, 955.35333, 717.79456, , 
65671.88119825, 002327, -3.411061, 0.013467912, 5.0094194, 0.6756084, -0.59959084, -0.10948864, 0.41479668, 1596.9843, 1596.9843, 955.35516, 717.7974, , 
65671.897867416, 002328, -3.4151912, 0.01412056, 5.003373, 0.67598957, -0.59989166, -0.10848314, 0.41400403, 1596.9843, 1596.9843, 955.35565, 717.7969, , 
65671.914536541, 002329, -3.419121, 0.014797892, 4.9975977, 0.67659813, -0.6003751, -0.107606456, 0.4125356, 1596.9843, 1596.9843, 955.35516, 717.7954, , 
65671.947874541, 002330, -3.4264498, 0.015908018, 4.9861646, 0.67756736, -0.60219043, -0.10536432, 0.40886092, 1597.4362, 1597.4362, 955.3536, 717.79254, , 
65671.964543666, 002331, -3.4309266, 0.015992511, 4.979633, 0.67774844, -0.60342556, -0.10371578, 0.40715805, 1597.4362, 1597.4362, 955.3532, 717.7927, , 
65671.98121275, 002332, -3.4345822, 0.01621497, 4.9734845, 0.6778129, -0.604744, -0.10186156, 0.40555966, 1597.4362, 1597.4362, 955.3532, 717.7934, , 
65672.014550791, 002333, -3.441099, 0.016771156, 4.961426, 0.67805, -0.60699797, -0.09806997, 0.4027207, 1597.4362, 1597.4362, 955.3536, 717.7948, , 
65672.031219916, 002334, -3.4442184, 0.017031748, 4.9553623, 0.6782144, -0.60772693, -0.09631778, 0.40176618, 1597.4362, 1597.4362, 955.354, 717.7951, , 
65672.047889041, 002335, -3.4472964, 0.017235253, 4.9492216, 0.67836624, -0.6081643, -0.09466299, 0.40124092, 1596.9843, 1596.9843, 955.355, 717.79553, , 
65672.081227083, 002336, -3.454272, 0.016990174, 4.9362397, 0.6787679, -0.60800046, -0.09136634, 0.40157408, 1596.9843, 1596.9843, 955.35785, 717.79626, , 
65672.097896208, 002337, -3.4573698, 0.016914766, 4.9299216, 0.6787903, -0.6077518, -0.08982357, 0.4022601, 1596.9843, 1596.9843, 955.35974, 717.79694, , 
65672.114565333, 002338, -3.4603372, 0.01678672, 4.9236827, 0.6787088, -0.60755676, -0.088536285, 0.40297684, 1596.9843, 1596.9843, 955.36206, 717.79816, , 
65672.1479035, 002339, -3.4658012, 0.01626794, 4.911427, 0.67818487, -0.6078488, -0.0869028, 0.40377325, 1596.9843, 1596.9843, 955.36426, 717.8006, , 
65672.164572416, 002340, -3.4687374, 0.016080908, 4.904246, 0.677723, -0.60836023, -0.08642724, 0.40388063, 1596.9843, 1596.9843, 955.3649, 717.8027, , 
65672.181241541, 002341, -3.4714081, 0.015593138, 4.8976502, 0.67725873, -0.608974, -0.08575051, 0.40387872, 1596.9843, 1596.9843, 955.3653, 717.80444, , 
65672.214579791, 002342, -3.476734, 0.014103245, 4.8843584, 0.6762307, -0.61013573, -0.08360202, 0.40429828, 1596.9843, 1596.9843, 955.36707, 717.8087, , 
65672.231248625, 002343, -3.4794703, 0.013273109, 4.877524, 0.67581236, -0.6105202, -0.082472034, 0.40464932, 1596.9843, 1596.9843, 955.3688, 717.81146, , 
65672.247917875, 002344, -3.4822264, 0.012506444, 4.8706517, 0.67560405, -0.6108125, -0.08172123, 0.4047084, 1596.9843, 1596.9843, 955.3696, 717.8128, , 
65672.281256083, 002345, -3.4881191, 0.010498535, 4.856184, 0.67577344, -0.61102086, -0.08136027, 0.40418345, 1596.9843, 1596.9843, 955.36975, 717.813, , 
65672.297925125, 002346, -3.4910207, 0.009828504, 4.848967, 0.6760013, -0.61094886, -0.08138338, 0.40390664, 1596.9843, 1596.9843, 955.3695, 717.8124, , 
65672.314594, 002347, -3.4939265, 0.009192873, 4.841587, 0.6762369, -0.6108122, -0.08153462, 0.40368828, 1596.9843, 1596.9843, 955.36926, 717.8114, , 
65672.34793225, 002348, -3.4997056, 0.007943321, 4.82626, 0.6764778, -0.61074066, -0.08238274, 0.40322036, 1596.9843, 1596.9843, 955.368, 717.8099, , 
65672.364601416, 002349, -3.5031266, 0.0076041706, 4.8172126, 0.6764332, -0.61089486, -0.08319886, 0.402894, 1596.9843, 1596.9843, 955.3672, 717.8093, , 
65672.381270291, 002350, -3.506127, 0.007068504, 4.8087454, 0.67632294, -0.61121404, -0.084166475, 0.40239367, 1596.9843, 1596.9843, 955.36554, 717.809, , 
65672.414608583, 002351, -3.5118082, 0.0058280043, 4.7918944, 0.6759503, -0.61235476, -0.086538345, 0.40077928, 1596.9843, 1596.9843, 955.36206, 717.8087, , 
65672.431277625, 002352, -3.5146956, 0.0051307715, 4.7832093, 0.6755645, -0.6131169, -0.087786935, 0.39999193, 1596.9843, 1596.9843, 955.3596, 717.8092, , 
65672.44794675, 002353, -3.5176725, 0.004382793, 4.7742934, 0.6749856, -0.61394536, -0.0889497, 0.3994414, 1596.9843, 1596.9843, 955.3581, 717.8103, , 
65672.481284791, 002354, -3.5251083, 0.0033372678, 4.7545166, 0.67358834, -0.6160059, -0.091524795, 0.39804348, 1596.9843, 1596.9843, 955.3541, 717.81366, , 
65672.497953916, 002355, -3.5287597, 0.002896499, 4.744586, 0.67264473, -0.6170493, -0.09306092, 0.39766687, 1596.9843, 1596.9843, 955.3524, 717.81573, , 
65672.514622958, 002356, -3.5323834, 0.0025035776, 4.7346907, 0.6714914, -0.6177183, -0.094405055, 0.39825997, 1596.9843, 1596.9843, 955.35156, 717.8186, , 
65672.547961083, 002357, -3.5398912, 0.0025292411, 4.7150407, 0.6701488, -0.617876, -0.09591747, 0.39991188, 1596.9843, 1596.9843, 955.35156, 717.82355, , 
65672.564630166, 002358, -3.5431287, 0.0025664084, 4.706392, 0.67030513, -0.6174908, -0.096308336, 0.400151, 1596.9843, 1596.9843, 955.35156, 717.82336, , 
65672.58129925, 002359, -3.5466375, 0.0031309538, 4.6975203, 0.670857, -0.6169775, -0.09661638, 0.3999435, 1596.9843, 1596.9843, 955.35144, 717.8218, , 
65672.61463725, 002360, -3.5535626, 0.00476772, 4.679942, 0.6719448, -0.6164866, -0.097764336, 0.39859322, 1596.9843, 1596.9843, 955.34937, 717.81647, , 
65672.631306416, 002361, -3.557001, 0.005541783, 4.670971, 0.67172706, -0.6167106, -0.09855153, 0.39841992, 1596.9843, 1596.9843, 955.34845, 717.8159, , 
65672.647975416, 002362, -3.5605593, 0.006181728, 4.6617045, 0.67077684, -0.61705387, -0.09923144, 0.3993195, 1596.9843, 1596.9843, 955.3483, 717.8186, , 
65672.6813135, 002363, -3.569131, 0.007152114, 4.642757, 0.66809154, -0.61674404, -0.099085726, 0.40430474, 1596.9843, 1596.9843, 955.3518, 717.8275, , 
65672.697982625, 002364, -3.5732896, 0.007826243, 4.6336036, 0.667503, -0.6158576, -0.098316915, 0.40680802, 1596.9843, 1596.9843, 955.3555, 717.8316, , 
65672.731320916, 002365, -3.5812593, 0.009673368, 4.6169915, 0.6683906, -0.6136917, -0.097063914, 0.4089193, 1597.4362, 1597.4362, 955.3589, 717.8305, , 
65672.747989791, 002366, -3.5850053, 0.010640454, 4.609435, 0.66917884, -0.6128918, -0.09710644, 0.40881985, 1596.9843, 1596.9843, 955.35913, 717.8271, , 
65672.764658958, 002367, -3.5894854, 0.011474829, 4.600978, 0.6698276, -0.6122708, -0.097663365, 0.40855524, 1597.4362, 1597.4362, 955.3586, 717.82477, , 
65672.797997166, 002368, -3.5971437, 0.012713641, 4.5860987, 0.6705909, -0.61128515, -0.09990908, 0.40823594, 1597.4362, 1597.4362, 955.3563, 717.8204, , 
65672.81466625, 002369, -3.601006, 0.013106521, 4.5786905, 0.6706992, -0.610461, -0.101396665, 0.40892383, 1596.9843, 1596.9843, 955.35565, 717.8191, , 
65672.831335208, 002370, -3.6050715, 0.013389811, 4.5711017, 0.6706747, -0.60914165, -0.1028352, 0.41056886, 1596.9843, 1596.9843, 955.3558, 717.8184, , 
65672.864673416, 002371, -3.6142564, 0.01425406, 4.5542965, 0.67083806, -0.6051343, -0.10549733, 0.41552255, 1596.9843, 1596.9843, 955.35834, 717.8167, , 
65672.8813425, 002372, -3.6189332, 0.014765654, 4.5464277, 0.6712548, -0.60288584, -0.10674281, 0.41779366, 1596.9843, 1596.9843, 955.3595, 717.81494, , 
65672.8980115, 002373, -3.623559, 0.015283447, 4.5391417, 0.67188185, -0.60073197, -0.107754156, 0.4196247, 1596.9843, 1596.9843, 955.36053, 717.8127, , 
65672.931349666, 002374, -3.632802, 0.016219798, 4.5253477, 0.6733787, -0.59712964, -0.10824872, 0.42223155, 1596.9843, 1596.9843, 955.3631, 717.8068, , 
65672.94801875, 002375, -3.6374333, 0.01654267, 4.5186095, 0.67399406, -0.59580743, -0.107788175, 0.42323422, 1596.9843, 1596.9843, 955.3646, 717.805, , 
65672.964687875, 002376, -3.6427214, 0.01665425, 4.510389, 0.6743536, -0.59496325, -0.10711223, 0.42402, 1596.9843, 1596.9843, 955.3661, 717.8039, , 
65672.981356833, 002377, -3.6475122, 0.016654287, 4.503203, 0.6744647, -0.5945789, -0.106465854, 0.42454472, 1596.9843, 1596.9843, 955.3676, 717.8036, , 
65673.014695041, 002378, -3.6568086, 0.016194526, 4.489448, 0.6739147, -0.594803, -0.10523019, 0.42541146, 1596.9843, 1596.9843, 955.3694, 717.80566, , 
65673.031364166, 002379, -3.661483, 0.015773077, 4.482552, 0.67343754, -0.59516174, -0.10460165, 0.42582026, 1596.9843, 1596.9843, 955.37054, 717.80817, , 
65673.048033083, 002380, -3.666228, 0.015264507, 4.4756255, 0.6729689, -0.5955106, -0.104089186, 0.42619863, 1596.9843, 1596.9843, 955.3712, 717.81006, , 
65673.081371291, 002381, -3.6775486, 0.0137160085, 4.460371, 0.6723256, -0.5958651, -0.10390062, 0.4267643, 1596.9843, 1596.9843, 955.3722, 717.813, , 
65673.098040375, 002382, -3.6828487, 0.013005566, 4.45334, 0.6722864, -0.5958061, -0.104020044, 0.4268792, 1596.9843, 1596.9843, 955.3722, 717.81323, , 
65673.1147095, 002383, -3.688223, 0.012239058, 4.446319, 0.6724207, -0.59568274, -0.10398142, 0.42684937, 1596.9843, 1596.9843, 955.37225, 717.813, , 
65673.131378416, 002384, -3.693687, 0.011385564, 4.439241, 0.6726752, -0.59556997, -0.103698485, 0.42667443, 1596.9843, 1596.9843, 955.3724, 717.81226, , 
65673.164716625, 002385, -3.705697, 0.009234834, 4.4232945, 0.6733849, -0.5957774, -0.10284065, 0.4254714, 1596.9843, 1596.9843, 955.3722, 717.8103, , 
65673.18138575, 002386, -3.7116184, 0.008043397, 4.4155416, 0.67368907, -0.5961525, -0.102459826, 0.42455536, 1596.9843, 1596.9843, 955.3716, 717.80896, , 
65673.198054666, 002387, -3.717392, 0.0068010427, 4.4080734, 0.67380273, -0.59674, -0.10226932, 0.42359436, 1596.9843, 1596.9843, 955.3708, 717.80853, , 
65673.231392875, 002388, -3.7289555, 0.0042468053, 4.3932147, 0.6737044, -0.59827983, -0.10210043, 0.42161492, 1596.9843, 1596.9843, 955.36865, 717.8087, , 
65673.248062041, 002389, -3.7348948, 0.0030570738, 4.385799, 0.6737518, -0.5989778, -0.10195172, 0.4205828, 1596.9843, 1596.9843, 955.36774, 717.8087, , 
65673.264731125, 002390, -3.7417815, 0.0018163584, 4.3774257, 0.6739953, -0.59960955, -0.101795204, 0.41932848, 1596.9843, 1596.9843, 955.3668, 717.8079, , 
65673.2814, 002391, -3.748174, 0.0008974414, 4.369841, 0.674529, -0.60018665, -0.101602286, 0.41768834, 1596.9843, 1596.9843, 955.36566, 717.80646, , 
65673.31473825, 002392, -3.760783, -0.00019330531, 4.3550744, 0.6759359, -0.6013766, -0.10067001, 0.41391093, 1596.9843, 1596.9843, 955.3625, 717.8013, , 
65673.331407375, 002393, -3.7671638, -0.00045045838, 4.3474383, 0.6764334, -0.60189664, -0.099186346, 0.4126989, 1596.9843, 1596.9843, 955.3622, 717.8, , 
65673.34807625, 002394, -3.7735162, -0.00047749619, 4.3396773, 0.6768641, -0.60235524, -0.09701786, 0.41183814, 1596.9843, 1596.9843, 955.36334, 717.7995, , 
65673.364745375, 002395, -3.779972, -0.00062867254, 4.3317575, 0.6774258, -0.6028639, -0.094807975, 0.4106833, 1596.9843, 1596.9843, 955.3644, 717.79895, , 
65673.398083625, 002396, -3.7917674, 0.0005680993, 4.316953, 0.6789497, -0.6044565, -0.091012396, 0.40666485, 1596.9843, 1596.9843, 955.36414, 717.7953, , 
65673.414752666, 002397, -3.7974288, 0.0014404472, 4.309573, 0.6794828, -0.60535717, -0.08892705, 0.40489224, 1596.9843, 1596.9843, 955.364, 717.7941, , 
65673.431421666, 002398, -3.8030465, 0.0023485385, 4.3020773, 0.6797306, -0.60616815, -0.08634202, 0.40382114, 1596.9843, 1596.9843, 955.36487, 717.7941, , 
65673.448090791, 002399, -3.8086357, 0.0032923114, 4.2946033, 0.67977494, -0.60683346, -0.083551265, 0.4033341, 1596.9843, 1596.9843, 955.3672, 717.7956, , 
65673.481429041, 002400, -3.8188264, 0.004664641, 4.281555, 0.68107635, -0.60764533, -0.078835815, 0.40085784, 1596.9843, 1596.9843, 955.3696, 717.79486, , 
65673.498097791, 002401, -3.8238316, 0.00586931, 4.27554, 0.68239087, -0.60804516, -0.077057, 0.39835408, 1596.9843, 1596.9843, 955.36914, 717.7904, , 
65673.514767041, 002402, -3.8286629, 0.007048581, 4.2698007, 0.68387556, -0.60849035, -0.075563625, 0.39540344, 1596.9843, 1596.9843, 955.368, 717.786, , 
65673.531436125, 002403, -3.833294, 0.0080450885, 4.264099, 0.68517864, -0.6091087, -0.07401392, 0.39247766, 1596.9843, 1596.9843, 955.3667, 717.7818, , 
65673.564774375, 002404, -3.8419266, 0.008783493, 4.2519794, 0.68624896, -0.61097103, -0.06996536, 0.38843465, 1596.9843, 1596.9843, 955.3659, 717.778, , 
65673.581443208, 002405, -3.846136, 0.008879121, 4.2455697, 0.68596745, -0.612046, -0.06750043, 0.3876752, 1596.9843, 1596.9843, 955.36694, 717.7794, , 
65673.598112375, 002406, -3.850317, 0.008959565, 4.2391086, 0.68543416, -0.61299753, -0.06496496, 0.38754797, 1596.5323, 1596.5323, 955.3685, 717.78204, , 
65673.614781416, 002407, -3.8544018, 0.009077903, 4.232816, 0.68503416, -0.6137598, -0.06257014, 0.38744274, 1596.9843, 1596.9843, 955.3711, 717.78534, , 
65673.631450625, 002408, -3.8583932, 0.0092682205, 4.226811, 0.6849021, -0.6143163, -0.060536742, 0.3871174, 1596.9843, 1596.9843, 955.3726, 717.78674, , 
65673.648119541, 002409, -3.86231, 0.009516869, 4.2210975, 0.68499666, -0.61469895, -0.058931988, 0.38659, 1596.9843, 1596.9843, 955.37366, 717.7872, , 
65673.681457708, 002410, -3.8696778, 0.009043727, 4.2100954, 0.68538517, -0.6151332, -0.057050366, 0.38549125, 1596.9843, 1596.9843, 955.3747, 717.7867, , 
65673.698126833, 002411, -3.8734927, 0.008988362, 4.204677, 0.68541414, -0.6152882, -0.05655034, 0.385266, 1596.9843, 1596.9843, 955.37494, 717.7867, , 
65673.714795958, 002412, -3.87735, 0.008801151, 4.1991673, 0.6853456, -0.6153322, -0.056215744, 0.3853667, 1596.9843, 1596.9843, 955.3753, 717.7869, , 
65673.731464875, 002413, -3.8812554, 0.008450288, 4.1935024, 0.68528014, -0.6151968, -0.055870656, 0.38574925, 1596.9843, 1596.9843, 955.376, 717.7875, , 
65673.764803125, 002414, -3.8893456, 0.006891508, 4.180755, 0.6852842, -0.6141052, -0.055128608, 0.38758376, 1596.9843, 1596.9843, 955.3783, 717.7879, , 
65673.78147225, 002415, -3.8935027, 0.005970899, 4.1743345, 0.6853707, -0.61321735, -0.05479659, 0.3888814, 1596.9843, 1596.9843, 955.38055, 717.7879, , 
65673.798141125, 002416, -3.8976822, 0.005035293, 4.168029, 0.68555355, -0.6122296, -0.054450013, 0.39016205, 1596.9843, 1596.9843, 955.38226, 717.78766, , 
65673.81481025, 002417, -3.901898, 0.004036095, 4.161712, 0.6857731, -0.6111541, -0.05406428, 0.39151365, 1596.9843, 1596.9843, 955.38403, 717.7872, , 
65673.831479333, 002418, -3.9061532, 0.0029675476, 4.1553664, 0.6860037, -0.60997695, -0.05368175, 0.39299527, 1596.9843, 1596.9843, 955.3867, 717.78656, , 
65673.864817583, 002419, -3.914678, 0.00068102404, 4.1426253, 0.6864559, -0.60761184, -0.05338971, 0.39589855, 1596.5323, 1596.5323, 955.3905, 717.7854, , 
65673.8814865, 002420, -3.9191184, -0.0005861372, 4.1350694, 0.6863934, -0.60660833, -0.05373326, 0.39749596, 1596.5323, 1596.5323, 955.3925, 717.78534, , 
65673.898155583, 002421, -3.9233549, -0.0019182826, 4.128118, 0.6860491, -0.60577464, -0.0544531, 0.39926, 1596.9843, 1596.9843, 955.3937, 717.7862, , 
65673.914824708, 002422, -3.9274836, -0.003298618, 4.1212687, 0.6854997, -0.60508317, -0.055421416, 0.4011145, 1596.9843, 1596.9843, 955.3947, 717.78766, , 
65673.931493791, 002423, -3.9315822, -0.0046903715, 4.1143637, 0.6848011, -0.604495, -0.05668415, 0.40301389, 1596.9843, 1596.9843, 955.39575, 717.7902, , 
65673.964831833, 002424, -3.9397264, -0.007385768, 4.10023, 0.6831258, -0.6037987, -0.059831966, 0.40643117, 1596.9843, 1596.9843, 955.39624, 717.7948, , 
65673.981500958, 002425, -3.9446142, -0.008483082, 4.0925403, 0.6821013, -0.6037062, -0.061582804, 0.4080246, 1596.9843, 1596.9843, 955.3959, 717.79846, , 
65673.998170083, 002426, -3.94907, -0.009671368, 4.0849433, 0.68097997, -0.6036831, -0.063370965, 0.40965486, 1596.9843, 1596.9843, 955.3956, 717.80164, , 
65674.014839, 002427, -3.953484, -0.010810122, 4.0773115, 0.67992634, -0.60367596, -0.065270565, 0.4111147, 1596.9843, 1596.9843, 955.3952, 717.8046, , 
65674.031508083, 002428, -3.9579809, -0.011817232, 4.0696397, 0.6791458, -0.6035672, -0.06704564, 0.4122772, 1596.5323, 1596.5323, 955.3946, 717.807, , 
65674.064846291, 002429, -3.9672892, -0.013360217, 4.054195, 0.6785667, -0.6029562, -0.07005908, 0.4136215, 1596.5323, 1596.5323, 955.3929, 717.8087, , 
65674.081515375, 002430, -3.9715507, -0.013466518, 4.046066, 0.67862356, -0.6026807, -0.071501, 0.41368288, 1596.5323, 1596.5323, 955.3917, 717.8079, , 
65674.098184375, 002431, -3.9761717, -0.013705246, 4.038042, 0.67878556, -0.6023076, -0.0730999, 0.41368118, 1596.9843, 1596.9843, 955.3897, 717.8063, , 
65674.114853416, 002432, -3.980998, -0.013914768, 4.029853, 0.67882943, -0.601744, -0.07464946, 0.41415238, 1596.9843, 1596.9843, 955.38855, 717.80524, , 
65674.131522541, 002433, -3.9859545, -0.013986308, 4.021435, 0.678752, -0.60093, -0.07592941, 0.41522717, 1596.9843, 1596.9843, 955.3883, 717.80493, , 
65674.164860625, 002434, -3.9963436, -0.013423771, 4.0033507, 0.678753, -0.5986194, -0.07846897, 0.4180811, 1596.9843, 1596.9843, 955.3893, 717.8041, , 
65674.18152975, 002435, -4.0014486, -0.012672596, 3.994768, 0.6791027, -0.5972533, -0.08020641, 0.4191357, 1596.9843, 1596.9843, 955.38916, 717.8026, , 
65674.19819875, 002436, -4.0063896, -0.01164547, 3.9866896, 0.67977875, -0.59590477, -0.0821851, 0.419576, 1596.9843, 1596.9843, 955.388, 717.7989, , 
65674.214867916, 002437, -4.0112185, -0.010443676, 3.9788609, 0.6805822, -0.5946533, -0.08438031, 0.41961318, 1596.9843, 1596.9843, 955.38635, 717.7953, , 
65674.231537, 002438, -4.015974, -0.009203564, 3.9710653, 0.68123835, -0.59354055, -0.086641714, 0.41966304, 1596.9843, 1596.9843, 955.3846, 717.79175, , 
65674.264875041, 002439, -4.0257163, -0.006889745, 3.9550126, 0.68146044, -0.5911306, -0.09098324, 0.42177984, 1596.9843, 1596.9843, 955.3824, 717.7879, , 
65674.281544125, 002440, -4.0311046, -0.005866148, 3.9464548, 0.68129194, -0.5895688, -0.09287615, 0.42382044, 1596.9843, 1596.9843, 955.3826, 717.7875, , 
65674.298213291, 002441, -4.036588, -0.0047588646, 3.9380467, 0.68137586, -0.58767503, -0.09451986, 0.42594707, 1596.9843, 1596.9843, 955.3838, 717.7864, , 
65674.314882166, 002442, -4.0419693, -0.0035008523, 3.9301138, 0.6818364, -0.5855339, -0.09613546, 0.42779335, 1596.9843, 1596.9843, 955.3847, 717.7843, , 
65674.331551333, 002443, -4.047299, -0.0021702088, 3.9225707, 0.68257433, -0.58331364, -0.097872294, 0.42925337, 1596.9843, 1596.9843, 955.3853, 717.7813, , 
65674.3648895, 002444, -4.058289, 0.00013135746, 3.9079497, 0.68431777, -0.5788075, -0.10207672, 0.43159163, 1596.9843, 1596.9843, 955.38544, 717.77264, , 
65674.381558625, 002445, -4.063763, 0.0012851842, 3.9011436, 0.6850779, -0.57658905, -0.10479914, 0.4327015, 1596.9843, 1596.9843, 955.3848, 717.7688, , 
65674.398227541, 002446, -4.069148, 0.0024468675, 3.894715, 0.68574625, -0.5744242, -0.10805084, 0.43372104, 1596.9843, 1596.9843, 955.3839, 717.76495, , 
65674.414896583, 002447, -4.0744734, 0.0035571419, 3.8885608, 0.6864319, -0.5722702, -0.11170853, 0.4345564, 1596.9843, 1596.9843, 955.3817, 717.7593, , 
65674.43156575, 002448, -4.0797663, 0.0045439117, 3.8825128, 0.68703663, -0.57014036, -0.11555628, 0.43539336, 1596.9843, 1596.9843, 955.3798, 717.755, , 
65674.464903833, 002449, -4.0911584, 0.005460877, 3.8688369, 0.68744236, -0.565712, -0.122636355, 0.43858084, 1596.9843, 1596.9843, 955.3774, 717.7483, , 
65674.481572875, 002450, -4.097016, 0.005664412, 3.861858, 0.6871487, -0.56319404, -0.12535106, 0.44150442, 1596.9843, 1596.9843, 955.37823, 717.747, , 
65674.498241958, 002451, -4.1028914, 0.0058773644, 3.8551376, 0.6868514, -0.56050557, -0.12762927, 0.44472402, 1596.9843, 1596.9843, 955.3798, 717.7469, , 
65674.514911083, 002452, -4.1087565, 0.006147843, 3.8487346, 0.6868184, -0.55785, -0.12965445, 0.4475192, 1596.9843, 1596.9843, 955.3816, 717.7463, , 
65674.53158025, 002453, -4.1145678, 0.00648341, 3.8426852, 0.68713963, -0.5554111, -0.13141605, 0.44954127, 1596.9843, 1596.9843, 955.3834, 717.74396, , 
65674.548249125, 002454, -4.1203375, 0.006827552, 3.8369102, 0.68770117, -0.5532625, -0.13283807, 0.45091218, 1596.9843, 1596.9843, 955.3844, 717.74133, , 
65674.564918291, 002455, -4.1266894, 0.007946666, 3.829186, 0.6881677, -0.55150276, -0.1339142, 0.45203644, 1596.5323, 1596.5323, 955.3853, 717.7388, , 
65674.598256458, 002456, -4.1385994, 0.0083419345, 3.816887, 0.68846476, -0.5485933, -0.13575515, 0.45456827, 1596.5323, 1596.5323, 955.3875, 717.7356, , 
65674.614925416, 002457, -4.1445465, 0.008131515, 3.811016, 0.6881897, -0.547329, -0.13691224, 0.45615885, 1596.5323, 1596.5323, 955.3883, 717.7356, , 
65674.6315945, 002458, -4.1505613, 0.007753205, 3.8051715, 0.68773323, -0.546107, -0.13838544, 0.45786408, 1596.5323, 1596.5323, 955.38916, 717.7363, , 
65674.648263625, 002459, -4.1567044, 0.007255662, 3.7993615, 0.68729645, -0.54479265, -0.1401318, 0.4595515, 1596.9843, 1596.9843, 955.38947, 717.7367, , 
65674.664932708, 002460, -4.163872, 0.006553676, 3.7921104, 0.68695784, -0.5433615, -0.14187805, 0.46121338, 1596.9843, 1596.9843, 955.38983, 717.73676, , 
65674.681601833, 002461, -4.1706605, 0.0057498105, 3.7857254, 0.68669045, -0.54178, -0.14355776, 0.46294886, 1596.9843, 1596.9843, 955.3905, 717.73645, , 
65674.714939833, 002462, -4.184378, 0.003725003, 3.7732985, 0.68600625, -0.53856075, -0.14674307, 0.4667055, 1596.9843, 1596.9843, 955.39215, 717.7365, , 
65674.731608833, 002463, -4.191454, 0.0025431844, 3.7670045, 0.68557364, -0.53703755, -0.14826679, 0.46861106, 1596.9843, 1596.9843, 955.3933, 717.73706, , 
65674.748278083, 002464, -4.198691, 0.0013140179, 3.760668, 0.68522966, -0.53557616, -0.1496533, 0.47034284, 1596.9843, 1596.9843, 955.39417, 717.7373, , 
65674.764947041, 002465, -4.2068253, -0.00023014471, 3.7528598, 0.68503857, -0.5342434, -0.15083268, 0.47175798, 1596.9843, 1596.9843, 955.39484, 717.73724, , 
65674.781616083, 002466, -4.214504, -0.0015499182, 3.746043, 0.6849975, -0.5330676, -0.15188292, 0.47280958, 1596.9843, 1596.9843, 955.3955, 717.73676, , 
65674.798285166, 002467, -4.222044, -0.0027545844, 3.7395601, 0.68500394, -0.5321427, -0.1529508, 0.47349727, 1596.9843, 1596.9843, 955.39575, 717.7357, , 
65674.831623375, 002468, -4.2370977, -0.0049417205, 3.726777, 0.6847566, -0.5310447, -0.15539029, 0.4742928, 1596.9843, 1596.9843, 955.39484, 717.73444, , 
65674.848292375, 002469, -4.244728, -0.0059445575, 3.7203412, 0.68436164, -0.53072757, -0.15670122, 0.4747863, 1596.9843, 1596.9843, 955.3938, 717.73456, , 
65674.864961416, 002470, -4.251956, -0.007165849, 3.713617, 0.6837757, -0.530621, -0.15806863, 0.47529608, 1596.9843, 1596.9843, 955.39294, 717.7351, , 
65674.8816305, 002471, -4.259251, -0.008165099, 3.70693, 0.68314534, -0.5306095, -0.15971299, 0.4756656, 1596.9843, 1596.9843, 955.3917, 717.73566, , 
65674.898299666, 002472, -4.266859, -0.008800954, 3.7003403, 0.6824799, -0.5305653, -0.16158813, 0.4760366, 1596.9843, 1596.9843, 955.3896, 717.7363, , 
65674.931637625, 002473, -4.282909, -0.009548519, 3.6869035, 0.6810955, -0.5292966, -0.16428292, 0.4785029, 1596.5323, 1596.5323, 955.3888, 717.7387, , 
65674.948306833, 002474, -4.2911515, -0.0095144585, 3.6801777, 0.68097043, -0.528068, -0.16467051, 0.47990298, 1596.9843, 1596.9843, 955.39044, 717.73944, , 
65674.964975875, 002475, -4.2988515, -0.009394966, 3.6730072, 0.68121445, -0.52690345, -0.16497427, 0.4807318, 1596.9843, 1596.9843, 955.3918, 717.7385, , 
65674.981645, 002476, -4.306633, -0.008793347, 3.666375, 0.6815948, -0.52594364, -0.16566889, 0.48100477, 1596.9843, 1596.9843, 955.3923, 717.73676, , 
65674.998313958, 002477, -4.3144116, -0.007975705, 3.6598732, 0.6817547, -0.52513707, -0.16664669, 0.4813216, 1596.9843, 1596.9843, 955.39215, 717.73474, , 
65675.031652125, 002478, -4.3302116, -0.006161537, 3.646731, 0.68135864, -0.52300614, -0.16779828, 0.48379618, 1596.9843, 1596.9843, 955.3937, 717.735, , 
65675.048321208, 002479, -4.3381467, -0.0051350705, 3.6403453, 0.68125534, -0.5215334, -0.16796468, 0.48547074, 1596.9843, 1596.9843, 955.39636, 717.73566, , 
65675.064990125, 002480, -4.34585, -0.0042325556, 3.634072, 0.6814876, -0.5200754, -0.16839841, 0.48655736, 1596.9843, 1596.9843, 955.39795, 717.7349, , 
65675.08165925, 002481, -4.3532844, -0.0029737167, 3.6285496, 0.68197006, -0.5187548, -0.16957, 0.48688424, 1596.9843, 1596.9843, 955.39844, 717.7327, , 
65675.098328333, 002482, -4.36039, -0.0016641989, 3.6234815, 0.6824763, -0.51779056, -0.17151088, 0.4865214, 1596.9843, 1596.9843, 955.3975, 717.7294, , 
65675.131666541, 002483, -4.3739433, 0.00042561442, 3.6136782, 0.6822255, -0.51703155, -0.17641006, 0.4859281, 1596.9843, 1596.9843, 955.3924, 717.724, , 
65675.148335458, 002484, -4.380606, 0.0010757595, 3.6085691, 0.6814138, -0.51699877, -0.17836335, 0.4863887, 1596.9843, 1596.9843, 955.39044, 717.7242, , 
65675.165004625, 002485, -4.386595, 0.001572143, 3.6037145, 0.68015957, -0.5170088, -0.17952204, 0.48770547, 1596.9843, 1596.9843, 955.3893, 717.7273, , 
65675.18167375, 002486, -4.3932395, 0.0018633418, 3.5983717, 0.67881495, -0.5168498, -0.18028963, 0.48946106, 1596.9843, 1596.9843, 955.38934, 717.73096, , 
65675.215011791, 002487, -4.406741, 0.002355304, 3.5879653, 0.6764912, -0.51562506, -0.1817892, 0.49339947, 1596.9843, 1596.9843, 955.391, 717.7379, , 
65675.231680875, 002488, -4.4135103, 0.0026419533, 3.5831482, 0.67569023, -0.5144396, -0.18295833, 0.49529862, 1596.9843, 1596.9843, 955.39215, 717.74066, , 
65675.248349958, 002489, -4.420297, 0.0029034205, 3.5785847, 0.67502874, -0.51294047, -0.1843634, 0.4972307, 1596.9843, 1596.9843, 955.39294, 717.7417, , 
65675.265019083, 002490, -4.42715, 0.0030403063, 3.574149, 0.6742953, -0.51116025, -0.18576632, 0.4995316, 1596.9843, 1596.9843, 955.39417, 717.7428, , 
65675.281688166, 002491, -4.4330993, 0.003035847, 3.5705297, 0.67341894, -0.5092194, -0.18712892, 0.5021804, 1596.9843, 1596.9843, 955.39636, 717.745, , 
65675.315026166, 002492, -4.445925, 0.0026777424, 3.5628622, 0.6712425, -0.5052353, -0.19025752, 0.5079103, 1596.9843, 1596.9843, 955.39984, 717.7494, , 
65675.331695291, 002493, -4.452814, 0.002369597, 3.5587626, 0.6700215, -0.50318974, -0.19208871, 0.51085526, 1596.9843, 1596.9843, 955.4018, 717.7526, , 
65675.348364416, 002494, -4.4597626, 0.001977581, 3.5546272, 0.66870797, -0.5011553, -0.19411063, 0.5138033, 1596.9843, 1596.9843, 955.4032, 717.75507, , 
65675.365033333, 002495, -4.4661927, 0.00137363, 3.5502558, 0.66725, -0.49914366, -0.19634727, 0.5167986, 1596.9843, 1596.9843, 955.40436, 717.7576, , 
65675.398371583, 002496, -4.480107, 0.0002001971, 3.5417962, 0.6644102, -0.49463555, -0.20141354, 0.5228071, 1596.5323, 1596.5323, 955.40656, 717.763, , 
65675.415040666, 002497, -4.487262, -0.0004022792, 3.5375671, 0.6630511, -0.4921189, -0.20421626, 0.52581155, 1596.5323, 1596.5323, 955.40753, 717.7648, , 
65675.431709583, 002498, -4.494486, -0.0010159202, 3.5332987, 0.661656, -0.48945427, -0.20725214, 0.52885956, 1596.5323, 1596.5323, 955.40845, 717.7669, , 
65675.465047791, 002499, -4.509077, -0.0022348429, 3.5246842, 0.6589404, -0.48362616, -0.21386938, 0.5349422, 1596.5323, 1596.5323, 955.4097, 717.7693, , 
65675.481716916, 002500, -4.5157685, -0.0026683435, 3.5205257, 0.6576341, -0.48062676, -0.2175626, 0.5377564, 1596.5323, 1596.5323, 955.41016, 717.7697, , 
65675.498386041, 002501, -4.5228896, -0.0031961277, 3.516213, 0.6563004, -0.47756392, -0.22150522, 0.5404978, 1596.5323, 1596.5323, 955.41003, 717.7697, , 
65675.515054958, 002502, -4.530184, -0.0038002804, 3.5117848, 0.6548003, -0.4744634, -0.22562131, 0.5433379, 1596.5323, 1596.5323, 955.40985, 717.76996, , 
65675.548393166, 002503, -4.5450435, -0.005153585, 3.5026793, 0.65128565, -0.4681689, -0.2341388, 0.549385, 1596.5323, 1596.5323, 955.4091, 717.7718, , 
65675.56506225, 002504, -4.5519323, -0.0055595376, 3.498639, 0.6493504, -0.46498922, -0.23871604, 0.5523982, 1596.5323, 1596.5323, 955.40857, 717.7727, , 
65675.581731166, 002505, -4.559237, -0.0061195823, 3.494227, 0.6472714, -0.46181184, -0.24364565, 0.55534345, 1596.9843, 1596.9843, 955.40753, 717.7735, , 
65675.615069333, 002506, -4.5742555, -0.0072762477, 3.4852324, 0.64299744, -0.45532542, -0.2541842, 0.5609131, 1596.9843, 1596.9843, 955.404, 717.77435, , 
65675.631738333, 002507, -4.581908, -0.0078518465, 3.4807637, 0.640861, -0.45191583, -0.2595196, 0.56366557, 1596.9843, 1596.9843, 955.4025, 717.7743, , 
65675.648407625, 002508, -4.5896473, -0.008393656, 3.4763002, 0.6387093, -0.44841167, -0.26484546, 0.56642216, 1596.9843, 1596.9843, 955.4005, 717.7742, , 
65675.681745625, 002509, -4.6058316, -0.008131389, 3.4686165, 0.6343377, -0.44072258, -0.2754071, 0.5723026, 1596.9843, 1596.9843, 955.39795, 717.77374, , 
65675.698414583, 002510, -4.614262, -0.008386709, 3.4642355, 0.6320783, -0.43599123, -0.28033727, 0.57602054, 1596.9843, 1596.9843, 955.3982, 717.7743, , 
65675.715083791, 002511, -4.622834, -0.008544136, 3.4599726, 0.63014185, -0.4305398, -0.28502813, 0.5799273, 1596.9843, 1596.9843, 955.3995, 717.77423, , 
65675.748421875, 002512, -4.6394386, -0.008057993, 3.4524035, 0.6277289, -0.41915292, -0.29503894, 0.58584917, 1596.9843, 1596.9843, 955.4019, 717.7677, , 
65675.765091, 002513, -4.647351, -0.007342048, 3.4496896, 0.6269298, -0.41368163, -0.30042756, 0.5878518, 1596.9843, 1596.9843, 955.4018, 717.7625, , 
65675.781760041, 002514, -4.6552253, -0.0066577713, 3.4465349, 0.6259053, -0.40835926, -0.30563483, 0.5899768, 1596.9843, 1596.9843, 955.4018, 717.7578, , 
65675.815098083, 002515, -4.671291, -0.0053565614, 3.439772, 0.622889, -0.3971683, -0.31451404, 0.5961103, 1596.9843, 1596.9843, 955.4047, 717.75244, , 
65675.83176725, 002516, -4.6794415, -0.0046575703, 3.4364345, 0.62121034, -0.39102128, -0.31805882, 0.60003215, 1596.5323, 1596.5323, 955.40796, 717.7523, , 
65675.848436333, 002517, -4.6873693, -0.0037967637, 3.4333515, 0.619761, -0.38479897, -0.321392, 0.6037658, 1596.5323, 1596.5323, 955.4117, 717.75226, , 
65675.881774375, 002518, -4.7033463, -0.0024961461, 3.4298947, 0.61741585, -0.37350148, -0.32948688, 0.60887825, 1596.9843, 1596.9843, 955.4173, 717.7474, , 
65675.898443458, 002519, -4.709884, -0.0013048686, 3.427902, 0.61576015, -0.3689557, -0.33456978, 0.6105523, 1596.9843, 1596.9843, 955.41705, 717.744, , 
65675.915112541, 002520, -4.716051, -0.00021454692, 3.4259531, 0.6134277, -0.36481366, -0.34004545, 0.61236143, 1596.9843, 1596.9843, 955.41516, 717.74084, , 
65675.94845075, 002521, -4.727955, 0.0013307072, 3.4222603, 0.60715324, -0.35686925, -0.35142148, 0.61685675, 1596.5323, 1596.5323, 955.41113, 717.73975, , 
65675.965119666, 002522, -4.735444, 0.0011674426, 3.4218822, 0.6034884, -0.3526696, -0.357238, 0.6195215, 1596.5323, 1596.5323, 955.409, 717.74036, , 
65675.981788833, 002523, -4.742027, 0.0012757925, 3.4207747, 0.5996321, -0.34830827, -0.36296713, 0.6223966, 1596.5323, 1596.5323, 955.4064, 717.74194, , 
65676.015127, 002524, -4.754969, 0.0016145069, 3.4186187, 0.59240335, -0.33840182, -0.37335226, 0.62860996, 1596.9843, 1596.9843, 955.4047, 717.7445, , 
65676.031795916, 002525, -4.7615504, 0.0018077459, 3.4179244, 0.58934945, -0.3329701, -0.37778726, 0.63172376, 1596.9843, 1596.9843, 955.4055, 717.74585, , 
65676.048465041, 002526, -4.768116, 0.0020226543, 3.4175518, 0.58666205, -0.32751495, -0.3818096, 0.6346518, 1596.5323, 1596.5323, 955.4068, 717.7464, , 
65676.065134125, 002527, -4.77594, 0.0015768704, 3.4167554, 0.5843231, -0.3223266, -0.38554922, 0.63719994, 1596.5323, 1596.5323, 955.4082, 717.7464, , 
65676.098472375, 002528, -4.7890053, 0.001699239, 3.4169984, 0.5800029, -0.3132039, -0.39272064, 0.6413037, 1596.5323, 1596.5323, 955.4103, 717.745, , 
65676.115141208, 002529, -4.795202, 0.0017159581, 3.4174683, 0.57765484, -0.30921224, -0.39605704, 0.6433051, 1596.5323, 1596.5323, 955.41077, 717.74506, , 
65676.131810416, 002530, -4.8013964, 0.0016180426, 3.418077, 0.5751451, -0.30539536, -0.39918572, 0.64543974, 1596.5323, 1596.5323, 955.41125, 717.7462, , 
65676.165148541, 002531, -4.8159037, 0.0012859367, 3.4183407, 0.5692389, -0.29793662, -0.4054244, 0.65025514, 1596.5323, 1596.5323, 955.41156, 717.75037, , 
65676.181817541, 002532, -4.8228893, 0.0009411983, 3.4189384, 0.56574255, -0.2941884, -0.40884152, 0.6528684, 1596.5323, 1596.5323, 955.41125, 717.7542, , 
65676.198486583, 002533, -4.829508, 0.00047819316, 3.4200284, 0.5619956, -0.29032594, -0.41254714, 0.6554973, 1596.5323, 1596.5323, 955.41077, 717.7571, , 
65676.231824875, 002534, -4.842756, -0.0007215105, 3.4231772, 0.5545245, -0.2816773, -0.420309, 0.6606821, 1596.5323, 1596.5323, 955.4097, 717.7628, , 
65676.248493916, 002535, -4.8495197, -0.0013986267, 3.4252026, 0.55110943, -0.27688143, -0.4242187, 0.6630637, 1596.5323, 1596.5323, 955.40985, 717.76416, , 
65676.265162833, 002536, -4.8579836, -0.002053343, 3.4267514, 0.5478266, -0.2719858, -0.4281888, 0.66525483, 1596.5323, 1596.5323, 955.41, 717.765, , 
65676.298501083, 002537, -4.87254, -0.0034105922, 3.431603, 0.5415234, -0.26268077, -0.43622765, 0.66892195, 1596.5323, 1596.5323, 955.4095, 717.7651, , 
65676.315170125, 002538, -4.879624, -0.0040822476, 3.4343855, 0.5384461, -0.25840926, -0.4400598, 0.6705577, 1596.5323, 1596.5323, 955.409, 717.765, , 
65676.331839083, 002539, -4.886692, -0.00471554, 3.4372802, 0.5354653, -0.25450784, -0.4436989, 0.672037, 1596.5323, 1596.5323, 955.40845, 717.7651, , 
65676.36517725, 002540, -4.9019284, -0.0062028095, 3.4434109, 0.5299815, -0.24772234, -0.45075113, 0.67422295, 1596.9843, 1596.9843, 955.40625, 717.764, , 
65676.381846416, 002541, -4.9092402, -0.006606076, 3.4466555, 0.52743995, -0.2446296, -0.4544137, 0.67488635, 1596.9843, 1596.9843, 955.40485, 717.7626, , 
65676.3985155, 002542, -4.9162173, -0.0067237616, 3.4500008, 0.5248434, -0.24167646, -0.45833555, 0.67532235, 1596.9843, 1596.9843, 955.4024, 717.7599, , 
65676.4318535, 002543, -4.929896, -0.006503802, 3.4569738, 0.5193353, -0.23558632, -0.46684355, 0.6759044, 1596.9843, 1596.9843, 955.39795, 717.75476, , 
65676.448522625, 002544, -4.936806, -0.0062594786, 3.460589, 0.5164523, -0.23219673, -0.47121215, 0.67625487, 1596.9843, 1596.9843, 955.3952, 717.75104, , 
65676.465191708, 002545, -4.94384, -0.0059847347, 3.4642887, 0.51349163, -0.2284912, -0.475475, 0.67678773, 1596.9843, 1596.9843, 955.39355, 717.74854, , 
65676.498529791, 002546, -4.958948, -0.00587555, 3.4722311, 0.50771457, -0.21979795, -0.48342335, 0.67839265, 1596.9843, 1596.9843, 955.392, 717.7438, , 
65676.515198833, 002547, -4.966061, -0.0054247454, 3.4763553, 0.50517905, -0.21519287, -0.48723933, 0.67903155, 1596.9843, 1596.9843, 955.3919, 717.7413, , 
65676.531867875, 002548, -4.9729347, -0.0047668964, 3.4805977, 0.5029644, -0.21075179, -0.49106988, 0.679309, 1596.9843, 1596.9843, 955.3919, 717.7379, , 
65676.565205875, 002549, -4.9862833, -0.0031602494, 3.4893603, -0.49894252, 0.2022299, 0.4984537, -0.6794876, 1596.9843, 1596.9843, 955.3918, 717.72876, , 
65676.581875, 002550, -4.992724, -0.002823837, 3.4940507, -0.49707037, 0.19764245, 0.50177574, -0.6797644, 1596.9843, 1596.9843, 955.3925, 717.7255, , 
65676.598544208, 002551, -4.9993505, -0.0022463202, 3.498792, -0.49520463, 0.1925185, 0.5048174, -0.6803442, 1596.9843, 1596.9843, 955.3939, 717.7228, , 
65676.61521325, 002552, -5.005982, -0.0016059391, 3.5036416, -0.49329704, 0.18698241, 0.5078235, -0.6810366, 1596.9843, 1596.9843, 955.3966, 717.71954, , 
65676.648551375, 002553, -5.018772, -0.00036593864, 3.513603, -0.48900652, 0.17533076, 0.51428986, -0.6823765, 1596.9843, 1596.9843, 955.4009, 717.7143, , 
65676.665220416, 002554, -5.0241575, 0.00014589354, 3.5184681, -0.48632002, 0.16974765, 0.5179657, -0.68292755, 1596.9843, 1596.9843, 955.40283, 717.7109, , 
65676.681889541, 002555, -5.029358, 0.0005787611, 3.5233018, -0.48323146, 0.16446866, 0.52175474, -0.6835271, 1596.9843, 1596.9843, 955.4037, 717.7087, , 
65676.698558583, 002556, -5.034752, 0.00093171, 3.5281622, -0.47973812, 0.15930519, 0.52551985, -0.68432593, 1596.9843, 1596.9843, 955.40393, 717.7073, , 
65676.731896625, 002557, -5.045437, 0.0013595745, 3.537761, -0.47204164, 0.1492153, 0.53250813, -0.68654686, 1596.9843, 1596.9843, 955.4041, 717.707, , 
65676.748565708, 002558, -5.05057, 0.0015475117, 3.5425045, -0.46800572, 0.14437033, 0.5359109, -0.6876972, 1596.9843, 1596.9843, 955.404, 717.7074, , 
65676.765234833, 002559, -5.055512, 0.0017750192, 3.5472162, -0.46386957, 0.13972858, 0.5393515, -0.6887677, 1596.9843, 1596.9843, 955.40356, 717.7079, , 
65676.78190375, 002560, -5.0593367, 0.0022640452, 3.5520954, -0.4596074, 0.13521373, 0.5427638, -0.68984467, 1596.9843, 1596.9843, 955.40265, 717.70874, , 
65676.815242, 002561, -5.0682683, 0.0027446225, 3.5616405, -0.45094484, 0.12552007, 0.54845554, -0.6928853, 1596.9843, 1596.9843, 955.40216, 717.71265, , 
65676.831911125, 002562, -5.072734, 0.0029008873, 3.56641, -0.4465001, 0.12032336, 0.55092883, -0.6947211, 1596.9843, 1596.9843, 955.4027, 717.7168, , 
65676.84858, 002563, -5.0770254, 0.0030809604, 3.571166, -0.44187814, 0.11498667, 0.5534403, -0.69658136, 1596.9843, 1596.9843, 955.4031, 717.7202, , 
65676.881918208, 002564, -5.084194, 0.0033478923, 3.5810256, -0.43225864, 0.10429081, 0.55877954, -0.7000295, 1596.9843, 1596.9843, 955.40356, 717.7274, , 
65676.898587333, 002565, -5.0878453, 0.0036031422, 3.5856767, -0.42733464, 0.09886385, 0.5616732, -0.70152277, 1596.9843, 1596.9843, 955.40356, 717.73, , 
65676.915256458, 002566, -5.0914755, 0.003818389, 3.5902743, -0.42232072, 0.093432754, 0.56462014, -0.7029365, 1596.9843, 1596.9843, 955.4033, 717.7324, , 
65676.931925291, 002567, -5.095176, 0.0039383695, 3.594836, -0.41743088, 0.08795427, 0.56736994, -0.7043485, 1596.9843, 1596.9843, 955.4033, 717.73566, , 
65676.965263583, 002568, -5.102148, 0.0037673605, 3.6039858, -0.40765408, 0.07653295, 0.5719494, -0.7076968, 1596.9843, 1596.9843, 955.40436, 717.74274, , 
65676.981932625, 002569, -5.105892, 0.0036067697, 3.6085289, -0.40256828, 0.07073986, 0.5739879, -0.7095579, 1596.9843, 1596.9843, 955.4054, 717.7487, , 
65676.998601541, 002570, -5.1097507, 0.003508594, 3.6130314, -0.39729404, 0.06502023, 0.5762192, -0.71126735, 1596.9843, 1596.9843, 955.40576, 717.753, , 
65677.015270666, 002571, -5.1135287, 0.003523711, 3.6174958, -0.3918954, 0.059408687, 0.57880336, -0.7126537, 1596.9843, 1596.9843, 955.40564, 717.7565, , 
65677.048608875, 002572, -5.1207743, 0.0038526687, 3.6263657, -0.38075918, 0.04814143, 0.5848169, -0.7146286, 1596.9843, 1596.9843, 955.4041, 717.76166, , 
65677.065277916, 002573, -5.12345, 0.0042868666, 3.630762, -0.3748599, 0.04251757, 0.5880836, -0.71542287, 1596.9843, 1596.9843, 955.4032, 717.76324, , 
65677.081946875, 002574, -5.1266294, 0.0046025775, 3.635192, -0.36865422, 0.036602333, 0.59147894, -0.7161752, 1596.9843, 1596.9843, 955.40204, 717.7648, , 
65677.098615958, 002575, -5.129956, 0.004871409, 3.639649, -0.36205843, 0.030442886, 0.59498125, -0.7169268, 1596.9843, 1596.9843, 955.40027, 717.7669, , 
65677.131954166, 002576, -5.136636, 0.0053693242, 3.6485631, -0.34756532, 0.017709242, 0.60237396, -0.7183525, 1596.9843, 1596.9843, 955.3968, 717.77045, , 
65677.148623166, 002577, -5.1398673, 0.0056730923, 3.6529813, -0.33986595, 0.011405708, 0.60635215, -0.7188171, 1596.9843, 1596.9843, 955.39355, 717.7721, , 
65677.16529225, 002578, -5.142462, 0.005264703, 3.6571562, -0.33192638, 0.0052307486, 0.6104466, -0.71913314, 1596.9843, 1596.9843, 955.39087, 717.7728, , 
65677.181961375, 002579, -5.1453614, 0.005356844, 3.6615427, -0.32393754, -0.0012857427, 0.61460453, -0.71925235, 1596.5323, 1596.5323, 955.3883, 717.77325, , 
65677.2152995, 002580, -5.1511903, 0.005969282, 3.6705563, -0.30803916, -0.014900087, 0.6230795, -0.7187918, 1596.9843, 1596.9843, 955.38275, 717.7724, , 
65677.231968416, 002581, -5.1539454, 0.0063673146, 3.6750476, -0.30017957, -0.021715153, 0.62754166, -0.7180614, 1596.9843, 1596.9843, 955.38043, 717.7709, , 
65677.248637583, 002582, -5.1565657, 0.006788771, 3.6794393, -0.29251593, -0.028360737, 0.6321337, -0.71696365, 1596.9843, 1596.9843, 955.37714, 717.7672, , 
65677.28197575, 002583, -5.161089, 0.0071142283, 3.6881812, -0.27789253, -0.040823314, 0.6415801, -0.7137816, 1596.9843, 1596.9843, 955.3724, 717.75854, , 
65677.298644708, 002584, -5.1633587, 0.007448163, 3.6921866, -0.27060616, -0.04637465, 0.646534, -0.7117692, 1596.9843, 1596.9843, 955.3696, 717.75287, , 
65677.315313791, 002585, -5.1658287, 0.00788388, 3.696051, -0.2629234, -0.051993243, 0.65146863, -0.7097581, 1596.9843, 1596.9843, 955.3654, 717.7451, , 
65677.348652041, 002586, -5.171302, 0.008680988, 3.7041302, -0.24789375, -0.0658176, 0.660072, -0.7060607, 1596.9843, 1596.9843, 955.3618, 717.73627, , 
65677.365321041, 002587, -5.173994, 0.009260785, 3.7080936, -0.24134913, -0.07304486, 0.6641879, -0.7037538, 1596.9843, 1596.9843, 955.3613, 717.7298, , 
65677.381990083, 002588, -5.176795, 0.009765554, 3.7123852, -0.23507309, -0.07938746, 0.6687025, -0.70091033, 1596.9843, 1596.9843, 955.3608, 717.72296, , 
65677.415328166, 002589, -5.181739, 0.0116167925, 3.7188687, -0.22116508, -0.09033919, 0.6786333, -0.694537, 1596.9843, 1596.9843, 955.3568, 717.703, , 
65677.431997333, 002590, -5.1844306, 0.012417283, 3.722151, -0.21338858, -0.096972644, 0.6828886, -0.69189936, 1596.9843, 1596.9843, 955.3555, 717.6966, , 
65677.465335333, 002591, -5.189919, 0.011554945, 3.7306552, -0.19744666, -0.11484634, 0.6881441, -0.68868196, 1596.9843, 1596.9843, 955.35614, 717.69324, , 
65677.4820045, 002592, -5.1928, 0.011448573, 3.734996, 0.18962114, 0.124813944, -0.68948764, 0.6878024, 1596.9843, 1596.9843, 955.3582, 717.6969, , 
65677.498673541, 002593, -5.1954556, 0.011540946, 3.7390096, 0.1820852, 0.13393527, -0.6905325, 0.6870743, 1596.9843, 1596.9843, 955.3596, 717.7005, , 
65677.532011625, 002594, -5.199802, 0.011982966, 3.745487, 0.16795616, 0.14725254, -0.692429, 0.686039, 1596.9843, 1596.9843, 955.3594, 717.7076, , 
65677.548680708, 002595, -5.201628, 0.012151819, 3.7480643, 0.16125686, 0.15154417, -0.6931719, 0.68596166, 1596.9843, 1596.9843, 955.35754, 717.7102, , 
65677.582018875, 002596, -5.2037587, 0.009591941, 3.7531474, 0.14905801, 0.15867852, -0.6934556, 0.68682027, 1596.9843, 1596.9843, 955.35254, 717.7189, , 
65677.598687791, 002597, -5.2053256, 0.0090417825, 3.7560697, 0.14349458, 0.16275737, -0.69309837, 0.687411, 1596.9843, 1596.9843, 955.35114, 717.7238, , 
65677.632026041, 002598, -5.2082434, 0.0077752136, 3.7628284, 0.13335873, 0.17252018, -0.69194096, 0.6882368, 1596.9843, 1596.9843, 955.3505, 717.73645, , 
65677.648695125, 002599, -5.2094483, 0.007200524, 3.766472, 0.12852299, 0.17767623, -0.6915789, 0.688209, 1596.9843, 1596.9843, 955.35077, 717.741, , 
65677.682033125, 002600, -5.211128, 0.005551789, 3.7746017, 0.11890317, 0.18766595, -0.69153297, 0.6873322, 1596.9843, 1596.9843, 955.3514, 717.7485, , 
65677.698702208, 002601, -5.211865, 0.0051177256, 3.7785149, 0.11440579, 0.1925632, -0.69151676, 0.686757, 1596.9843, 1596.9843, 955.35156, 717.7511, , 
65677.715371375, 002602, -5.2125998, 0.0046409406, 3.7825544, 0.11027862, 0.19753642, -0.6912424, 0.68629575, 1596.9843, 1596.9843, 955.3523, 717.75415, , 
65677.748709333, 002603, -5.2141767, 0.0035049058, 3.7908342, 0.10246873, 0.20698221, -0.68994224, 0.68603075, 1596.9843, 1596.9843, 955.3541, 717.7639, , 
65677.765378458, 002604, -5.214837, 0.0031646453, 3.7954946, 0.09854171, 0.21096513, -0.6892849, 0.68605363, 1596.9843, 1596.9843, 955.3544, 717.7684, , 
65677.782047541, 002605, -5.2155266, 0.0026680124, 3.7998748, 0.09477612, 0.21451762, -0.68864524, 0.6861249, 1596.9843, 1596.9843, 955.3544, 717.77246, , 
65677.815385791, 002606, -5.2166457, 0.0015134066, 3.8089554, 0.088321455, 0.22110042, -0.68763244, 0.6859121, 1596.9843, 1596.9843, 955.3545, 717.78033, , 
65677.83205475, 002607, -5.217011, 0.00087166205, 3.8138838, 0.08578684, 0.22436692, -0.68726254, 0.6855438, 1596.9843, 1596.9843, 955.3551, 717.78284, , 
65677.865392875, 002608, -5.217436, 0.00015641713, 3.8255892, 0.08158357, 0.23119617, -0.68649703, 0.6845539, 1596.9843, 1596.9843, 955.3576, 717.78827, , 
65677.882061916, 002609, -5.2175384, 0.00013458729, 3.8319652, 0.07959238, 0.2337873, -0.68634385, 0.6840618, 1596.9843, 1596.9843, 955.35846, 717.79, , 
65677.898730916, 002610, -5.217525, -0.00018397755, 3.8378263, 0.077294044, 0.23556232, -0.6864213, 0.6836385, 1596.9843, 1596.9843, 955.3581, 717.791, , 
65677.932069083, 002611, -5.2172494, -0.00088161975, 3.8494298, 0.07195585, 0.23753339, -0.68706906, 0.68288827, 1596.9843, 1596.9843, 955.3555, 717.7906, , 
65677.948738166, 002612, -5.2170644, -0.0012162067, 3.8554952, 0.06922528, 0.23837936, -0.68726593, 0.68267757, 1597.4362, 1597.4362, 955.354, 717.7906, , 
65677.965407333, 002613, -5.216849, -0.0014923923, 3.861748, 0.06665672, 0.2390056, -0.6873785, 0.68260086, 1597.4362, 1597.4362, 955.3519, 717.791, , 
65677.998745375, 002614, -5.21525, -0.001818154, 3.8765452, 0.062189493, 0.23970893, -0.6878212, 0.6823299, 1596.9843, 1596.9843, 955.34894, 717.79114, , 
65678.015414416, 002615, -5.2146077, -0.0017830353, 3.8833854, 0.060213845, 0.23963295, -0.688279, 0.6820721, 1596.9843, 1596.9843, 955.3468, 717.79, , 
65678.0487525, 002616, -5.21311, -0.0014690908, 3.8970745, 0.05574068, 0.23921664, -0.68944436, 0.6814212, 1596.9843, 1596.9843, 955.3432, 717.7871, , 
65678.065421583, 002617, -5.2122254, -0.0016000714, 3.90507, 0.05315893, 0.23890956, -0.6902225, 0.68094724, 1596.9843, 1596.9843, 955.34045, 717.78467, , 
65678.098759791, 002618, -5.2100873, -0.0013128745, 3.920037, 0.048051354, 0.237442, -0.6924632, 0.6795639, 1597.4362, 1597.4362, 955.33563, 717.77856, , 
65678.115428875, 002619, -5.2089286, -0.00095203146, 3.9271364, 0.045841105, 0.2363914, -0.69379807, 0.6787208, 1596.9843, 1596.9843, 955.3324, 717.773, , 
65678.132097833, 002620, -5.207747, -0.00062822923, 3.934466, 0.044079363, 0.2357449, -0.6950083, 0.6778235, 1596.9843, 1596.9843, 955.3307, 717.76904, , 
65678.165436041, 002621, -5.2053947, 0.00014513731, 3.9504752, 0.042231645, 0.2358916, -0.6970728, 0.67576706, 1596.9843, 1596.9843, 955.3289, 717.7613, , 
65678.182105083, 002622, -5.204133, 0.00067412836, 3.9588928, 0.042177875, 0.23645574, -0.6980645, 0.67454845, 1596.9843, 1596.9843, 955.32916, 717.75824, , 
65678.215443125, 002623, -5.201217, 0.0020541921, 3.9746459, 0.0430515, 0.23627731, -0.70064926, 0.6718705, 1596.9843, 1596.9843, 955.32983, 717.7501, , 
65678.232112166, 002624, -5.19971, 0.003014382, 3.981965, 0.04322527, 0.23489064, -0.702296, 0.6706252, 1596.9843, 1596.9843, 955.32916, 717.7427, , 
65678.26545025, 002625, -5.1973042, 0.0048242253, 3.9976335, 0.043004345, 0.23199892, -0.7049484, 0.66886085, 1596.9843, 1596.9843, 955.32715, 717.7328, , 
65678.282119291, 002626, -5.196331, 0.0055706385, 4.0060987, 0.043346103, 0.23153163, -0.7056452, 0.6682656, 1596.9843, 1596.9843, 955.32697, 717.7291, , 
65678.3154575, 002627, -5.193749, 0.007336203, 4.021463, 0.044660464, 0.23210712, -0.70640856, 0.667172, 1596.9843, 1596.9843, 955.32825, 717.7263, , 
65678.332126583, 002628, -5.1924086, 0.0082811825, 4.0285645, 0.04524094, 0.23210484, -0.70693177, 0.66657937, 1596.9843, 1596.9843, 955.3289, 717.72406, , 
65678.365464666, 002629, -5.1903214, 0.009965185, 4.04206, 0.04553976, 0.23029786, -0.7085361, 0.66548145, 1596.9843, 1596.9843, 955.32855, 717.7186, , 
65678.382133708, 002630, -5.1895413, 0.010561075, 4.0485296, 0.04548791, 0.22862087, -0.70935196, 0.66519403, 1596.9843, 1596.9843, 955.3274, 717.7147, , 
65678.415471875, 002631, -5.1874204, 0.011205848, 4.06065, 0.045712657, 0.22550729, -0.7100615, 0.6654844, 1596.9843, 1596.9843, 955.32556, 717.71136, , 
65678.432140875, 002632, -5.1863513, 0.011242107, 4.066791, 0.046065006, 0.22463095, -0.70987606, 0.6659541, 1596.9843, 1596.9843, 955.3248, 717.71173, , 
65678.465479041, 002633, -5.1847286, 0.01196548, 4.08026, 0.046970993, 0.22454819, -0.70903367, 0.6668156, 1596.9843, 1596.9843, 955.3251, 717.71423, , 
65678.482148125, 002634, -5.18355, 0.0120552145, 4.0867434, 0.04715265, 0.22571325, -0.7087336, 0.6667283, 1596.9843, 1596.9843, 955.326, 717.71576, , 
65678.515486125, 002635, -5.179874, 0.011340842, 4.0988173, 0.04704956, 0.23124793, -0.70892954, 0.6646274, 1596.9843, 1596.9843, 955.32947, 717.71594, , 
65678.53215525, 002636, -5.1774607, 0.010677297, 4.1044927, 0.047269117, 0.23515126, -0.7096377, 0.6624831, 1597.4362, 1597.4362, 955.3323, 717.7144, , 
65678.565493375, 002637, -5.172249, 0.009406116, 4.1153007, 0.048893906, 0.24171366, -0.71203786, 0.6574085, 1596.9843, 1596.9843, 955.33997, 717.70593, , 
65678.582162416, 002638, -5.169671, 0.008659903, 4.1204658, 0.049885143, 0.24401186, -0.7131243, 0.655304, 1596.9843, 1596.9843, 955.3431, 717.702, , 
65678.615500541, 002639, -5.164497, 0.00565828, 4.130045, 0.051076874, 0.24887797, -0.7136679, 0.65278554, 1597.4362, 1597.4362, 955.34894, 717.69867, , 
65678.632169708, 002640, -5.161865, 0.0038031084, 4.134615, 0.05149117, 0.25182176, -0.7134029, 0.65191305, 1596.9843, 1596.9843, 955.35156, 717.69965, , 
65678.648838666, 002641, -5.1592546, 0.0019780733, 4.1389337, 0.05184598, 0.25454718, -0.71328783, 0.65095174, 1596.9843, 1596.9843, 955.3551, 717.7007, , 
65678.682176833, 002642, -5.153859, -0.0013637766, 4.14879, 0.052008227, 0.25952858, -0.71372116, 0.64849216, 1596.9843, 1596.9843, 955.35974, 717.69995, , 
65678.698845916, 002643, -5.1512547, -0.002982773, 4.1528063, 0.0515752, 0.26218486, -0.7140799, 0.64706177, 1596.9843, 1596.9843, 955.36194, 717.6989, , 
65678.732183916, 002644, -5.1463795, -0.0062824264, 4.160655, 0.049693085, 0.26854116, -0.71401745, 0.6446668, 1596.5323, 1596.5323, 955.3668, 717.69916, , 
65678.748853125, 002645, -5.144179, -0.007933255, 4.1646214, 0.04842652, 0.27207962, -0.7135106, 0.64384013, 1596.9843, 1596.9843, 955.3688, 717.7012, , 
65678.782191208, 002646, -5.1396747, -0.010930538, 4.173842, 0.04659165, 0.27840087, -0.71267194, 0.6421999, 1596.9843, 1596.9843, 955.3734, 717.7061, , 
65678.798860083, 002647, -5.1375756, -0.012250926, 4.1780233, 0.046549417, 0.2807354, -0.7126599, 0.6411993, 1596.9843, 1596.9843, 955.3757, 717.7066, , 
65678.832198416, 002648, -5.1334233, -0.014679726, 4.1861405, 0.046595152, 0.28537342, -0.71232563, 0.63951784, 1596.9843, 1596.9843, 955.3811, 717.7079, , 
65678.8488675, 002649, -5.131442, -0.015672326, 4.190079, 0.045691516, 0.28737548, -0.71191186, 0.6391471, 1596.9843, 1596.9843, 955.3825, 717.70953, , 
65678.882205541, 002650, -5.127409, -0.016828235, 4.1988506, 0.042229295, 0.28999338, -0.711438, 0.6387303, 1596.9843, 1596.9843, 955.38196, 717.7127, , 
65678.898874583, 002651, -5.1257114, -0.016961265, 4.2028284, 0.040349763, 0.29061073, -0.71165574, 0.6383285, 1596.9843, 1596.9843, 955.381, 717.71277, , 
65678.915543708, 002652, -5.124054, -0.016854491, 4.2067924, 0.03869008, 0.2910217, -0.71225965, 0.6375701, 1596.9843, 1596.9843, 955.3797, 717.71063, , 
65678.94888175, 002653, -5.120444, -0.01634667, 4.215276, 0.035901777, 0.29240334, -0.7141372, 0.63499546, 1596.9843, 1596.9843, 955.37915, 717.70483, , 
65678.965550791, 002654, -5.118213, -0.016628731, 4.2202554, 0.034585696, 0.293713, -0.71504337, 0.6334426, 1596.9843, 1596.9843, 955.3795, 717.7018, , 
65678.998889, 002655, -5.114257, -0.017045185, 4.230588, 0.0322029, 0.2969025, -0.71606404, 0.6309233, 1596.9843, 1596.9843, 955.3811, 717.69745, , 
65679.015557958, 002656, -5.1126814, -0.01718456, 4.2357917, 0.030936297, 0.29874468, -0.71597373, 0.6302191, 1596.9843, 1596.9843, 955.38196, 717.69745, , 
65679.048896083, 002657, -5.110248, -0.017362926, 4.2459006, 0.027678614, 0.30092672, -0.71513355, 0.63028646, 1594.2728, 1594.2728, 955.3811, 717.701, , 
65679.065565208, 002658, -5.1092024, -0.017757874, 4.251495, 0.026207043, 0.3006625, -0.7146763, 0.63099366, 1594.2728, 1594.2728, 955.3795, 717.7025, , 
65679.098903208, 002659, -5.108442, -0.018059809, 4.2623677, 0.023176774, 0.2991126, -0.71324646, 0.6334619, 1594.7247, 1594.7247, 955.3739, 717.7077, , 
65679.115572375, 002660, -5.1086082, -0.017933737, 4.26764, 0.021329429, 0.29789406, -0.7124776, 0.63496447, 1596.9843, 1596.9843, 955.3708, 717.7104, , 
65679.132241416, 002661, -5.1090527, -0.017654203, 4.27302, 0.019629596, 0.29601017, -0.7118988, 0.63654745, 1596.9843, 1596.9843, 955.3662, 717.7131, , 
65679.165579416, 002662, -5.1103907, -0.017016586, 4.285072, 0.01697192, 0.29214394, -0.710989, 0.63942045, 1596.9843, 1596.9843, 955.3596, 717.71564, , 
65679.182248583, 002663, -5.1111584, -0.016816612, 4.2920504, 0.016203843, 0.2915654, -0.7102766, 0.64049524, 1599.2438, 1599.2438, 955.3573, 717.7184, , 
65679.21558675, 002664, -5.1133337, -0.016007222, 4.307139, 0.016347779, 0.2913495, -0.70892996, 0.64207983, 1599.2438, 1599.2438, 955.35645, 717.72314, , 
65679.232255875, 002665, -5.1147285, -0.015334662, 4.3149834, 0.016911266, 0.2910188, -0.70846903, 0.6427237, 1599.2438, 1599.2438, 955.35657, 717.7252, , 
65679.265593916, 002666, -5.118251, -0.014414914, 4.3306174, 0.017694004, 0.28948107, -0.7076371, 0.6443116, 1601.5033, 1601.5033, 955.3558, 717.7279, , 
65679.282262958, 002667, -5.120405, -0.013569772, 4.338251, 0.018071543, 0.28776252, -0.7072335, 0.64551294, 1601.5033, 1601.5033, 955.3546, 717.72906, , 
65679.315601, 002668, -5.1255226, -0.01118172, 4.3532934, 0.019222753, 0.2831366, -0.70577437, 0.64911216, 1603.7628, 1603.7628, 955.35077, 717.7336, , 
65679.332270083, 002669, -5.128371, -0.009862665, 4.360649, 0.019644758, 0.28036427, -0.7047483, 0.6514137, 1603.7628, 1603.7628, 955.3488, 717.7367, , 
65679.365608333, 002670, -5.1338205, -0.00709432, 4.3751326, 0.020319695, 0.2740092, -0.7028559, 0.6561248, 1603.7628, 1603.7628, 955.3431, 717.7437, , 
65679.382277333, 002671, -5.13634, -0.005607594, 4.3823557, 0.020972354, 0.2709295, -0.7021453, 0.6581408, 1608.2819, 1608.2819, 955.3409, 717.7461, , 
65679.415615458, 002672, -5.141589, -0.002233062, 4.396336, 0.02265919, 0.26589727, -0.70149624, 0.6608239, 1608.2819, 1608.2819, 955.33765, 717.7488, , 
65679.432284541, 002673, -5.1440196, -0.00042573735, 4.403001, 0.023207301, 0.26364082, -0.7017414, 0.66144836, 1608.2819, 1608.2819, 955.3365, 717.7481, , 
65679.465622541, 002674, -5.1480265, 0.0028336905, 4.415352, 0.023644373, 0.258712, -0.7030176, 0.66202366, 1601.0514, 1601.0514, 955.333, 717.7429, , 
65679.482291583, 002675, -5.1501245, 0.004284192, 4.421343, 0.023672827, 0.25635362, -0.7034837, 0.6624447, 1600.5995, 1600.5995, 955.33136, 717.74097, , 
65679.515629833, 002676, -5.1547837, 0.0066392086, 4.4332714, 0.023968438, 0.2523592, -0.70359135, 0.663852, 1600.5995, 1600.5995, 955.3283, 717.7397, , 
65679.532298916, 002677, -5.157226, 0.007564347, 4.439073, 0.024520157, 0.250254, -0.70354414, 0.6646782, 1600.5995, 1600.5995, 955.3273, 717.7397, , 
65679.565636958, 002678, -5.1621265, 0.008635756, 4.450888, 0.026340107, 0.24552304, -0.7035443, 0.6663706, 1600.5995, 1600.5995, 955.32495, 717.73914, , 
65679.582306, 002679, -5.164642, 0.00882503, 4.456838, 0.027384043, 0.24294971, -0.70349514, 0.667323, 1600.5995, 1600.5995, 955.3239, 717.73895, , 
65679.598975125, 002680, -5.167264, 0.009116124, 4.462357, 0.02852486, 0.2404368, -0.7034338, 0.6682494, 1600.5995, 1600.5995, 955.323, 717.73883, , 
65679.632313166, 002681, -5.172514, 0.009679776, 4.4730587, 0.031833474, 0.23589772, -0.70358175, 0.6695606, 1600.5995, 1600.5995, 955.32184, 717.7378, , 
65679.64898225, 002682, -5.1751685, 0.009989422, 4.478368, 0.034291435, 0.2336853, -0.7038496, 0.6699335, 1600.5995, 1600.5995, 955.32184, 717.73663, , 
65679.682320291, 002683, -5.180669, 0.009924952, 4.4898567, 0.04037942, 0.22955193, -0.7041985, 0.67065626, 1600.5995, 1600.5995, 955.323, 717.73364, , 
65679.698989416, 002684, -5.1837263, 0.010135543, 4.495176, 0.04384473, 0.2273117, -0.704206, 0.67119366, 1600.5995, 1600.5995, 955.3238, 717.7329, , 
65679.732327541, 002685, -5.190498, 0.010856081, 4.5051575, 0.051123273, 0.22137085, -0.70398897, 0.6728898, 1600.5995, 1600.5995, 955.3248, 717.7317, , 
65679.748996583, 002686, -5.194213, 0.011259761, 4.509984, 0.054623045, 0.21797355, -0.7036368, 0.6740913, 1600.5995, 1600.5995, 955.3248, 717.73175, , 
65679.782334666, 002687, -5.203704, 0.013138007, 4.5197244, 0.060578857, 0.21122558, -0.7024155, 0.676998, 1600.5995, 1600.5995, 955.3243, 717.73395, , 
65679.799003791, 002688, -5.208163, 0.013782572, 4.5245748, 0.063262984, 0.20784588, -0.70169395, 0.6785451, 1600.5995, 1600.5995, 955.32367, 717.7355, , 
65679.832341791, 002689, -5.2170258, 0.015109833, 4.53437, 0.069110215, 0.20108975, -0.70046866, 0.68127114, 1600.5995, 1600.5995, 955.3229, 717.7381, , 
65679.849010916, 002690, -5.2214837, 0.015949223, 4.539174, 0.072487645, 0.19716369, -0.70018893, 0.68235433, 1600.5995, 1600.5995, 955.3225, 717.738, , 
65679.882349083, 002691, -5.2304454, 0.017318662, 4.5492992, 0.08032335, 0.18767874, -0.70008945, 0.68425107, 1601.0514, 1601.0514, 955.32135, 717.7349, , 
65679.899018166, 002692, -5.2350535, 0.01823688, 4.5540547, 0.08471389, 0.1823137, -0.69992816, 0.6853363, 1601.0514, 1601.0514, 955.3208, 717.73346, , 
65679.93235625, 002693, -5.244597, 0.020024817, 4.563301, 0.09308221, 0.17074871, -0.6987486, 0.6884265, 1601.0514, 1601.0514, 955.31866, 717.73303, , 
65679.949025375, 002694, -5.249455, 0.020842824, 4.567843, 0.09688622, 0.16441661, -0.6978236, 0.69037855, 1600.5995, 1600.5995, 955.31726, 717.734, , 
65679.982363333, 002695, -5.258084, 0.02209844, 4.5760636, 0.104464106, 0.15066876, -0.69573104, 0.69451016, 1600.5995, 1600.5995, 955.3135, 717.73706, , 
65679.999032458, 002696, -5.262863, 0.02273142, 4.5806274, -0.108521685, -0.14363049, 0.69457835, -0.6965301, 1600.5995, 1600.5995, 955.3118, 717.73846, , 
65680.015701458, 002697, -5.2676935, 0.023336265, 4.5853605, -0.11289596, -0.1367296, 0.69333273, -0.698462, 1601.0514, 1601.0514, 955.31055, 717.74, , 
65680.032370583, 002698, -5.272511, 0.02394493, 4.5902305, -0.11753533, -0.13017829, 0.6920417, -0.70022655, 1601.0514, 1601.0514, 955.30963, 717.7416, , 
65680.04903975, 002699, -5.277271, 0.024595845, 4.595105, -0.12233415, -0.123802476, 0.69086117, -0.7017251, 1601.0514, 1601.0514, 955.3087, 717.7431, , 
65680.065708666, 002700, -5.2805605, 0.02515366, 4.598851, -0.12721741, -0.117429525, 0.68996733, -0.70283073, 1601.0514, 1601.0514, 955.308, 717.7432, , 
65680.082377708, 002701, -5.2845902, 0.025925804, 4.6029983, -0.13221477, -0.11074502, 0.68937093, -0.70357835, 1601.0514, 1601.0514, 955.3073, 717.7423, , 
65680.115715916, 002702, -5.292967, 0.027926307, 4.6105375, -0.14256486, -0.09464997, 0.68898886, -0.7042805, 1600.5995, 1600.5995, 955.3045, 717.7357, , 
65680.132384875, 002703, -5.297321, 0.029002976, 4.6138706, -0.14811659, -0.085335076, 0.6886577, -0.70464873, 1600.5995, 1600.5995, 955.30273, 717.73224, , 
65680.165723083, 002704, -5.3065186, 0.030299287, 4.6199327, -0.16041328, -0.068366125, 0.6855874, -0.70679814, 1601.0514, 1601.0514, 955.3003, 717.73114, , 
65680.182392166, 002705, -5.3113623, 0.030662142, 4.622679, -0.1669111, -0.060712576, 0.68309456, -0.7084041, 1601.0514, 1601.0514, 955.3001, 717.7338, , 
65680.215730166, 002706, -5.321764, 0.032122593, 4.628063, -0.18017912, -0.045180134, 0.677865, -0.71133196, 1601.0514, 1601.0514, 955.29974, 717.7406, , 
65680.23239925, 002707, -5.326951, 0.032994237, 4.630151, -0.18665491, -0.03701306, 0.67528176, -0.71259004, 1601.0514, 1601.0514, 955.2994, 717.74304, , 
65680.249068416, 002708, -5.3320684, 0.03384717, 4.631746, -0.1927608, -0.028562527, 0.67267877, -0.7138142, 1601.0514, 1601.0514, 955.29895, 717.74554, , 
65680.282406416, 002709, -5.340791, 0.035454538, 4.632713, -0.20399891, -0.0111233285, 0.6673578, -0.7161663, 1600.5995, 1600.5995, 955.2973, 717.75244, , 
65680.299075541, 002710, -5.345544, 0.036074575, 4.6332192, -0.20948866, -0.0028214941, 0.6645817, -0.71724296, 1600.5995, 1600.5995, 955.2967, 717.7556, , 
65680.332413708, 002711, -5.355045, 0.03705922, 4.6339793, -0.22064732, 0.011777114, 0.65885764, -0.71908444, 1600.5995, 1600.5995, 955.2964, 717.76306, , 
65680.34908275, 002712, -5.359666, 0.03749958, 4.634168, -0.22614424, 0.018244047, 0.65618074, -0.71968937, 1600.5995, 1600.5995, 955.2965, 717.7656, , 
65680.365751666, 002713, -5.3636756, 0.037873294, 4.633852, -0.23137926, 0.024324067, 0.6537227, -0.72008234, 1600.5995, 1600.5995, 955.2966, 717.7684, , 
65680.399089833, 002714, -5.37169, 0.038514744, 4.632824, -0.24117242, 0.036344904, 0.64908993, -0.7205533, 1600.5995, 1600.5995, 955.2966, 717.77155, , 
65680.415758958, 002715, -5.375725, 0.038789067, 4.6320715, -0.24623728, 0.042755138, 0.6466164, -0.72071236, 1601.0514, 1601.0514, 955.2966, 717.7736, , 
65680.432427958, 002716, -5.3797073, 0.03903958, 4.6310945, -0.25157374, 0.049430773, 0.64390993, -0.7208656, 1601.0514, 1601.0514, 955.2966, 717.77545, , 
65680.465766125, 002717, -5.387437, 0.039434556, 4.6285124, -0.26211217, 0.0629818, 0.63804585, -0.72126824, 1601.0514, 1601.0514, 955.2968, 717.77997, , 
65680.482435291, 002718, -5.3915453, 0.04015598, 4.627287, -0.26714444, 0.069810376, 0.63522154, -0.7212863, 1601.0514, 1601.0514, 955.2968, 717.7831, , 
65680.515773208, 002719, -5.398252, 0.041011717, 4.623934, -0.27667156, 0.0835958, 0.63056123, -0.72031724, 1601.0514, 1601.0514, 955.29626, 717.7851, , 
65680.532442375, 002720, -5.4012146, 0.041422103, 4.6220794, -0.28152746, 0.09037987, 0.6285982, -0.71933156, 1601.0514, 1601.0514, 955.29553, 717.7843, , 
65680.549111458, 002721, -5.404117, 0.041804228, 4.6202116, -0.28662124, 0.09671815, 0.62661934, -0.71822137, 1601.0514, 1601.0514, 955.2952, 717.78314, , 
65680.582449458, 002722, -5.4098644, 0.043530602, 4.6166353, -0.2976934, 0.10771075, 0.622419, -0.71580136, 1601.0514, 1601.0514, 955.2951, 717.7797, , 
65680.599118541, 002723, -5.4127784, 0.043896113, 4.614739, -0.30316985, 0.11261969, 0.6204524, -0.7144534, 1601.0514, 1601.0514, 955.2952, 717.77765, , 
65680.632456708, 002724, -5.418462, 0.04432587, 4.610555, -0.31396854, 0.122077346, 0.6165102, -0.7116432, 1601.0514, 1601.0514, 955.29553, 717.77234, , 
65680.649125791, 002725, -5.4212747, 0.044400144, 4.6082044, -0.3195207, 0.12675676, 0.61411357, -0.710425, 1601.0514, 1601.0514, 955.2959, 717.77075, , 
65680.682463916, 002726, -5.427347, 0.04439244, 4.6029053, -0.3301153, 0.1361659, 0.60851556, -0.70865464, 1600.5995, 1600.5995, 955.29694, 717.77014, , 
65680.699132916, 002727, -5.430047, 0.044356633, 4.5999074, -0.3348057, 0.14105968, 0.6056629, -0.7079405, 1600.5995, 1600.5995, 955.2973, 717.77094, , 
65680.732471, 002728, -5.4344807, 0.04437593, 4.5932503, -0.34364414, 0.15135406, 0.6000568, -0.7063515, 1600.5995, 1600.5995, 955.29767, 717.77277, , 
65680.749140083, 002729, -5.4364095, 0.04440384, 4.5896235, -0.34788775, 0.15664046, 0.5971715, -0.7055665, 1600.5995, 1600.5995, 955.2977, 717.7738, , 
65680.782478333, 002730, -5.4402437, 0.04428911, 4.5820417, -0.35520616, 0.16708094, 0.5914959, -0.70430464, 1600.5995, 1600.5995, 955.29785, 717.77704, , 
65680.799147333, 002731, -5.442105, 0.044154678, 4.5781264, -0.35832515, 0.17224051, 0.5887329, -0.7037968, 1600.5995, 1600.5995, 955.2977, 717.78015, , 
65680.832485416, 002732, -5.4448624, 0.04412571, 4.5699587, -0.36424014, 0.1825323, 0.58341867, -0.70259076, 1601.0514, 1601.0514, 955.29755, 717.78467, , 
65680.849154458, 002733, -5.4459805, 0.04416426, 4.565827, -0.36728078, 0.18749268, 0.58092976, -0.70176333, 1601.0514, 1601.0514, 955.2974, 717.78687, , 
65680.8824925, 002734, -5.448691, 0.04383194, 4.557794, -0.37411568, 0.19663657, 0.57604825, -0.69967127, 1601.0514, 1601.0514, 955.2973, 717.78827, , 
65680.8991615, 002735, -5.4502306, 0.04349641, 4.5538316, -0.3778604, 0.20093618, 0.573642, -0.69841325, 1601.0514, 1601.0514, 955.2973, 717.78827, , 
65680.93249975, 002736, -5.4521785, 0.043402966, 4.5452595, -0.38629958, 0.20975336, 0.5685921, -0.6953267, 1601.0514, 1601.0514, 955.2974, 717.78644, , 
65680.949168875, 002737, -5.4530396, 0.043355558, 4.5406814, -0.39097866, 0.21414676, 0.56567824, -0.69374704, 1601.0514, 1601.0514, 955.29767, 717.78546, , 
65680.982506875, 002738, -5.455149, 0.0424284, 4.5310183, -0.40069798, 0.22362328, 0.5592722, -0.69039714, 1600.5995, 1600.5995, 955.29834, 717.7839, , 
65680.999176041, 002739, -5.455872, 0.042050805, 4.525721, -0.40572426, 0.22896852, 0.55587393, -0.6884514, 1600.5995, 1600.5995, 955.29846, 717.7831, , 
65681.032514041, 002740, -5.456766, 0.041504733, 4.5141377, -0.41661704, 0.24050319, 0.5480353, -0.68428475, 1600.5995, 1600.5995, 955.299, 717.78186, , 
65681.049183083, 002741, -5.457105, 0.041189354, 4.5078716, -0.42241898, 0.24654216, 0.54360574, -0.6821084, 1600.5995, 1600.5995, 955.2994, 717.7816, , 
65681.08252125, 002742, -5.457793, 0.040263955, 4.4945035, -0.4336131, 0.2589055, 0.53473675, -0.67749846, 1601.0514, 1601.0514, 955.3002, 717.7813, , 
65681.09919025, 002743, -5.4580536, 0.03973719, 4.48744, -0.43886438, 0.2652551, 0.53050876, -0.67498016, 1601.0514, 1601.0514, 955.3003, 717.781, , 
65681.132528375, 002744, -5.4579163, 0.0389794, 4.472518, -0.4491193, 0.27820536, 0.521817, -0.66977656, 1601.0514, 1601.0514, 955.3003, 717.7805, , 
65681.149197541, 002745, -5.4577694, 0.038585354, 4.464767, -0.45397905, 0.28457627, 0.5173136, -0.6673124, 1601.0514, 1601.0514, 955.3004, 717.7809, , 
65681.1825355, 002746, -5.457101, 0.037592333, 4.4488597, -0.46329522, 0.2973898, 0.5080756, -0.6624017, 1601.0514, 1601.0514, 955.30066, 717.783, , 
65681.199204625, 002747, -5.4564605, 0.037057195, 4.440744, -0.46783733, 0.30399588, 0.50339955, -0.6597753, 1601.0514, 1601.0514, 955.3008, 717.78406, , 
65681.232542791, 002748, -5.454762, 0.03624862, 4.4243946, -0.47678214, 0.31741533, 0.4939693, -0.6541564, 1601.0514, 1601.0514, 955.30066, 717.7863, , 
65681.265880833, 002749, -5.4525127, 0.035486262, 4.40823, -0.48563415, 0.33005735, 0.48461118, -0.6483623, 1601.0514, 1601.0514, 955.30066, 717.7877, , 
65681.282549916, 002750, -5.451043, 0.034968447, 4.4001055, -0.49007332, 0.3359505, 0.4799106, -0.64548516, 1601.0514, 1601.0514, 955.3008, 717.78815, , 
65681.299219041, 002751, -5.449572, 0.034417298, 4.3920817, -0.49454632, 0.34143972, 0.47508416, -0.64275795, 1601.0514, 1601.0514, 955.301, 717.7885, , 
65681.332557041, 002752, -5.4466934, 0.03331429, 4.3764706, 0.5034417, -0.35135722, -0.4652372, 0.6376903, 1601.0514, 1601.0514, 955.3023, 717.7894, , 
65681.349226125, 002753, -5.445048, 0.032765877, 4.3688083, 0.5077974, -0.35620865, -0.46042496, 0.6350322, 1601.0514, 1601.0514, 955.30286, 717.78955, , 
65681.382564333, 002754, -5.441264, 0.031457122, 4.3531156, 0.51617783, -0.3665148, -0.45053434, 0.6294806, 1601.0514, 1601.0514, 955.3039, 717.79034, , 
65681.39923325, 002755, -5.4391546, 0.030761305, 4.3453307, 0.52039963, -0.37210035, -0.44509524, 0.6265905, 1601.0514, 1601.0514, 955.3044, 717.7913, , 
65681.432571458, 002756, -5.434508, 0.029431108, 4.3300223, 0.5290989, -0.3839338, -0.433497, 0.62026566, 1601.0514, 1601.0514, 955.30554, 717.7941, , 
65681.449240541, 002757, -5.4319987, 0.028826408, 4.322416, 0.5334788, -0.38988885, -0.42759794, 0.6168847, 1601.0514, 1601.0514, 955.30615, 717.7951, , 
65681.482578583, 002758, -5.425967, 0.028343428, 4.3074403, 0.54220825, -0.4014792, -0.41617346, 0.60960984, 1600.5995, 1600.5995, 955.30695, 717.7959, , 
65681.499247666, 002759, -5.4225965, 0.028399874, 4.300104, 0.5466349, -0.4071555, -0.4106987, 0.60559154, 1600.5995, 1600.5995, 955.30707, 717.79517, , 
65681.532585833, 002760, -5.4162445, 0.028301101, 4.2854767, 0.55508125, -0.4182034, -0.39988574, 0.59756345, 1600.5995, 1600.5995, 955.3073, 717.79346, , 
65681.54925475, 002761, -5.4130087, 0.028266806, 4.278201, 0.5588148, -0.42365023, -0.39467323, 0.5936998, 1600.5995, 1600.5995, 955.3073, 717.7931, , 
65681.565923833, 002762, -5.4097204, 0.028247047, 4.2710037, 0.5622579, -0.4290037, -0.3895231, 0.58999455, 1600.5995, 1600.5995, 955.3073, 717.79333, , 
65681.599262083, 002763, -5.4018807, 0.029150639, 4.257884, 0.56823003, -0.43962437, -0.37976888, 0.58276963, 1600.5995, 1600.5995, 955.3073, 717.795, , 
65681.615931083, 002764, -5.3982472, 0.02920672, 4.2511964, 0.5705501, -0.44501987, -0.3753213, 0.5792787, 1600.5995, 1600.5995, 955.30695, 717.7965, , 
65681.649269208, 002765, -5.391055, 0.029169966, 4.2381673, 0.5742299, -0.45591635, -0.3670473, 0.5724305, 1601.0514, 1601.0514, 955.30615, 717.8005, , 
65681.66593825, 002766, -5.386734, 0.02982327, 4.231849, 0.57594705, -0.4609654, -0.36278844, 0.5693683, 1601.0514, 1601.0514, 955.3059, 717.8039, , 
65681.682607375, 002767, -5.383435, 0.029877584, 4.2256355, 0.5776765, -0.46563077, -0.358319, 0.5666438, 1601.0514, 1601.0514, 955.30615, 717.80676, , 
65681.715945333, 002768, -5.377575, 0.029922228, 4.2137003, 0.5812888, -0.4739505, -0.34949082, 0.56154287, 1601.0514, 1601.0514, 955.30707, 717.81274, , 
65681.7326145, 002769, -5.3747253, 0.029990751, 4.2079997, 0.58322173, -0.47797903, -0.3451758, 0.5587862, 1601.0514, 1601.0514, 955.30743, 717.81464, , 
65681.765952708, 002770, -5.369191, 0.030458745, 4.197858, 0.5871966, -0.48600546, -0.33682048, 0.55276644, 1601.0514, 1601.0514, 955.30786, 717.8176, , 
65681.782621583, 002771, -5.3664885, 0.03053796, 4.1926827, 0.58900625, -0.4899041, -0.33282185, 0.5498137, 1601.0514, 1601.0514, 955.308, 717.81885, , 
65681.799290708, 002772, -5.3638635, 0.030517176, 4.187465, 0.590731, -0.49370208, -0.32882288, 0.5469649, 1601.0514, 1601.0514, 955.3082, 717.8202, , 
65681.832628833, 002773, -5.3589067, 0.030301612, 4.177093, 0.59408915, -0.50090456, -0.32091776, 0.5414465, 1601.0514, 1601.0514, 955.3088, 717.82336, , 
65681.865966916, 002774, -5.355241, 0.030136656, 4.1673107, 0.59741634, -0.5074864, -0.31360385, 0.53591394, 1601.0514, 1601.0514, 955.30914, 717.82556, , 
65681.882636, 002775, -5.353381, 0.029941048, 4.1622896, 0.59912145, -0.51039517, -0.31008905, 0.533287, 1601.0514, 1601.0514, 955.30927, 717.826, , 
65681.915974166, 002776, -5.3499446, 0.029502157, 4.152074, 0.602694, -0.5152999, -0.30340558, 0.5283664, 1601.0514, 1601.0514, 955.30975, 717.8256, , 
65681.932643125, 002777, -5.3483615, 0.029301714, 4.1468663, 0.6044452, -0.51741904, -0.30033928, 0.5260416, 1601.0514, 1601.0514, 955.3099, 717.825, , 
65681.949312208, 002778, -5.346839, 0.02910629, 4.141574, 0.60600907, -0.5194084, -0.297586, 0.52384204, 1601.0514, 1601.0514, 955.30994, 717.8244, , 
65681.982650375, 002779, -5.344482, 0.028700355, 4.1313295, 0.6088478, -0.52291244, -0.29287076, 0.51970524, 1601.0514, 1601.0514, 955.31006, 717.82294, , 
65681.999319291, 002780, -5.3432255, 0.02852076, 4.1258097, 0.6102279, -0.5245104, -0.29036728, 0.51787794, 1600.5995, 1600.5995, 955.3102, 717.8224, , 
65682.015988375, 002781, -5.342011, 0.028325032, 4.1201353, 0.6116238, -0.5259934, -0.28770906, 0.5162081, 1600.5995, 1600.5995, 955.3104, 717.82196, , 
65682.049326541, 002782, -5.339484, 0.02792393, 4.1084986, 0.6146253, -0.52901244, -0.28214976, 0.51261395, 1600.5995, 1600.5995, 955.31134, 717.82074, , 
65682.065995708, 002783, -5.3382163, 0.02770004, 4.1015587, 0.61629283, -0.53065014, -0.27933466, 0.5104564, 1600.5995, 1600.5995, 955.3116, 717.81976, , 
65682.082664625, 002784, -5.336841, 0.027461123, 4.0953407, 0.61797905, -0.53253126, -0.27612635, 0.50819933, 1600.5995, 1600.5995, 955.31195, 717.81885, , 
65682.11600275, 002785, -5.334081, 0.026836019, 4.082628, 0.62089694, -0.53651154, -0.26922294, 0.5041441, 1600.5995, 1600.5995, 955.313, 717.819, , 
65682.132671875, 002786, -5.3327403, 0.026480775, 4.0760584, 0.62200654, -0.5384672, -0.2658803, 0.5024624, 1600.5995, 1600.5995, 955.3138, 717.8202, , 
65682.14934075, 002787, -5.3314605, 0.02613515, 4.069405, 0.6228815, -0.54030216, -0.26279137, 0.50103176, 1600.5995, 1600.5995, 955.3145, 717.82153, , 
65682.182679041, 002788, -5.3287377, 0.025791626, 4.0553737, 0.62419426, -0.543818, -0.2569493, 0.4986185, 1601.0514, 1601.0514, 955.31635, 717.8255, , 
65682.199348083, 002789, -5.3272457, 0.025709558, 4.048323, 0.6246751, -0.54588187, -0.2541842, 0.49717635, 1601.0514, 1601.0514, 955.31696, 717.82745, , 
65682.216017208, 002790, -5.325705, 0.025620073, 4.041447, 0.6249398, -0.54826576, -0.2517686, 0.49544674, 1601.0514, 1601.0514, 955.3172, 717.8295, , 
65682.249355208, 002791, -5.322543, 0.025520045, 4.027815, 0.62529355, -0.5535993, -0.24746792, 0.49121827, 1601.0514, 1601.0514, 955.31683, 717.8343, , 
65682.266024333, 002792, -5.320945, 0.025485154, 4.020434, 0.6256134, -0.5562556, -0.24511883, 0.48898295, 1600.5995, 1600.5995, 955.31683, 717.8361, , 
65682.282693375, 002793, -5.3194475, 0.025450591, 4.0133495, 0.6260197, -0.5588067, -0.24255246, 0.4868291, 1600.5995, 1600.5995, 955.31683, 717.8379, , 
65682.316031416, 002794, -5.3164616, 0.02530041, 3.9989948, 0.62649876, -0.5638156, -0.23795457, 0.48268926, 1600.5995, 1600.5995, 955.31696, 717.84216, , 
65682.332700541, 002795, -5.3150544, 0.025211401, 3.9917705, 0.6267431, -0.56603014, -0.2360167, 0.48072764, 1600.5995, 1600.5995, 955.31696, 717.8438, , 
65682.349369583, 002796, -5.3137255, 0.025138032, 3.9845755, 0.6273091, -0.56794, -0.23400234, 0.4787175, 1600.5995, 1600.5995, 955.31683, 717.84485, , 
65682.382707625, 002797, -5.3111258, 0.02478278, 3.9693177, 0.62928486, -0.5710934, -0.22971436, 0.47443032, 1600.5995, 1600.5995, 955.3166, 717.8439, , 
65682.39937675, 002798, -5.3099957, 0.024568565, 3.9622283, 0.6303205, -0.5725487, -0.2274016, 0.47241148, 1600.5995, 1600.5995, 955.31647, 717.8431, , 
65682.416045875, 002799, -5.308908, 0.024326164, 3.9552393, 0.6313023, -0.5739796, -0.22509256, 0.47046587, 1600.5995, 1600.5995, 955.3166, 717.8424, , 
65682.449383875, 002800, -5.3067026, 0.023847874, 3.941548, 0.6331895, -0.5766277, -0.22081982, 0.4667014, 1600.5995, 1600.5995, 955.3166, 717.8413, , 
65682.466052958, 002801, -5.3053727, 0.02356949, 3.934227, 0.6339457, -0.577526, -0.21927291, 0.4652913, 1600.5995, 1600.5995, 955.3166, 717.8404, , 
65682.482722041, 002802, -5.304289, 0.023251723, 3.927452, 0.6345946, -0.57817477, -0.21797298, 0.46421045, 1600.5995, 1600.5995, 955.3166, 717.8398, , 
65682.499391125, 002803, -5.3033466, 0.022881333, 3.9209504, 0.6351306, -0.5786249, -0.2168271, 0.46345255, 1600.5995, 1600.5995, 955.3167, 717.83923, , 
65682.532729125, 002804, -5.301662, 0.021998461, 3.9086456, 0.6357164, -0.5796848, -0.21498126, 0.46218306, 1600.5995, 1600.5995, 955.31696, 717.83923, , 
65682.549398291, 002805, -5.3008757, 0.021531183, 3.9028385, 0.6359948, -0.5804045, -0.2139179, 0.4613895, 1600.5995, 1600.5995, 955.3171, 717.8394, , 
65682.566067333, 002806, -5.300343, 0.020887528, 3.8965898, 0.6363921, -0.58105, -0.21266416, 0.4606082, 1600.5995, 1600.5995, 955.31726, 717.8396, , 
65682.599405375, 002807, -5.2993603, 0.02002066, 3.8856485, 0.63783544, -0.5820955, -0.20895293, 0.4589873, 1601.0514, 1601.0514, 955.31824, 717.83923, , 
65682.616074458, 002808, -5.2990236, 0.01970205, 3.8803964, 0.6388697, -0.5824016, -0.20662044, 0.45821592, 1601.0514, 1601.0514, 955.31915, 717.8382, , 
65682.6327435, 002809, -5.298778, 0.019454807, 3.8752162, 0.6399887, -0.58254445, -0.2040499, 0.45762426, 1601.0514, 1601.0514, 955.32007, 717.83746, , 
65682.666081708, 002810, -5.298309, 0.019242816, 3.865276, 0.64239866, -0.5826678, -0.19854893, 0.45650896, 1600.5995, 1600.5995, 955.3229, 717.8354, , 
65682.682750708, 002811, -5.298283, 0.01906598, 3.8599565, 0.6436542, -0.58272254, -0.19618504, 0.45569175, 1600.5995, 1600.5995, 955.3238, 717.834, , 
65682.699419708, 002812, -5.297974, 0.01918893, 3.855466, 0.64487195, -0.5828696, -0.19448207, 0.45451057, 1600.5995, 1600.5995, 955.32416, 717.8319, , 
65682.732757958, 002813, -5.297113, 0.019702043, 3.8476627, 0.64668053, -0.5834611, -0.19324167, 0.45170224, 1600.5995, 1600.5995, 955.3231, 717.8265, , 
65682.749426916, 002814, -5.296739, 0.019877829, 3.843964, 0.6471881, -0.58385885, -0.19310728, 0.45051733, 1600.5995, 1600.5995, 955.3224, 717.82477, , 
65682.766095958, 002815, -5.2965865, 0.019940969, 3.84029, 0.64744383, -0.5841058, -0.19319116, 0.4497934, 1600.5995, 1600.5995, 955.32184, 717.82355, , 
65682.799434166, 002816, -5.298442, 0.019498404, 3.8325186, 0.6478481, -0.58380467, -0.19329797, 0.44955623, 1600.5995, 1600.5995, 955.3212, 717.82214, , 
65682.816103041, 002817, -5.2991676, 0.019335907, 3.8289175, 0.6483298, -0.58345944, -0.19293831, 0.44946462, 1600.5995, 1600.5995, 955.3215, 717.82117, , 
65682.832772208, 002818, -5.3000627, 0.019188065, 3.8254194, 0.64895827, -0.58307517, -0.19248527, 0.4492504, 1600.5995, 1600.5995, 955.3216, 717.8192, , 
65682.866110291, 002819, -5.303623, 0.01909009, 3.8181348, 0.64970106, -0.58213395, -0.19263887, 0.44933155, 1600.5995, 1600.5995, 955.3216, 717.81665, , 
65682.882779416, 002820, -5.305785, 0.018969063, 3.8146083, 0.64969397, -0.5817119, -0.19293338, 0.44976196, 1600.5995, 1600.5995, 955.3217, 717.81616, , 
65682.916117458, 002821, -5.310656, 0.018707048, 3.8079252, 0.6496861, -0.5809124, -0.19283265, 0.45084837, 1600.5995, 1600.5995, 955.3224, 717.81635, , 
65682.932786541, 002822, -5.3134017, 0.018650573, 3.8047574, 0.64963853, -0.5806658, -0.19277063, 0.45126092, 1600.5995, 1600.5995, 955.3229, 717.81665, , 
65682.949455583, 002823, -5.3163085, 0.018652823, 3.8017268, 0.6494695, -0.58062243, -0.19299042, 0.4514662, 1600.5995, 1600.5995, 955.3229, 717.817, , 
65682.982793708, 002824, -5.3232675, 0.01910447, 3.794992, 0.64889723, -0.5808515, -0.19443814, 0.45137325, 1600.5995, 1600.5995, 955.32184, 717.81726, , 
65682.999462666, 002825, -5.3270187, 0.019340415, 3.7919788, 0.64848477, -0.5808905, -0.19578697, 0.4513326, 1600.5995, 1600.5995, 955.321, 717.81726, , 
65683.016131833, 002826, -5.3309336, 0.019599583, 3.7893205, 0.64826155, -0.5806915, -0.1972335, 0.4512796, 1600.5995, 1600.5995, 955.3202, 717.81665, , 
65683.049469875, 002827, -5.3395653, 0.02035224, 3.7843356, 0.6488417, -0.5792665, -0.19979529, 0.4511504, 1600.5995, 1600.5995, 955.3185, 717.81195, , 
65683.066139, 002828, -5.3443003, 0.02073012, 3.7817717, 0.64931387, -0.5782892, -0.20118153, 0.45110866, 1600.5995, 1600.5995, 955.31775, 717.809, , 
65683.099477166, 002829, -5.354953, 0.021022487, 3.7754295, 0.64970577, -0.576531, -0.20452106, 0.45129305, 1601.0514, 1601.0514, 955.3158, 717.8032, , 
65683.116146, 002830, -5.3602805, 0.021217424, 3.7725408, 0.6494928, -0.5758486, -0.20654409, 0.45154956, 1601.0514, 1601.0514, 955.31494, 717.8016, , 
65683.132815208, 002831, -5.3657417, 0.021328144, 3.7695923, 0.6489541, -0.5752725, -0.20868517, 0.4520736, 1601.0514, 1601.0514, 955.314, 717.80084, , 
65683.166153333, 002832, -5.377208, 0.02152164, 3.763607, 0.64814734, -0.5740168, -0.21276748, 0.4529235, 1601.0514, 1601.0514, 955.3123, 717.799, , 
65683.182822458, 002833, -5.383416, 0.021679696, 3.7602293, 0.64803463, -0.5731482, -0.2147696, 0.4532399, 1601.0514, 1601.0514, 955.31146, 717.79736, , 
65683.216160458, 002834, -5.395861, 0.021960516, 3.754376, 0.64788085, -0.5714729, -0.2189486, 0.45357528, 1600.5995, 1600.5995, 955.3094, 717.7926, , 
65683.232829541, 002835, -5.402045, 0.022068221, 3.751583, 0.64797956, -0.5709605, -0.2206361, 0.4532618, 1600.5995, 1600.5995, 955.3085, 717.7904, , 
65683.249498625, 002836, -5.4081826, 0.022165243, 3.7488136, 0.64824396, -0.57074, -0.2219899, 0.45250005, 1600.5995, 1600.5995, 955.3075, 717.788, , 
65683.282836708, 002837, -5.4208107, 0.022221256, 3.7422266, 0.6485018, -0.5712355, -0.22358455, 0.45071647, 1600.5995, 1600.5995, 955.3053, 717.7839, , 
65683.299505791, 002838, -5.427155, 0.022110429, 3.738756, 0.6484878, -0.57183963, -0.2231635, 0.45017895, 1600.5995, 1600.5995, 955.305, 717.7838, , 
65683.316174875, 002839, -5.4335494, 0.02196649, 3.7352388, 0.64837825, -0.5726457, -0.22182189, 0.44997507, 1600.5995, 1600.5995, 955.3054, 717.78577, , 
65683.349512916, 002840, -5.446368, 0.02196819, 3.7285106, 0.6482214, -0.5746931, -0.21790999, 0.44950193, 1600.5995, 1600.5995, 955.3068, 717.79065, , 
65683.366182, 002841, -5.452493, 0.02217574, 3.7257895, 0.6483008, -0.57599866, -0.2164009, 0.44844404, 1600.5995, 1600.5995, 955.3073, 717.7928, , 
65683.399520166, 002842, -5.4638247, 0.022854578, 3.7218657, 0.648368, -0.5793522, -0.21586461, 0.44426617, 1601.0514, 1601.0514, 955.30554, 717.7928, , 
65683.416189125, 002843, -5.469698, 0.023473196, 3.7196739, 0.6480696, -0.5809554, -0.21656483, 0.4422626, 1601.0514, 1601.0514, 955.3037, 717.7926, , 
65683.432858166, 002844, -5.475789, 0.024073552, 3.7172236, 0.6474132, -0.58211124, -0.21744014, 0.44127363, 1601.0514, 1601.0514, 955.30273, 717.7934, , 
65683.466196333, 002845, -5.4886217, 0.025025591, 3.711675, 0.64543205, -0.5825206, -0.2192588, 0.44273335, 1601.0514, 1601.0514, 955.3024, 717.7974, , 
65683.4828655, 002846, -5.4950924, 0.025240231, 3.7090325, 0.6446162, -0.5818957, -0.22033027, 0.44420937, 1601.0514, 1601.0514, 955.30273, 717.7997, , 
65683.499534416, 002847, -5.501474, 0.02578618, 3.7064455, 0.6441997, -0.58103853, -0.22162464, 0.4452902, 1601.0514, 1601.0514, 955.30273, 717.7999, , 
65683.532872583, 002848, -5.5137653, 0.027294483, 3.7016642, 0.6441809, -0.5792881, -0.22457072, 0.44612122, 1601.0514, 1601.0514, 955.3018, 717.79645, , 
65683.549541625, 002849, -5.519619, 0.028053548, 3.6992857, 0.64415026, -0.57880723, -0.22576441, 0.44618735, 1601.0514, 1601.0514, 955.3014, 717.795, , 
65683.566210625, 002850, -5.525144, 0.028570075, 3.6968997, 0.6437359, -0.57874715, -0.2269093, 0.44628233, 1600.5995, 1600.5995, 955.301, 717.79443, , 
65683.59954875, 002851, -5.5354795, 0.029026475, 3.691888, 0.64146984, -0.5795497, -0.22964895, 0.44710174, 1600.5995, 1600.5995, 955.3002, 717.7981, , 
65683.616217833, 002852, -5.540548, 0.029462848, 3.689278, 0.6405003, -0.5801479, -0.23066922, 0.44719055, 1600.5995, 1600.5995, 955.29987, 717.8002, , 
65683.632886958, 002853, -5.5453577, 0.030036576, 3.6867855, 0.63996965, -0.5808156, -0.23145238, 0.4466786, 1601.0514, 1601.0514, 955.2995, 717.8013, , 
65683.666224958, 002854, -5.5543046, 0.031545985, 3.6818063, 0.6401784, -0.5819171, -0.23222767, 0.44453824, 1601.0514, 1601.0514, 955.2981, 717.80005, , 
65683.682894041, 002855, -5.558647, 0.0322428, 3.678916, 0.6404466, -0.5820946, -0.23247631, 0.44378906, 1601.0514, 1601.0514, 955.29767, 717.7986, , 
65683.699563125, 002856, -5.562885, 0.033014994, 3.6761124, 0.6403444, -0.58198106, -0.23285839, 0.443885, 1601.0514, 1601.0514, 955.2973, 717.7979, , 
65683.732901166, 002857, -5.571116, 0.03462295, 3.6705012, 0.63903743, -0.58119917, -0.23466414, 0.44583797, 1601.0514, 1601.0514, 955.29755, 717.79974, , 
65683.749570291, 002858, -5.5749884, 0.03553738, 3.6678767, 0.6382696, -0.58072877, -0.23614903, 0.44676563, 1601.0514, 1601.0514, 955.2974, 717.8009, , 
65683.766239375, 002859, -5.5786195, 0.036499508, 3.6654773, 0.63770825, -0.5802579, -0.23794425, 0.44722638, 1601.0514, 1601.0514, 955.29706, 717.80066, , 
65683.799577416, 002860, -5.5854726, 0.03862827, 3.6610982, 0.63758564, -0.57922053, -0.24131776, 0.44693825, 1601.0514, 1601.0514, 955.29553, 717.7966, , 
65683.8162465, 002861, -5.5889454, 0.03984526, 3.658851, 0.6381319, -0.5784719, -0.24218382, 0.4466597, 1601.0514, 1601.0514, 955.295, 717.79395, , 
65683.832915583, 002862, -5.5924573, 0.04106169, 3.656467, 0.638903, -0.5775098, -0.24245547, 0.4466548, 1601.0514, 1601.0514, 955.29474, 717.79114, , 
65683.866253583, 002863, -5.599293, 0.04337201, 3.6514165, 0.64051265, -0.57556754, -0.2419903, 0.44710872, 1601.0514, 1601.0514, 955.295, 717.7859, , 
65683.882922708, 002864, -5.6042595, 0.044253033, 3.6480086, 0.6413645, -0.57447946, -0.24160019, 0.44749776, 1601.0514, 1601.0514, 955.2952, 717.7838, , 
65683.899591791, 002865, -5.6080694, 0.045351528, 3.645248, 0.64230764, -0.57338226, -0.24114913, 0.44779548, 1601.0514, 1601.0514, 955.2954, 717.7815, , 
65683.93292975, 002866, -5.614548, 0.04769281, 3.6402671, 0.64420766, -0.5712531, -0.24023217, 0.4482799, 1601.0514, 1601.0514, 955.29614, 717.776, , 
65683.949598875, 002867, -5.6175346, 0.04878913, 3.637823, 0.64502335, -0.57029533, -0.23983586, 0.44853863, 1600.5995, 1600.5995, 955.2965, 717.77386, , 
65683.966267958, 002868, -5.620455, 0.049698956, 3.635334, 0.6456718, -0.56948644, -0.2394663, 0.44883066, 1600.5995, 1600.5995, 955.29694, 717.77155, , 
65683.982937083, 002869, -5.623234, 0.05043337, 3.6328154, 0.6461527, -0.56897026, -0.23913364, 0.44897056, 1600.5995, 1600.5995, 955.2972, 717.7703, , 
65684.016275083, 002870, -5.628338, 0.051782597, 3.6277244, 0.64642715, -0.5682733, -0.23931897, 0.44935936, 1600.5995, 1600.5995, 955.2974, 717.76874, , 
65684.032944166, 002871, -5.630843, 0.05230433, 3.6251442, 0.6460786, -0.5677468, -0.24035643, 0.44997177, 1600.5995, 1600.5995, 955.2973, 717.7686, , 
65684.049613291, 002872, -5.6333003, 0.052723717, 3.6225386, 0.64558685, -0.5671304, -0.24176149, 0.4507018, 1600.5995, 1600.5995, 955.29706, 717.76843, , 
65684.082951291, 002873, -5.6390424, 0.053224787, 3.6168227, 0.64457166, -0.56571877, -0.24451688, 0.4524391, 1600.5995, 1600.5995, 955.2967, 717.7685, , 
65684.099620375, 002874, -5.641669, 0.053307604, 3.613931, 0.6438705, -0.56497467, -0.2458019, 0.4536694, 1600.5995, 1600.5995, 955.2967, 717.7691, , 
65684.116289458, 002875, -5.644131, 0.053314295, 3.611041, 0.6430644, -0.56426597, -0.24713643, 0.4549678, 1600.5995, 1600.5995, 955.2967, 717.77026, , 
65684.149627625, 002876, -5.6488976, 0.05320013, 3.605314, 0.6411363, -0.5626821, -0.2507619, 0.45765868, 1601.0514, 1601.0514, 955.2966, 717.77203, , 
65684.166296541, 002877, -5.6512833, 0.053145353, 3.6025734, 0.6401089, -0.5616757, -0.25334188, 0.45891047, 1601.0514, 1601.0514, 955.296, 717.7721, , 
65684.182965625, 002878, -5.654273, 0.053401258, 3.5999475, 0.6390743, -0.5604892, -0.2566035, 0.45998964, 1601.0514, 1601.0514, 955.2954, 717.7714, , 
65684.216303833, 002879, -5.6598706, 0.053666387, 3.594208, 0.6367714, -0.55787295, -0.26311624, 0.46267655, 1601.0514, 1601.0514, 955.2941, 717.76984, , 
65684.232972708, 002880, -5.662915, 0.05380229, 3.5910623, 0.6355597, -0.5563406, -0.26580563, 0.4646465, 1601.0514, 1601.0514, 955.2938, 717.7701, , 
65684.249641875, 002881, -5.6660986, 0.054028522, 3.587922, 0.6345424, -0.5546971, -0.26816168, 0.4666436, 1601.0514, 1601.0514, 955.2938, 717.77026, , 
65684.28298, 002882, -5.6725497, 0.055281024, 3.58213, 0.6335265, -0.5514823, -0.27228332, 0.46943924, 1601.0514, 1601.0514, 955.2936, 717.768, , 
65684.299649083, 002883, -5.6757956, 0.05582558, 3.5792468, 0.633121, -0.5496547, -0.27442512, 0.47088015, 1601.0514, 1601.0514, 955.29346, 717.76636, , 
65684.316318041, 002884, -5.679057, 0.056298215, 3.5763505, 0.6326179, -0.54774237, -0.27665657, 0.47247642, 1601.0514, 1601.0514, 955.29333, 717.7649, , 
65684.34965625, 002885, -5.68543, 0.057193886, 3.570641, 0.6316666, -0.544197, -0.28104183, 0.47524962, 1601.0514, 1601.0514, 955.2931, 717.7614, , 
65684.366325333, 002886, -5.68835, 0.057610225, 3.5679889, 0.63110846, -0.5423466, -0.28334993, 0.47673365, 1601.0514, 1601.0514, 955.29297, 717.75995, , 
65684.382994291, 002887, -5.691211, 0.058002513, 3.565353, 0.6304245, -0.5405093, -0.28570443, 0.47831747, 1601.0514, 1601.0514, 955.29285, 717.7588, , 
65684.416332458, 002888, -5.6973515, 0.05874457, 3.5596979, 0.62905264, -0.5369512, -0.29001194, 0.481528, 1601.0514, 1601.0514, 955.2928, 717.7567, , 
65684.4330015, 002889, -5.7003665, 0.059135612, 3.556939, 0.62839514, -0.53510076, -0.29232588, 0.4830447, 1601.0514, 1601.0514, 955.29266, 717.7556, , 
65684.449670625, 002890, -5.703237, 0.059543107, 3.554346, 0.62776464, -0.5333245, -0.29494837, 0.4842334, 1601.0514, 1601.0514, 955.2924, 717.7534, , 
65684.466339583, 002891, -5.7064443, 0.05978376, 3.5517216, 0.62728554, -0.531496, -0.2977807, 0.4851304, 1601.0514, 1601.0514, 955.29193, 717.7509, , 
65684.49967775, 002892, -5.7126594, 0.060284246, 3.5470707, 0.62664115, -0.527315, -0.30391932, 0.48671636, 1601.0514, 1601.0514, 955.2909, 717.7428, , 
65684.516346791, 002893, -5.7155504, 0.06054571, 3.5450401, 0.6262449, -0.5251659, -0.3071111, 0.48754558, 1601.0514, 1601.0514, 955.2904, 717.73914, , 
65684.53301575, 002894, -5.7184825, 0.06069967, 3.543034, 0.6257092, -0.5230163, -0.30998933, 0.48872137, 1601.0514, 1601.0514, 955.2901, 717.73615, , 
65684.566353875, 002895, -5.7245936, 0.06064583, 3.5389006, 0.6245495, -0.518869, -0.31401908, 0.49204177, 1601.0514, 1601.0514, 955.2902, 717.73254, , 
65684.583023041, 002896, -5.7276587, 0.06052782, 3.5368845, 0.6242383, -0.5171033, -0.31493902, 0.49370456, 1601.0514, 1601.0514, 955.2905, 717.73206, , 
65684.599692041, 002897, -5.73054, 0.060488526, 3.535128, 0.62411344, -0.5156962, -0.31536782, 0.4950586, 1601.0514, 1601.0514, 955.29126, 717.7318, , 
65684.633030125, 002898, -5.7356176, 0.0604725, 3.5322034, 0.62388355, -0.5144251, -0.31541064, 0.49664104, 1601.0514, 1601.0514, 955.2918, 717.73224, , 
65684.64969925, 002899, -5.7379107, 0.06048764, 3.5310023, 0.6235706, -0.51440114, -0.31545728, 0.49702892, 1601.0514, 1601.0514, 955.29193, 717.73303, , 
65684.666368291, 002900, -5.7401114, 0.060270693, 3.529468, 0.62308484, -0.5146687, -0.31552732, 0.4973167, 1601.0514, 1601.0514, 955.29193, 717.73456, , 
65684.699706291, 002901, -5.7443666, 0.059911463, 3.5268998, 0.6219864, -0.5153998, -0.3152284, 0.49812347, 1601.0514, 1601.0514, 955.29193, 717.73816, , 
65684.716375416, 002902, -5.746381, 0.05986343, 3.526033, 0.6217267, -0.5157107, -0.31496248, 0.49829412, 1601.0514, 1601.0514, 955.29205, 717.7402, , 
65684.733044458, 002903, -5.748257, 0.059921335, 3.5254462, 0.6219125, -0.51597524, -0.31477037, 0.49790967, 1601.0514, 1601.0514, 955.29205, 717.74023, , 
65684.766382541, 002904, -5.752037, 0.05970836, 3.5244443, 0.623787, -0.5165712, -0.31394386, 0.49546236, 1601.0514, 1601.0514, 955.2916, 717.7354, , 
65684.783051583, 002905, -5.753806, 0.05957285, 3.5240006, 0.6252364, -0.5167701, -0.31255472, 0.49430522, 1601.0514, 1601.0514, 955.2918, 717.73303, , 
65684.799720666, 002906, -5.7554555, 0.059477355, 3.5236166, 0.62679756, -0.51688033, -0.31062245, 0.4934299, 1601.0514, 1601.0514, 955.2922, 717.73114, , 
65684.816389708, 002907, -5.7569304, 0.059425812, 3.523369, 0.6283448, -0.51711786, -0.30866042, 0.49244344, 1601.0514, 1601.0514, 955.29285, 717.7289, , 
65684.849727791, 002908, -5.7592363, 0.059336085, 3.5232625, 0.6309977, -0.5184406, -0.30509377, 0.48987648, 1601.0514, 1601.0514, 955.29333, 717.7258, , 
65684.866396875, 002909, -5.760506, 0.058620464, 3.523454, 0.63196176, -0.5192496, -0.30309078, 0.48901966, 1601.0514, 1601.0514, 955.2938, 717.7256, , 
65684.883066, 002910, -5.7616515, 0.05797908, 3.5237265, 0.63270867, -0.52016634, -0.30107588, 0.4883237, 1600.5995, 1600.5995, 955.2941, 717.7262, , 
65684.916404041, 002911, -5.7632456, 0.05754566, 3.5245554, 0.6334044, -0.5227953, -0.29823497, 0.48635352, 1600.5995, 1600.5995, 955.2941, 717.72833, , 
65684.933073041, 002912, -5.7639103, 0.05741017, 3.525107, 0.63343555, -0.52440524, -0.29709938, 0.48527354, 1601.0514, 1601.0514, 955.29395, 717.72974, , 
65684.949742166, 002913, -5.764624, 0.057256732, 3.525712, 0.6334293, -0.525853, -0.29598188, 0.4843973, 1601.0514, 1601.0514, 955.2938, 717.7313, , 
65684.983080166, 002914, -5.765991, 0.05669101, 3.526983, 0.63328826, -0.5278186, -0.2946083, 0.4832799, 1601.0514, 1601.0514, 955.29346, 717.73425, , 
65684.99974925, 002915, -5.766857, 0.05639195, 3.5277119, 0.6333259, -0.52836865, -0.29404256, 0.48297387, 1601.0514, 1601.0514, 955.29346, 717.735, , 
65685.016418375, 002916, -5.767756, 0.05605341, 3.5284934, 0.63361865, -0.52865636, -0.293271, 0.48274413, 1601.0514, 1601.0514, 955.2936, 717.73535, , 
65685.0497565, 002917, -5.7694426, 0.055155974, 3.5302556, 0.63474464, -0.5286783, -0.29099932, 0.4826156, 1600.5995, 1600.5995, 955.2944, 717.7352, , 
65685.0664255, 002918, -5.770064, 0.05453724, 3.5311508, 0.63529396, -0.5287245, -0.28963888, 0.48266056, 1600.5995, 1600.5995, 955.29486, 717.7355, , 
65685.0830945, 002919, -5.769752, 0.053981993, 3.5322123, 0.6357738, -0.5289255, -0.28819168, 0.48267475, 1600.5995, 1600.5995, 955.2954, 717.7359, , 
65685.11643275, 002920, -5.769219, 0.052233916, 3.5340154, 0.6368093, -0.5300259, -0.2846857, 0.48218298, 1600.5995, 1600.5995, 955.2965, 717.7379, , 
65685.133101625, 002921, -5.7684608, 0.051191833, 3.534877, 0.6376098, -0.5311747, -0.28230688, 0.4812587, 1601.0514, 1601.0514, 955.29694, 717.73883, , 
65685.14977075, 002922, -5.76727, 0.050055232, 3.5356894, 0.6386229, -0.5328107, -0.27937788, 0.47981408, 1601.0514, 1601.0514, 955.29755, 717.7399, , 
65685.183108875, 002923, -5.7640786, 0.046921235, 3.5366957, 0.6406305, -0.53725564, -0.27196875, 0.47642618, 1601.0514, 1601.0514, 955.29846, 717.74335, , 
65685.199777916, 002924, -5.7620425, 0.045052644, 3.5369163, 0.64153165, -0.53964096, -0.26747295, 0.47506085, 1601.0514, 1601.0514, 955.2995, 717.7473, , 
65685.216446958, 002925, -5.759631, 0.042991523, 3.537046, 0.6425785, -0.5420139, -0.2623001, 0.4738275, 1601.0514, 1601.0514, 955.30066, 717.75073, , 
65685.233116041, 002926, -5.756807, 0.040684815, 3.5371332, 0.6437254, -0.544487, -0.2566702, 0.47251654, 1600.5995, 1600.5995, 955.3022, 717.7544, , 
65685.266454166, 002927, -5.749714, 0.034865085, 3.5373845, 0.6457883, -0.5498698, -0.24524647, 0.46952614, 1600.5995, 1600.5995, 955.3058, 717.76337, , 
65685.283123083, 002928, -5.745738, 0.0318291, 3.5376594, 0.6469659, -0.55254036, -0.2395018, 0.46773186, 1600.5995, 1600.5995, 955.3073, 717.7668, , 
65685.31646125, 002929, -5.736984, 0.025490042, 3.5384402, 0.65014577, -0.5579538, -0.2267641, 0.46322355, 1601.0514, 1601.0514, 955.3112, 717.7726, , 
65685.333130333, 002930, -5.732214, 0.022190753, 3.538734, 0.651777, -0.5610534, -0.2198311, 0.46052167, 1600.5995, 1600.5995, 955.313, 717.775, , 
65685.349799208, 002931, -5.7271996, 0.018805444, 3.5388384, 0.6532457, -0.5644454, -0.21254146, 0.45770907, 1600.5995, 1600.5995, 955.3157, 717.7791, , 
65685.366468375, 002932, -5.7217627, 0.015292782, 3.5383697, 0.6545416, -0.56807745, -0.2047657, 0.45490023, 1600.5995, 1600.5995, 955.3179, 717.7829, , 
65685.399806583, 002933, -5.7101974, 0.008747969, 3.5376945, 0.6576415, -0.57602227, -0.1884826, 0.44741514, 1601.0514, 1601.0514, 955.32214, 717.7895, , 
65685.416475666, 002934, -5.7040377, 0.0059795007, 3.5377502, 0.65969044, -0.5803377, -0.18064247, 0.44202366, 1601.0514, 1601.0514, 955.3238, 717.791, , 
65685.433144541, 002935, -5.6976957, 0.0035233346, 3.5378857, 0.6619658, -0.5846522, -0.17306075, 0.4359278, 1601.0514, 1601.0514, 955.3243, 717.79047, , 
65685.46648275, 002936, -5.6846433, -0.0008164199, 3.5380375, 0.6668456, -0.59260464, -0.15767786, 0.4234079, 1600.5995, 1600.5995, 955.3252, 717.78687, , 
65685.483151833, 002937, -5.677911, -0.0028351615, 3.5379303, 0.6693135, -0.59633076, -0.14920375, 0.41730952, 1600.5995, 1600.5995, 955.3261, 717.7853, , 
65685.499820833, 002938, -5.6710324, -0.0047833323, 3.5376222, 0.67161983, -0.6000532, -0.14001976, 0.4114091, 1600.5995, 1600.5995, 955.32764, 717.7841, , 
65685.533158916, 002939, -5.656531, -0.008659948, 3.53672, 0.6749935, -0.60782504, -0.12138212, 0.40024838, 1600.5995, 1600.5995, 955.33203, 717.7848, , 
65685.549828083, 002940, -5.6488647, -0.010596921, 3.5362606, 0.6760525, -0.611975, -0.1123839, 0.3947267, 1600.5995, 1600.5995, 955.3339, 717.7865, , 
65685.566497125, 002941, -5.640603, -0.012290087, 3.5358014, 0.676921, -0.61627287, -0.10330137, 0.38899168, 1601.0514, 1601.0514, 955.33624, 717.7892, , 
65685.599835125, 002942, -5.623497, -0.015933942, 3.5350144, 0.67793214, -0.6254542, -0.08402487, 0.377034, 1600.5995, 1600.5995, 955.3402, 717.7948, , 
65685.616504208, 002943, -5.6146507, -0.017917935, 3.5347655, 0.67796874, -0.6303862, -0.07418748, 0.3707666, 1600.5995, 1600.5995, 955.34296, 717.79974, , 
65685.649842166, 002944, -5.596302, -0.021970037, 3.5348217, 0.6776437, -0.6404136, -0.054728866, 0.3573151, 1600.5995, 1600.5995, 955.34656, 717.8075, , 
65685.66651125, 002945, -5.5868816, -0.023971789, 3.5351841, 0.6775136, -0.6453425, -0.045235384, 0.34994575, 1600.5995, 1600.5995, 955.3483, 717.8115, , 
65685.683180375, 002946, -5.5775757, -0.02549633, 3.5357947, 0.6774311, -0.65009105, -0.035774365, 0.3423286, 1600.5995, 1600.5995, 955.34937, 717.8139, , 
65685.716518541, 002947, -5.5584726, -0.029476212, 3.536662, 0.67658085, -0.65907395, -0.016335601, 0.3280137, 1600.5995, 1600.5995, 955.35266, 717.8194, , 
65685.733187458, 002948, -5.548842, -0.031624258, 3.5369651, 0.6758534, -0.6632074, -0.006557757, 0.3214579, 1600.5995, 1600.5995, 955.3558, 717.8237, , 
65685.749856583, 002949, -5.5391316, -0.033751257, 3.537282, 0.67509145, -0.66715306, 0.0033206106, 0.31487644, 1600.5995, 1600.5995, 955.35834, 717.8267, , 
65685.783194666, 002950, -5.518834, -0.03749142, 3.538096, 0.67364764, -0.6747093, 0.023541428, 0.30068567, 1600.5995, 1600.5995, 955.36426, 717.8317, , 
65685.799863708, 002951, -5.5085864, -0.039224222, 3.538801, 0.6729376, -0.67849845, 0.034014158, 0.29263943, 1600.5995, 1600.5995, 955.36633, 717.83295, , 
65685.833201833, 002952, -5.487807, -0.042322055, 3.5406868, 0.67102504, -0.68621767, 0.055275727, 0.275273, 1600.5995, 1600.5995, 955.36993, 717.8351, , 
65685.849870958, 002953, -5.477327, -0.04360716, 3.5418205, 0.6698811, -0.68992525, 0.066051744, 0.26626977, 1600.5995, 1600.5995, 955.37225, 717.8363, , 
65685.866540041, 002954, -5.466699, -0.044725213, 3.542974, 0.6686342, -0.69344765, 0.07684337, 0.2572038, 1600.5995, 1600.5995, 955.3739, 717.837, , 
65685.899878041, 002955, -5.4456124, -0.046149626, 3.5461519, 0.66627, -0.69971454, 0.09761732, 0.23865193, 1600.1476, 1600.1476, 955.3771, 717.8366, , 
65685.916547041, 002956, -5.4351687, -0.046460688, 3.548249, 0.6651786, -0.702524, 0.10735752, 0.22906725, 1600.1476, 1600.1476, 955.3775, 717.8356, , 
65685.949885125, 002957, -5.414362, -0.046550874, 3.5532556, 0.66275585, -0.70780843, 0.12615578, 0.20939597, 1600.5995, 1600.5995, 955.37726, 717.83264, , 
65685.966554208, 002958, -5.403991, -0.04643656, 3.556233, 0.6613478, -0.7103096, 0.13536027, 0.19939087, 1600.1476, 1600.1476, 955.37695, 717.8314, , 
65685.983223291, 002959, -5.3936768, -0.046247303, 3.559397, 0.659828, -0.7126525, 0.14454003, 0.1893713, 1597.8881, 1597.8881, 955.3766, 717.8302, , 
65686.016561375, 002960, -5.3732195, -0.04581903, 3.5660362, 0.6565429, -0.7167182, 0.16260004, 0.16978697, 1597.8881, 1597.8881, 955.37585, 717.8272, , 
65686.033230375, 002961, -5.363034, -0.045666203, 3.5695596, 0.6548036, -0.7184406, 0.17142949, 0.16027257, 1597.8881, 1597.8881, 955.3757, 717.8258, , 
65686.049899458, 002962, -5.3528523, -0.045605645, 3.5731912, 0.65291375, -0.72005856, 0.18012784, 0.15090801, 1600.1476, 1600.1476, 955.3754, 717.82404, , 
65686.066568541, 002963, -5.342641, -0.04567896, 3.5768855, 0.6508376, -0.7215883, 0.18868403, 0.14184098, 1600.1476, 1600.1476, 955.3754, 717.823, , 
65686.083237666, 002964, -5.332448, -0.045832198, 3.5806508, 0.6486004, -0.722985, 0.1973292, 0.13293348, 1600.5995, 1600.5995, 955.3758, 717.82214, , 
65686.0999065, 002965, -5.3222823, -0.0460556, 3.5844793, 0.64618653, -0.7242853, 0.20600323, 0.124162465, 1600.5995, 1600.5995, 955.37646, 717.82104, , 
65686.133244791, 002966, -5.3019533, -0.046750214, 3.592231, 0.64070964, -0.7268125, 0.22300322, 0.10725788, 1602.859, 1602.859, 955.3781, 717.82086, , 
65686.149913833, 002967, -5.2918243, -0.04716454, 3.596163, 0.6377399, -0.7279801, 0.23130228, 0.09915706, 1602.859, 1602.859, 955.37915, 717.82117, , 
65686.183251875, 002968, -5.2716746, -0.048027657, 3.6049492, 0.631784, -0.7300487, 0.24702117, 0.082814775, 1605.1185, 1605.1185, 955.3811, 717.82184, , 
65686.199920958, 002969, -5.261715, -0.04830392, 3.6092968, 0.6287887, -0.7309486, 0.2545098, 0.074588284, 1605.1185, 1605.1185, 955.3816, 717.822, , 
65686.21659, 002970, -5.2518167, -0.04847977, 3.6136298, 0.62578213, -0.73178035, 0.2616808, 0.066463016, 1605.1185, 1605.1185, 955.38184, 717.82245, , 
65686.249928041, 002971, -5.2321, -0.04856455, 3.6222396, 0.61959004, -0.733308, 0.27525157, 0.051030707, 1607.378, 1607.378, 955.3824, 717.82355, , 
65686.266597083, 002972, -5.222139, -0.048485443, 3.626672, 0.6164389, -0.73414797, 0.28125462, 0.043880075, 1607.378, 1607.378, 955.383, 717.8254, , 
65686.283266208, 002973, -5.212343, -0.048241224, 3.6311748, 0.61353254, -0.7348843, 0.2866747, 0.036612142, 1607.378, 1607.378, 955.38275, 717.8268, , 
65686.316604375, 002974, -5.1935105, -0.04729365, 3.6401877, 0.6085092, -0.7357554, 0.29650074, 0.021631839, 1611.8971, 1611.8971, 955.37994, 717.8281, , 
65686.333273333, 002975, -5.1842957, -0.046742372, 3.644599, 0.60612315, -0.73606634, 0.30102274, 0.014363915, 1611.8971, 1611.8971, 955.37866, 717.82855, , 
65686.349942375, 002976, -5.1751976, -0.046196356, 3.6489093, 0.60380816, -0.73628277, 0.3053712, 0.0071994243, 1611.8971, 1611.8971, 955.37714, 717.82904, , 
65686.383280583, 002977, -5.1566668, -0.045159087, 3.6564367, 0.59939694, -0.73632467, 0.313851, -0.006842947, 1607.83, 1607.83, 955.37366, 717.8293, , 
65686.399949416, 002978, -5.1478, -0.0447215, 3.6600087, 0.59719694, -0.73610485, 0.31831, -0.013568423, 1607.83, 1607.83, 955.3724, 717.8289, , 
65686.416618541, 002979, -5.139046, -0.044357944, 3.6633234, 0.5948592, -0.73579854, 0.32302654, -0.019921431, 1607.83, 1607.83, 955.37146, 717.82825, , 
65686.449956708, 002980, -5.121739, -0.04382984, 3.6691043, 0.5899628, -0.73520666, 0.3323074, -0.03141187, 1607.83, 1607.83, 955.3712, 717.8277, , 
65686.466625791, 002981, -5.1128883, -0.04361602, 3.6713722, 0.58777285, -0.73498714, 0.33613852, -0.03643847, 1607.83, 1607.83, 955.3711, 717.8278, , 
65686.483294708, 002982, -5.1042686, -0.043346025, 3.6733477, 0.5859342, -0.73469234, 0.33944863, -0.041021805, 1607.83, 1607.83, 955.37054, 717.82776, , 
65686.516632916, 002983, -5.0879917, -0.04253894, 3.6765168, 0.58315146, -0.7339033, 0.34489194, -0.048681203, 1607.83, 1607.83, 955.3696, 717.8268, , 
65686.533302, 002984, -5.08016, -0.042005297, 3.6776843, 0.5821379, -0.73348343, 0.34701064, -0.051972896, 1607.83, 1607.83, 955.36865, 717.82587, , 
65686.549970916, 002985, -5.0725374, -0.041363955, 3.6786184, 0.5814347, -0.73299485, 0.3487192, -0.055200174, 1607.83, 1607.83, 955.3676, 717.82495, , 
65686.583309041, 002986, -5.056887, -0.041219227, 3.6794431, 0.58038473, -0.7323808, 0.3507877, -0.0609893, 1607.83, 1607.83, 955.3649, 717.82367, , 
65686.599978166, 002987, -5.049283, -0.040780112, 3.679436, 0.5796979, -0.73261017, 0.35107017, -0.06310583, 1608.2819, 1608.2819, 955.3636, 717.82495, , 
65686.61664725, 002988, -5.0417767, -0.040242895, 3.6790602, 0.57888585, -0.733119, 0.35106847, -0.06464204, 1608.2819, 1608.2819, 955.363, 717.827, , 
65686.649985333, 002989, -5.027374, -0.03885071, 3.6772408, 0.5774748, -0.7339551, 0.351227, -0.06687628, 1608.2819, 1608.2819, 955.3625, 717.83167, , 
65686.666654333, 002990, -5.0206594, -0.037593573, 3.675569, 0.57699907, -0.73390174, 0.3518916, -0.068063855, 1608.2819, 1608.2819, 955.3623, 717.8322, , 
65686.683323416, 002991, -5.014297, -0.03625147, 3.6737385, 0.5766742, -0.7334643, 0.35305297, -0.06950198, 1608.2819, 1608.2819, 955.36194, 717.8316, , 
65686.699992375, 002992, -5.008268, -0.035040595, 3.6719608, 0.5765819, -0.7327227, 0.35439175, -0.07125479, 1608.2819, 1608.2819, 955.3612, 717.8292, , 
65686.733330541, 002993, -4.996944, -0.03277492, 3.6680357, 0.57717913, -0.730705, 0.35677546, -0.07513772, 1608.2819, 1608.2819, 955.35876, 717.82355, , 
65686.749999625, 002994, -4.9914412, -0.031720825, 3.6657693, 0.5776525, -0.72963357, 0.35783675, -0.07684431, 1607.83, 1607.83, 955.35706, 717.81915, , 
65686.766668541, 002995, -4.9858513, -0.030868208, 3.6616623, 0.57816446, -0.7287375, 0.35855934, -0.07811927, 1607.83, 1607.83, 955.3559, 717.8163, , 
65686.800006666, 002996, -4.9746933, -0.029202152, 3.6552591, 0.57947534, -0.7277576, 0.35810152, -0.07962677, 1607.378, 1607.378, 955.3531, 717.8124, , 
65686.816675833, 002997, -4.969103, -0.028365064, 3.6520228, 0.5802187, -0.72749597, 0.35735404, -0.07996165, 1605.1185, 1605.1185, 955.3519, 717.8114, , 
65686.833344875, 002998, -4.96354, -0.027477719, 3.64863, 0.5809636, -0.7272696, 0.35656255, -0.08014539, 1605.5704, 1605.5704, 955.3509, 717.81055, , 
65686.850013791, 002999, -4.95802, -0.026535813, 3.64506, 0.58175945, -0.7271607, 0.3554506, -0.080300346, 1605.5704, 1605.5704, 955.34937, 717.80975, , 
65686.883352, 003000, -4.9470534, -0.0243925, 3.6360657, 0.5833197, -0.7274813, 0.35214964, -0.080620885, 1603.3109, 1603.3109, 955.3465, 717.8104, , 
65686.900021, 003001, -4.941648, -0.02318503, 3.6316514, 0.5839755, -0.7278003, 0.35034427, -0.08085911, 1603.3109, 1603.3109, 955.3452, 717.8114, , 
65686.916689958, 003002, -4.936323, -0.021853507, 3.6271462, 0.5847085, -0.7281028, 0.34839588, -0.08125566, 1603.3109, 1603.3109, 955.3432, 717.81274, , 
65686.950028125, 003003, -4.925987, -0.018854342, 3.6176615, 0.58692825, -0.7282589, 0.343912, -0.082937144, 1601.5033, 1601.5033, 955.33905, 717.81384, , 
65686.96669725, 003004, -4.9209127, -0.017248522, 3.6126297, 0.5883985, -0.7279956, 0.34164214, -0.08420295, 1601.0514, 1601.0514, 955.3356, 717.8131, , 
65686.983366375, 003005, -4.9155326, -0.015592363, 3.6068006, 0.5899425, -0.7276341, 0.33945, -0.08538191, 1601.0514, 1601.0514, 955.3329, 717.8121, , 
65687.016704333, 003006, -4.904925, -0.012578003, 3.5950036, 0.59327805, -0.72679085, 0.33495504, -0.08718553, 1599.2438, 1599.2438, 955.327, 717.80896, , 
65687.033373458, 003007, -4.89962, -0.011177048, 3.5888078, 0.59518963, -0.72619754, 0.3326396, -0.08796174, 1599.2438, 1599.2438, 955.3246, 717.807, , 
65687.050042541, 003008, -4.8943257, -0.00984754, 3.5824327, 0.59741306, -0.7253875, 0.33021092, -0.08871996, 1598.7919, 1598.7919, 955.3221, 717.80444, , 
65687.066711458, 003009, -4.8889523, -0.0090768635, 3.575734, 0.5999704, -0.72436416, 0.32764393, -0.089339174, 1598.7919, 1598.7919, 955.3185, 717.79974, , 
65687.100049666, 003010, -4.8781705, -0.0077569485, 3.5617075, 0.60595113, -0.7217386, 0.32233667, -0.08953058, 1596.9843, 1596.9843, 955.3131, 717.79034, , 
65687.116718708, 003011, -4.8726993, -0.0072507337, 3.5542831, 0.60917956, -0.7201804, 0.31995472, -0.088709734, 1596.9843, 1596.9843, 955.31006, 717.7824, , 
65687.13338775, 003012, -4.8670883, -0.006987669, 3.546516, 0.61233985, -0.7185067, 0.31813696, -0.08704494, 1596.9843, 1596.9843, 955.3086, 717.77576, , 
65687.16672575, 003013, -4.8544154, -0.0077365264, 3.5292296, 0.6181028, -0.71499985, 0.3164023, -0.08132494, 1593.369, 1593.369, 955.3075, 717.7588, , 
65687.183394875, 003014, -4.847508, -0.008658085, 3.5199952, 0.6206168, -0.7132577, 0.31631774, -0.07772574, 1593.369, 1593.369, 955.308, 717.75134, , 
65687.200063958, 003015, -4.8410735, -0.009538576, 3.5112853, 0.62284184, -0.7115594, 0.31660393, -0.0742508, 1593.369, 1593.369, 955.3088, 717.74426, , 
65687.233401916, 003016, -4.8287725, -0.011260778, 3.4951136, 0.6268429, -0.7083293, 0.31686413, -0.070245855, 1602.4071, 1602.4071, 955.30994, 717.7293, , 
65687.250071041, 003017, -4.8225093, -0.012034439, 3.487555, 0.62852424, -0.7072688, 0.3159877, -0.06985594, 1602.859, 1602.859, 955.3094, 717.7248, , 
65687.266740166, 003018, -4.815044, -0.012842584, 3.4792836, 0.62924695, -0.7073011, 0.31463274, -0.06913481, 1602.859, 1602.859, 955.3087, 717.7232, , 
65687.300078166, 003019, -4.799463, -0.014119312, 3.4626875, 0.6269364, -0.7104363, 0.31315303, -0.06454477, 1602.4071, 1602.4071, 955.3108, 717.73193, , 
65687.31674725, 003020, -4.7919188, -0.014347866, 3.4544935, 0.6247695, -0.712475, 0.3134624, -0.061510585, 1602.4071, 1602.4071, 955.3131, 717.7384, , 
65687.333416333, 003021, -4.7846656, -0.014222901, 3.4463603, 0.6225845, -0.71423846, 0.31434438, -0.05864753, 1602.4071, 1602.4071, 955.3158, 717.74426, , 
65687.366754333, 003022, -4.7711005, -0.013310544, 3.4304633, 0.6188808, -0.71693885, 0.31641996, -0.053512238, 1602.4071, 1602.4071, 955.32227, 717.7548, , 
65687.383423458, 003023, -4.7648754, -0.01260107, 3.422761, 0.6176794, -0.71792984, 0.31685552, -0.051491536, 1602.4071, 1602.4071, 955.3246, 717.7582, , 
65687.400092458, 003024, -4.7591577, -0.011594832, 3.4152493, 0.6171252, -0.7185511, 0.31671998, -0.05029211, 1602.4071, 1602.4071, 955.32623, 717.7612, , 
65687.433430666, 003025, -4.7486687, -0.0092323795, 3.400991, 0.6175707, -0.71874285, 0.31543717, -0.050144363, 1602.4071, 1602.4071, 955.32587, 717.76227, , 
65687.450099541, 003026, -4.7435412, -0.008083992, 3.3941576, 0.6180994, -0.7186668, 0.31450003, -0.050605454, 1602.4071, 1602.4071, 955.3247, 717.76184, , 
65687.466768708, 003027, -4.7379737, -0.0073344857, 3.3873887, 0.6184676, -0.7187387, 0.3135337, -0.051078744, 1602.4071, 1602.4071, 955.3238, 717.76184, , 
65687.500106875, 003028, -4.7264357, -0.005975835, 3.3739684, 0.6183551, -0.7194712, 0.31209546, -0.050935283, 1602.4071, 1602.4071, 955.323, 717.7642, , 
65687.516775791, 003029, -4.7206087, -0.005247798, 3.367137, 0.61809325, -0.71991724, 0.31174037, -0.04997726, 1602.4071, 1602.4071, 955.32336, 717.7656, , 
65687.533444875, 003030, -4.7147837, -0.0045414716, 3.3602448, 0.61780894, -0.7203468, 0.31154948, -0.048470873, 1602.4071, 1602.4071, 955.3243, 717.7669, , 
65687.550113958, 003031, -4.7090387, -0.003877703, 3.353342, 0.6176695, -0.7207171, 0.3112707, -0.04649364, 1602.4071, 1602.4071, 955.3258, 717.7682, , 
65687.583452125, 003032, -4.6974835, -0.0032810387, 3.3399804, 0.6182538, -0.7211113, 0.3098642, -0.041768964, 1602.4071, 1602.4071, 955.32776, 717.76874, , 
65687.600121, 003033, -4.6923213, -0.0028508492, 3.3333209, 0.619095, -0.72103554, 0.30867726, -0.039336022, 1602.4071, 1602.4071, 955.32855, 717.7679, , 
65687.616790125, 003034, -4.6873136, -0.0025482774, 3.3266804, 0.6201222, -0.72090834, 0.30722272, -0.036794364, 1600.1476, 1600.1476, 955.3289, 717.7669, , 
65687.650128333, 003035, -4.6772532, -0.0026004096, 3.3130698, 0.6222439, -0.7209071, 0.30361727, -0.030362794, 1600.1476, 1600.1476, 955.32996, 717.76556, , 
65687.666797208, 003036, -4.6717625, -0.0032812546, 3.3058126, 0.6232078, -0.72103995, 0.30171064, -0.02615207, 1600.1476, 1600.1476, 955.3315, 717.7653, , 
65687.683466333, 003037, -4.6662393, -0.004059438, 3.2983637, 0.62423724, -0.72101164, 0.30001685, -0.02144269, 1597.8881, 1597.8881, 955.333, 717.7649, , 
65687.7168045, 003038, -4.6554813, -0.0054756813, 3.283148, 0.62668365, -0.720072, 0.29770997, -0.011512784, 1597.8881, 1597.8881, 955.33777, 717.7609, , 
65687.7334735, 003039, -4.650017, -0.0062703863, 3.275347, 0.6279745, -0.71938956, 0.2967918, -0.0064254142, 1597.8881, 1597.8881, 955.3402, 717.7584, , 
65687.750142416, 003040, -4.6444454, -0.0071502402, 3.2674837, 0.62919027, -0.7187928, 0.29572707, -0.0013985211, 1595.6285, 1595.6285, 955.34265, 717.7562, , 
65687.783480666, 003041, -4.632419, -0.010195177, 3.2523277, 0.63176095, -0.7178676, 0.29237285, 0.007891311, 1595.6285, 1595.6285, 955.34717, 717.7523, , 
65687.800149708, 003042, -4.626587, -0.011274274, 3.2444623, 0.63322914, -0.71752244, 0.28987378, 0.012468358, 1595.6285, 1595.6285, 955.34845, 717.7512, , 
65687.816818625, 003043, -4.620699, -0.01232706, 3.236516, 0.63475597, -0.7172952, 0.28684092, 0.017167032, 1593.369, 1593.369, 955.34973, 717.75037, , 
65687.833487708, 003044, -4.6147194, -0.013390049, 3.2284994, 0.6363286, -0.7171848, 0.28328577, 0.021934647, 1593.369, 1593.369, 955.3504, 717.7503, , 
65687.866825875, 003045, -4.6029572, -0.01605741, 3.2124124, 0.64014506, -0.71679515, 0.27462238, 0.03164322, 1593.369, 1593.369, 955.35065, 717.75, , 
65687.883494958, 003046, -4.5970697, -0.01762404, 3.204261, 0.64226294, -0.716481, 0.26981983, 0.036751315, 1589.7538, 1589.7538, 955.3504, 717.7495, , 
65687.900163875, 003047, -4.5908318, -0.018938694, 3.195832, 0.64426816, -0.7162278, 0.26486972, 0.04219186, 1589.7538, 1589.7538, 955.3504, 717.7493, , 
65687.933502083, 003048, -4.57791, -0.021439645, 3.1785061, 0.64791524, -0.71579605, 0.25491065, 0.053501952, 1589.7538, 1589.7538, 955.3509, 717.7503, , 
65687.950171208, 003049, -4.5714374, -0.022600774, 3.1697905, 0.6497522, -0.7153678, 0.25022945, 0.058789924, 1594.7247, 1594.7247, 955.35114, 717.7503, , 
65687.966840041, 003050, -4.564838, -0.023597796, 3.161224, 0.6516978, -0.7146832, 0.2459118, 0.06360246, 1594.7247, 1594.7247, 955.35114, 717.74963, , 
65687.983509208, 003051, -4.5584407, -0.024433274, 3.1526127, 0.6538281, -0.7136922, 0.24196233, 0.067871064, 1594.7247, 1594.7247, 955.3509, 717.747, , 
65688.016847291, 003052, -4.5455475, -0.02570659, 3.1349826, 0.6579849, -0.71145815, 0.23451056, 0.07673262, 1594.7247, 1594.7247, 955.35077, 717.74176, , 
65688.033516458, 003053, -4.5389743, -0.026254755, 3.1256163, 0.65930396, -0.71061283, 0.23117802, 0.083093, 1594.7247, 1594.7247, 955.35297, 717.74084, , 
65688.050185291, 003054, -4.532552, -0.026570544, 3.116006, 0.6603653, -0.70961565, 0.22839357, 0.09055231, 1594.2728, 1594.2728, 955.35645, 717.7409, , 
65688.066854416, 003055, -4.5265446, -0.026879258, 3.1066294, 0.661756, -0.70819974, 0.22565925, 0.09803083, 1594.2728, 1594.2728, 955.36017, 717.7401, , 
65688.100192625, 003056, -4.5160713, -0.025740743, 3.089373, 0.666933, -0.70409256, 0.21779804, 0.10962686, 1594.2728, 1594.2728, 955.36426, 717.7315, , 
65688.116861458, 003057, -4.5113063, -0.024529148, 3.081472, 0.6701916, -0.7020305, 0.21223882, 0.113803074, 1594.2728, 1594.2728, 955.36285, 717.7263, , 
65688.133530583, 003058, -4.5065465, -0.023260769, 3.073673, 0.67309535, -0.70037043, 0.20606907, 0.11815002, 1594.2728, 1594.2728, 955.361, 717.72205, , 
65688.150199666, 003059, -4.5016994, -0.022070654, 3.0656786, 0.67527527, -0.699161, 0.19987057, 0.123405136, 1594.2728, 1594.2728, 955.3594, 717.71954, , 
65688.183537708, 003060, -4.4925847, -0.020804647, 3.048156, 0.67748904, -0.69753313, 0.18846153, 0.13761665, 1594.2728, 1594.2728, 955.3609, 717.72205, , 
65688.20020675, 003061, -4.488071, -0.01996481, 3.0392737, 0.67811245, -0.69666517, 0.18323642, 0.14575846, 1594.2728, 1594.2728, 955.364, 717.7257, , 
65688.216875833, 003062, -4.483888, -0.019056533, 3.0304687, 0.6788809, -0.695533, 0.17808071, 0.15375899, 1594.2728, 1594.2728, 955.3666, 717.72797, , 
65688.233544958, 003063, -4.480084, -0.01814833, 3.021809, 0.6798566, -0.69414693, 0.1728234, 0.16151497, 1594.7247, 1594.7247, 955.3689, 717.72943, , 
65688.250214, 003064, -4.476623, -0.017342247, 3.0132852, 0.6808974, -0.69265085, 0.16735083, 0.16913615, 1594.7247, 1594.7247, 955.3717, 717.73096, , 
65688.266882958, 003065, -4.473603, -0.016882323, 3.0050619, 0.6819556, -0.69108385, 0.16174698, 0.17657153, 1594.7247, 1594.7247, 955.3734, 717.73193, , 
65688.283552041, 003066, -4.4707727, -0.016431618, 2.9968596, 0.68304676, -0.689446, 0.15620148, 0.18360943, 1594.2728, 1594.2728, 955.37494, 717.73285, , 
65688.316890208, 003067, -4.4658003, -0.015795581, 2.9806547, 0.6854901, -0.68601847, 0.14510839, 0.19602463, 1594.2728, 1594.2728, 955.37695, 717.73303, , 
65688.333559083, 003068, -4.4635415, -0.015697993, 2.9724972, 0.68662894, -0.68438387, 0.13971356, 0.20159256, 1594.2728, 1594.2728, 955.37714, 717.7328, , 
65688.350228166, 003069, -4.4614, -0.015821606, 2.9640477, 0.68739754, -0.68285286, 0.1346806, 0.20750348, 1594.2728, 1594.2728, 955.3781, 717.7335, , 
65688.366897291, 003070, -4.460132, -0.016742468, 2.9547288, 0.68771064, -0.68130666, 0.13019899, 0.21429741, 1594.2728, 1594.2728, 955.3802, 717.7353, , 
65688.383566333, 003071, -4.4589505, -0.017734043, 2.9451337, 0.68764323, -0.67966217, 0.12644474, 0.22185089, 1594.2728, 1594.2728, 955.38354, 717.7379, , 
65688.4002355, 003072, -4.457591, -0.01845425, 2.9356449, 0.6873756, -0.67792094, 0.123286806, 0.22964816, 1594.2728, 1594.2728, 955.38806, 717.74097, , 
65688.416904333, 003073, -4.45629, -0.019028295, 2.9263203, 0.6870833, -0.6762211, 0.12036725, 0.2369669, 1594.2728, 1594.2728, 955.39435, 717.7452, , 
65688.433573375, 003074, -4.455052, -0.019496247, 2.9172926, 0.6868654, -0.67477417, 0.11733909, 0.24316096, 1594.2728, 1594.2728, 955.3981, 717.74786, , 
65688.466911625, 003075, -4.4524918, -0.02205725, 2.897597, 0.68627805, -0.6734096, 0.109877355, 0.25193033, 1594.2728, 1594.2728, 955.4009, 717.7547, , 
65688.483580541, 003076, -4.451163, -0.02303226, 2.8886158, 0.68582636, -0.67343366, 0.10556606, 0.2549217, 1594.2728, 1594.2728, 955.3997, 717.7582, , 
65688.500249625, 003077, -4.449799, -0.024071403, 2.8797145, 0.68525034, -0.67366236, 0.101416476, 0.2575374, 1594.2728, 1594.2728, 955.3982, 717.7619, , 
65688.516918708, 003078, -4.448404, -0.025286172, 2.8706615, 0.68456423, -0.6739774, 0.09785559, 0.25990465, 1594.2728, 1594.2728, 955.3965, 717.767, , 
65688.533587833, 003079, -4.4470463, -0.02668655, 2.8613667, 0.6838466, -0.67429453, 0.09478264, 0.26210126, 1594.7247, 1594.7247, 955.3956, 717.77075, , 
65688.566925791, 003080, -4.44548, -0.030944077, 2.8408117, 0.6825057, -0.67467827, 0.08926154, 0.26650977, 1594.7247, 1594.7247, 955.3945, 717.7776, , 
65688.583594833, 003081, -4.4451613, -0.03358258, 2.8297684, 0.68199724, -0.6745783, 0.087266296, 0.2687161, 1594.7247, 1594.7247, 955.3946, 717.7812, , 
65688.600263958, 003082, -4.4444804, -0.0356626, 2.819183, 0.6816779, -0.6742876, 0.085915916, 0.27068412, 1594.7247, 1594.7247, 955.3953, 717.783, , 
65688.616933083, 003083, -4.4437356, -0.037541166, 2.8086896, 0.68149984, -0.6739696, 0.08487224, 0.2722487, 1594.7247, 1594.7247, 955.396, 717.78424, , 
65688.633601958, 003084, -4.4430666, -0.03928328, 2.7982123, 0.68153894, -0.6736931, 0.08368829, 0.27320054, 1594.7247, 1594.7247, 955.3961, 717.78503, , 
65688.666940166, 003085, -4.442949, -0.04315727, 2.7765987, 0.682479, -0.6727154, 0.081653826, 0.27387756, 1594.7247, 1594.7247, 955.3946, 717.7832, , 
65688.683609291, 003086, -4.443382, -0.045141254, 2.765493, 0.68327475, -0.67191017, 0.08130545, 0.27397394, 1594.7247, 1594.7247, 955.39417, 717.7803, , 
65688.700278333, 003087, -4.4434857, -0.04651421, 2.7547421, 0.68418413, -0.6710383, 0.081187464, 0.27387613, 1594.7247, 1594.7247, 955.39404, 717.77734, , 
65688.716947208, 003088, -4.443546, -0.04752584, 2.7442617, 0.68527114, -0.6701792, 0.08091123, 0.2733432, 1594.7247, 1594.7247, 955.39343, 717.77405, , 
65688.750285416, 003089, -4.4438014, -0.04859174, 2.7238977, 0.6881863, -0.6685319, 0.07920909, 0.27053764, 1594.2728, 1594.2728, 955.3888, 717.76337, , 
65688.7669545, 003090, -4.4438343, -0.048835, 2.7135992, 0.68924034, -0.66805804, 0.07872711, 0.269162, 1594.2728, 1594.2728, 955.3867, 717.75934, , 
65688.783623416, 003091, -4.4440875, -0.04901837, 2.7024827, 0.689572, -0.6679175, 0.07916002, 0.268534, 1594.2728, 1594.2728, 955.38586, 717.7568, , 
65688.8002925, 003092, -4.444127, -0.04906454, 2.6911898, 0.68928427, -0.66795564, 0.08028983, 0.26884195, 1594.2728, 1594.2728, 955.387, 717.7571, , 
65688.816961541, 003093, -4.443792, -0.048907362, 2.6801229, 0.68863136, -0.66806823, 0.08172831, 0.2698003, 1594.2728, 1594.2728, 955.38916, 717.75854, , 
65688.850299708, 003094, -4.4429355, -0.048180502, 2.6584256, 0.6866008, -0.66833633, 0.08395886, 0.27359936, 1594.2728, 1594.2728, 955.396, 717.76556, , 
65688.866968625, 003095, -4.442717, -0.04797975, 2.6480958, 0.6858586, -0.6681381, 0.08446044, 0.2757823, 1594.2728, 1594.2728, 955.39905, 717.7684, , 
65688.883637791, 003096, -4.442789, -0.04733908, 2.6381147, 0.6857186, -0.6674848, 0.0849474, 0.27755713, 1594.2728, 1594.2728, 955.4017, 717.76965, , 
65688.900306791, 003097, -4.4430594, -0.04664347, 2.628463, 0.6859908, -0.66658825, 0.08551569, 0.27886146, 1594.2728, 1594.2728, 955.4045, 717.7687, , 
65688.916975875, 003098, -4.4434648, -0.046098787, 2.6190007, 0.68622625, -0.66574407, 0.086037345, 0.28013536, 1594.2728, 1594.2728, 955.40643, 717.7677, , 
65688.950313916, 003099, -4.4445724, -0.04566852, 2.6003718, 0.6857063, -0.66494805, 0.086323515, 0.28319448, 1594.2728, 1594.2728, 955.41077, 717.76917, , 
65688.966983, 003100, -4.4453773, -0.046170726, 2.592253, 0.6849115, -0.66490406, 0.086245194, 0.28523746, 1594.2728, 1594.2728, 955.41296, 717.7717, , 
65688.983652125, 003101, -4.446094, -0.046435647, 2.583526, 0.68388206, -0.664972, 0.08616919, 0.28756282, 1594.2728, 1594.2728, 955.4155, 717.7753, , 
65689.000321166, 003102, -4.446737, -0.046505086, 2.574902, 0.683059, -0.6650746, 0.08616557, 0.28927785, 1594.2728, 1594.2728, 955.41846, 717.77954, , 
65689.016990083, 003103, -4.44732, -0.04641408, 2.5665984, 0.68264633, -0.66509247, 0.086509764, 0.29010662, 1594.2728, 1594.2728, 955.4198, 717.7812, , 
65689.033659208, 003104, -4.447884, -0.04626666, 2.5585856, 0.682567, -0.66501623, 0.087162904, 0.2902728, 1594.2728, 1594.2728, 955.4208, 717.78156, , 
65689.066997333, 003105, -4.4492006, -0.04606483, 2.5443294, 0.68217325, -0.66506696, 0.08854434, 0.29066357, 1594.2728, 1594.2728, 955.4231, 717.782, , 
65689.08366625, 003106, -4.449975, -0.046086483, 2.5376642, 0.6814301, -0.66533464, 0.088783234, 0.29171962, 1594.2728, 1594.2728, 955.4246, 717.7842, , 
65689.100335291, 003107, -4.450726, -0.046245802, 2.530224, 0.6805078, -0.66566086, 0.088476986, 0.29321772, 1594.2728, 1594.2728, 955.4266, 717.7884, , 
65689.117004375, 003108, -4.451518, -0.046344284, 2.5226402, 0.6796986, -0.6658314, 0.08760801, 0.2949627, 1594.2728, 1594.2728, 955.42773, 717.7916, , 
65689.133673458, 003109, -4.4523926, -0.046276197, 2.5151253, 0.679258, -0.6656599, 0.08613838, 0.29679233, 1594.2728, 1594.2728, 955.4284, 717.794, , 
65689.1670115, 003110, -4.4548054, -0.044929955, 2.4999301, 0.67963344, -0.66430974, 0.081803195, 0.30016506, 1594.2728, 1594.2728, 955.4276, 717.79517, , 
65689.183680583, 003111, -4.455871, -0.04440955, 2.4925704, 0.6802484, -0.66327363, 0.07959841, 0.30165258, 1594.2728, 1594.2728, 955.42694, 717.79395, , 
65689.200349625, 003112, -4.4568486, -0.044022806, 2.4851663, 0.6808304, -0.66217446, 0.07750464, 0.303295, 1594.2728, 1594.2728, 955.42633, 717.7927, , 
65689.21701875, 003113, -4.457758, -0.043767095, 2.477657, 0.681299, -0.661087, 0.07543487, 0.30513144, 1594.2728, 1594.2728, 955.4261, 717.7915, , 
65689.250356708, 003114, -4.4593554, -0.04355162, 2.4624736, 0.68230355, -0.6589029, 0.070991844, 0.30865666, 1594.2728, 1594.2728, 955.4254, 717.7897, , 
65689.267025833, 003115, -4.4600816, -0.04364568, 2.4547205, 0.6827557, -0.6577269, 0.06855116, 0.3107097, 1594.2728, 1594.2728, 955.4249, 717.7887, , 
65689.283694875, 003116, -4.4610415, -0.04372841, 2.4462867, 0.6830415, -0.65640295, 0.06581795, 0.31346032, 1594.2728, 1594.2728, 955.4249, 717.7886, , 
65689.300363958, 003117, -4.462079, -0.044036828, 2.4377112, 0.6832344, -0.65484494, 0.06273409, 0.31691208, 1594.2728, 1594.2728, 955.42554, 717.789, , 
65689.317032916, 003118, -4.4631476, -0.04461647, 2.4292297, 0.68349737, -0.6529474, 0.059426073, 0.32087308, 1594.2728, 1594.2728, 955.42645, 717.7893, , 
65689.350371041, 003119, -4.4656663, -0.0462291, 2.4120932, 0.6844543, -0.6481323, 0.053034756, 0.32959676, 1594.2728, 1594.2728, 955.43005, 717.7885, , 
65689.367040166, 003120, -4.467111, -0.04713046, 2.4034925, 0.68522537, -0.6454293, 0.04986081, 0.333768, 1594.2728, 1594.2728, 955.43195, 717.7872, , 
65689.383709, 003121, -4.4687395, -0.04762921, 2.3941596, 0.6862103, -0.64267296, 0.046403922, 0.3375405, 1594.2728, 1594.2728, 955.4333, 717.78424, , 
65689.400378083, 003122, -4.470409, -0.048194166, 2.384908, 0.68722206, -0.63989294, 0.042487185, 0.34125888, 1594.2728, 1594.2728, 955.4339, 717.7817, , 
65689.433716291, 003123, -4.4738326, -0.049809918, 2.3672314, 0.68893754, -0.63433963, 0.032640416, 0.34916025, 1594.2728, 1594.2728, 955.4331, 717.7768, , 
65689.450385375, 003124, -4.475601, -0.050539035, 2.3584285, 0.6896655, -0.63158345, 0.026758881, 0.35319656, 1594.2728, 1594.2728, 955.4318, 717.775, , 
65689.467054208, 003125, -4.4769835, -0.051433597, 2.349195, 0.6902156, -0.62894166, 0.020033868, 0.35725823, 1594.2728, 1594.2728, 955.42993, 717.77344, , 
65689.483723333, 003126, -4.478767, -0.05191791, 2.3403828, 0.690712, -0.6261427, 0.012634399, 0.36152822, 1594.2728, 1594.2728, 955.42645, 717.7716, , 
65689.517061541, 003127, -4.482549, -0.052159116, 2.3231933, 0.6915791, -0.6205615, -0.0040191044, 0.36960202, 1594.2728, 1594.2728, 955.4191, 717.7686, , 
65689.5337305, 003128, -4.4845986, -0.05189593, 2.314704, 0.6920303, -0.6177431, -0.0133919725, 0.37324008, 1594.2728, 1594.2728, 955.4122, 717.7657, , 
65689.550399541, 003129, -4.4868636, -0.05152436, 2.306065, 0.69214976, -0.61471343, -0.023247626, 0.3775123, 1594.2728, 1594.2728, 955.40704, 717.7638, , 
65689.567068625, 003130, -4.4888687, -0.050974816, 2.2978208, 0.6917442, -0.61152846, -0.032819405, 0.3826821, 1594.2728, 1594.2728, 955.40295, 717.76306, , 
65689.583737666, 003131, -4.491394, -0.05032691, 2.2889457, 0.69119906, -0.608, -0.0415319, 0.38840038, 1594.2728, 1594.2728, 955.40027, 717.76306, , 
65689.617075708, 003132, -4.496939, -0.048371345, 2.270898, 0.6905152, -0.6004022, -0.056228828, 0.39942995, 1594.2728, 1594.2728, 955.39795, 717.762, , 
65689.633744708, 003133, -4.499637, -0.047100723, 2.2619853, 0.6902114, -0.5967801, -0.062875286, 0.4043617, 1594.2728, 1594.2728, 955.3974, 717.7611, , 
65689.650413833, 003134, -4.5022097, -0.045678046, 2.2531872, 0.6898465, -0.593361, -0.06943514, 0.40891698, 1594.2728, 1594.2728, 955.3961, 717.7599, , 
65689.667082916, 003135, -4.5046215, -0.044192407, 2.2450335, 0.6894004, -0.59008396, -0.07615553, 0.41319284, 1594.7247, 1594.7247, 955.39484, 717.75903, , 
65689.683751833, 003136, -4.5070176, -0.04260437, 2.236887, 0.68878037, -0.58689195, -0.08286623, 0.41745952, 1594.7247, 1594.7247, 955.39343, 717.7585, , 
65689.700420875, 003137, -4.50948, -0.040931635, 2.2284868, 0.68796664, -0.5837245, -0.08923004, 0.4219071, 1594.7247, 1594.7247, 955.3919, 717.7583, , 
65689.733759083, 003138, -4.514489, -0.03744436, 2.2119195, 0.6857866, -0.5778668, -0.10148877, 0.43065834, 1594.7247, 1594.7247, 955.3902, 717.7598, , 
65689.750428, 003139, -4.5169706, -0.03567259, 2.2040217, 0.68449867, -0.5752523, -0.10797748, 0.43461162, 1594.2728, 1594.2728, 955.388, 717.76105, , 
65689.767097125, 003140, -4.5202823, -0.033199962, 2.197278, 0.683277, -0.5725403, -0.11454235, 0.4384178, 1594.2728, 1594.2728, 955.386, 717.76166, , 
65689.783766125, 003141, -4.5233355, -0.03122567, 2.1902132, 0.6824502, -0.56922007, -0.120716065, 0.4423549, 1594.2728, 1594.2728, 955.3846, 717.7613, , 
65689.80043525, 003142, -4.5265813, -0.029425189, 2.1832445, 0.68219507, -0.5650112, -0.12633115, 0.44655636, 1594.2728, 1594.2728, 955.3844, 717.75867, , 
65689.817104333, 003143, -4.530099, -0.027732257, 2.1765294, 0.68237007, -0.5600301, -0.13182569, 0.4509537, 1594.2728, 1594.2728, 955.3852, 717.755, , 
65689.850442333, 003144, -4.5375423, -0.02491314, 2.163916, 0.6826331, -0.5492636, -0.1436797, 0.4600844, 1594.2728, 1594.2728, 955.38727, 717.74524, , 
65689.867111375, 003145, -4.542921, -0.021423187, 2.158003, 0.6824427, -0.54401195, -0.15014832, 0.4645195, 1594.2728, 1594.2728, 955.3875, 717.74146, , 
65689.8837805, 003146, -4.547023, -0.02017929, 2.1521652, 0.6818087, -0.53896993, -0.15709636, 0.46900862, 1594.2728, 1594.2728, 955.38727, 717.73816, , 
65689.900449375, 003147, -4.5511184, -0.01942017, 2.1463995, 0.6806049, -0.5339887, -0.16449931, 0.47389135, 1594.2728, 1594.2728, 955.3869, 717.736, , 
65689.917118458, 003148, -4.5553913, -0.018960465, 2.14067, 0.6787797, -0.528978, -0.17214254, 0.47938228, 1594.2728, 1594.2728, 955.3862, 717.7352, , 
65689.933787541, 003149, -4.559968, -0.018718317, 2.13493, 0.6764466, -0.5237872, -0.17959535, 0.48560515, 1594.2728, 1594.2728, 955.38635, 717.7364, , 
65689.950456666, 003150, -4.564899, -0.018641304, 2.1292121, 0.67382073, -0.51834416, -0.18653347, 0.49243298, 1594.2728, 1594.2728, 955.3874, 717.7389, , 
65689.983794583, 003151, -4.576369, -0.018584762, 2.1175354, 0.6688166, -0.50706047, -0.19890635, 0.50597435, 1594.7247, 1594.7247, 955.392, 717.74536, , 
65690.000463708, 003152, -4.5821967, -0.018407956, 2.112371, 0.66671246, -0.5014851, -0.20485015, 0.5119019, 1594.2728, 1594.2728, 955.39404, 717.747, , 
65690.01713275, 003153, -4.587914, -0.018024161, 2.1078691, 0.66490525, -0.49608275, -0.21114811, 0.51693255, 1594.2728, 1594.2728, 955.3952, 717.7475, , 
65690.033801791, 003154, -4.593559, -0.01744946, 2.1038654, 0.66334254, -0.49100536, -0.21787857, 0.52097905, 1594.2728, 1594.2728, 955.3951, 717.7456, , 
65690.050470791, 003155, -4.5992193, -0.01678278, 2.1001408, 0.66169447, -0.486264, -0.22491385, 0.5245203, 1594.7247, 1594.7247, 955.3939, 717.74335, , 
65690.083808958, 003156, -4.6107435, -0.01591723, 2.090705, 0.6573011, -0.4783098, -0.23866443, 0.5312383, 1594.7247, 1594.7247, 955.38934, 717.7409, , 
65690.100478, 003157, -4.616572, -0.015476745, 2.0861652, 0.6546967, -0.47508764, -0.24503937, 0.53443396, 1594.2728, 1594.2728, 955.38715, 717.74146, , 
65690.117147083, 003158, -4.6225066, -0.01494398, 2.0819962, 0.652058, -0.472135, -0.25121015, 0.5374031, 1594.2728, 1594.2728, 955.3848, 717.7424, , 
65690.133816, 003159, -4.628592, -0.014330722, 2.0779867, 0.64958936, -0.469213, -0.2572566, 0.540085, 1594.2728, 1594.2728, 955.3816, 717.743, , 
65690.150485083, 003160, -4.634807, -0.013664715, 2.0740457, 0.64723605, -0.46622983, -0.2632662, 0.5425921, 1594.2728, 1594.2728, 955.3793, 717.7428, , 
65690.167154208, 003161, -4.6411567, -0.0129565, 2.0701668, 0.64481866, -0.4631453, -0.26950848, 0.5450417, 1594.2728, 1594.2728, 955.37683, 717.7424, , 
65690.18382325, 003162, -4.6479034, -0.01196301, 2.0650907, 0.6422595, -0.45994267, -0.27600196, 0.5475202, 1594.7247, 1594.7247, 955.3732, 717.7415, , 
65690.21716125, 003163, -4.661224, -0.010256264, 2.0569754, 0.63687736, -0.4533707, -0.28912354, 0.5524941, 1594.7247, 1594.7247, 955.36786, 717.7401, , 
65690.233830375, 003164, -4.667781, -0.009389143, 2.053137, 0.6342055, -0.45013496, -0.29554418, 0.55481124, 1594.2728, 1594.2728, 955.3645, 717.739, , 
65690.250499375, 003165, -4.674165, -0.008451242, 2.049364, 0.6316137, -0.4471395, -0.30198506, 0.5567185, 1594.2728, 1594.2728, 955.3617, 717.7377, , 
65690.267168458, 003166, -4.6804748, -0.0072016115, 2.0457711, 0.6292339, -0.44455042, -0.3084151, 0.5579603, 1594.7247, 1594.7247, 955.3586, 717.7355, , 
65690.283837416, 003167, -4.686458, -0.005879279, 2.0422382, 0.627032, -0.4424267, -0.3148026, 0.5585596, 1594.7247, 1594.7247, 955.3537, 717.7315, , 
65690.3171755, 003168, -4.6974225, -0.0033389176, 2.0350754, 0.6227246, -0.4392586, -0.32749093, 0.5585837, 1594.2728, 1594.2728, 955.3454, 717.7242, , 
65690.333844625, 003169, -4.7026863, -0.0020943214, 2.0312674, 0.6202914, -0.43802235, -0.3336446, 0.55861974, 1594.7247, 1594.7247, 955.3414, 717.72107, , 
65690.3505135, 003170, -4.707943, -0.00084946305, 2.0271537, 0.61765015, -0.43700632, -0.33948427, 0.5588238, 1594.7247, 1594.7247, 955.33624, 717.7181, , 
65690.367182583, 003171, -4.7134647, 0.00024058297, 2.0233061, 0.61485064, -0.43608522, -0.34456217, 0.55952245, 1595.1766, 1595.1766, 955.3329, 717.7173, , 
65690.383851708, 003172, -4.719292, 0.001296673, 2.0190272, 0.6120338, -0.4348245, -0.3483953, 0.56121564, 1594.7247, 1594.7247, 955.33057, 717.7184, , 
65690.417189791, 003173, -4.7318006, 0.0035050698, 2.0092156, 0.60730606, -0.430321, -0.35233814, 0.56732786, 1594.7247, 1594.7247, 955.3307, 717.7268, , 
65690.43385875, 003174, -4.738228, 0.0046611317, 2.0043814, 0.6056768, -0.42727503, -0.35330364, 0.5707611, 1595.1766, 1595.1766, 955.3325, 717.7305, , 
65690.450527791, 003175, -4.744526, 0.005853437, 1.9997876, 0.60429657, -0.4241759, -0.35446388, 0.5738081, 1594.7247, 1594.7247, 955.33496, 717.734, , 
65690.467196875, 003176, -4.7503242, 0.0072599757, 1.995978, 0.60312307, -0.42117122, -0.35615665, 0.5762028, 1594.7247, 1594.7247, 955.33636, 717.73517, , 
65690.500534958, 003177, -4.761456, 0.010079455, 1.9887121, 0.60120344, -0.41586968, -0.36099637, 0.57904094, 1594.7247, 1594.7247, 955.3373, 717.7328, , 
65690.517203916, 003178, -4.7669826, 0.01141819, 1.9851719, 0.60026497, -0.4134828, -0.36403164, 0.57982314, 1594.7247, 1594.7247, 955.3368, 717.7304, , 
65690.533873083, 003179, -4.7724442, 0.012761977, 1.981826, 0.59956676, -0.41111097, -0.36730993, 0.5801646, 1594.7247, 1594.7247, 955.3361, 717.7269, , 
65690.56721125, 003180, -4.784329, 0.015393417, 1.9755503, 0.59883267, -0.40622512, -0.3738967, 0.5801567, 1595.1766, 1595.1766, 955.33435, 717.716, , 
65690.583880166, 003181, -4.7903905, 0.016634174, 1.9723487, 0.5980467, -0.40360576, -0.37706783, 0.5807429, 1595.1766, 1595.1766, 955.33405, 717.7122, , 
65690.60054925, 003182, -4.796491, 0.017832134, 1.9690137, 0.59667677, -0.40089157, -0.37997487, 0.58213556, 1595.1766, 1595.1766, 955.3338, 717.7099, , 
65690.633887291, 003183, -4.8087316, 0.020593908, 1.9622414, 0.5931224, -0.39603847, -0.38492143, 0.58582824, 1595.1766, 1595.1766, 955.3339, 717.71106, , 
65690.650556291, 003184, -4.8146024, 0.022377115, 1.9590006, 0.59147984, -0.39422774, -0.38724366, 0.58717823, 1595.1766, 1595.1766, 955.3337, 717.7117, , 
65690.667225291, 003185, -4.8204107, 0.024181288, 1.9558017, 0.58982664, -0.3928103, -0.3898058, 0.5880952, 1595.1766, 1595.1766, 955.33264, 717.71173, , 
65690.683894416, 003186, -4.826068, 0.026302006, 1.9527726, 0.58807266, -0.39159992, -0.39260238, 0.58879817, 1594.7247, 1594.7247, 955.3315, 717.7115, , 
65690.717232625, 003187, -4.837077, 0.031668972, 1.9471745, 0.584327, -0.38931447, -0.39843982, 0.5901202, 1594.7247, 1594.7247, 955.3283, 717.71063, , 
65690.733901541, 003188, -4.8425694, 0.0346387, 1.9444408, 0.58209854, -0.38843203, -0.40138227, 0.5909095, 1594.7247, 1594.7247, 955.3267, 717.71094, , 
65690.750570541, 003189, -4.848091, 0.03771421, 1.9416988, 0.5794219, -0.38778508, -0.40443483, 0.5918829, 1594.7247, 1594.7247, 955.32495, 717.7121, , 
65690.767239666, 003190, -4.854555, 0.041319866, 1.9388639, 0.5765064, -0.3872357, -0.407729, 0.59282863, 1595.1766, 1595.1766, 955.323, 717.7138, , 
65690.800577666, 003191, -4.8654404, 0.04857752, 1.9338882, 0.5707176, -0.38657168, -0.41592237, 0.5931714, 1594.7247, 1594.7247, 955.3172, 717.7144, , 
65690.81724675, 003192, -4.8705745, 0.05235223, 1.9316286, 0.5677602, -0.38625687, -0.4207433, 0.59281445, 1594.7247, 1594.7247, 955.31415, 717.7126, , 
65690.833915833, 003193, -4.875761, 0.056138765, 1.9292868, 0.5646696, -0.38598397, -0.42543274, 0.59259725, 1595.1766, 1595.1766, 955.3103, 717.7103, , 
65690.867253916, 003194, -4.887894, 0.063063666, 1.9238913, 0.55735534, -0.38527533, -0.4329172, 0.5945591, 1595.1766, 1595.1766, 955.3058, 717.71277, , 
65690.883922875, 003195, -4.8947945, 0.06623921, 1.9210042, 0.5531966, -0.38441274, -0.4359341, 0.59679294, 1594.7247, 1594.7247, 955.30383, 717.7188, , 
65690.900591875, 003196, -4.901286, 0.06962846, 1.9180752, 0.54911965, -0.38332838, -0.43894395, 0.5990452, 1594.7247, 1594.7247, 955.3026, 717.72345, , 
65690.933930125, 003197, -4.9137864, 0.076634064, 1.9124396, 0.5411243, -0.3806163, -0.44583282, 0.6029501, 1595.1766, 1595.1766, 955.29987, 717.73114, , 
65690.950599, 003198, -4.9199715, 0.08002327, 1.9097698, 0.536633, -0.3783688, -0.44991454, 0.6053419, 1595.1766, 1595.1766, 955.2988, 717.73395, , 
65690.967268125, 003199, -4.926751, 0.082777925, 1.9073327, 0.5315829, -0.37541994, -0.45465526, 0.60808545, 1595.1766, 1595.1766, 955.2977, 717.73676, , 
65690.983937125, 003200, -4.9333463, 0.08535582, 1.9050364, 0.5259708, -0.37200332, -0.46000034, 0.6110383, 1594.7247, 1594.7247, 955.29626, 717.74036, , 
65691.017275166, 003201, -4.9451127, 0.09042087, 1.901033, 0.51395303, -0.36413416, -0.47219157, 0.61667955, 1595.1766, 1595.1766, 955.2938, 717.7438, , 
65691.03394425, 003202, -4.9503727, 0.09275727, 1.8992274, 0.5080045, -0.36051133, -0.47877836, 0.618655, 1595.1766, 1595.1766, 955.2918, 717.7434, , 
65691.050613333, 003203, -4.95504, 0.09500009, 1.8973365, 0.50230944, -0.35822573, -0.48544395, 0.6194382, 1595.1766, 1595.1766, 955.29, 717.74194, , 
65691.083951458, 003204, -4.9652243, 0.097593784, 1.8934408, -0.49278587, 0.35754117, 0.49800152, -0.61751187, 1595.1766, 1595.1766, 955.286, 717.73486, , 
65691.100620375, 003205, -4.9694853, 0.09919131, 1.8914621, -0.4881905, 0.358363, 0.50390536, -0.615894, 1595.1766, 1595.1766, 955.2837, 717.7298, , 
65691.1339585, 003206, -4.9784737, 0.1024822, 1.8878112, -0.4788878, 0.35950053, 0.51534, -0.6130665, 1595.1766, 1595.1766, 955.2815, 717.7228, , 
65691.150627666, 003207, -4.983465, 0.104380906, 1.8862721, -0.47543716, 0.35940972, 0.5202597, -0.61164856, 1595.1766, 1595.1766, 955.2809, 717.71716, , 
65691.183965666, 003208, -4.994761, 0.107365906, 1.8850354, -0.47267404, 0.3578821, 0.5280584, -0.6079917, 1592.9171, 1592.9171, 955.28064, 717.70465, , 
65691.200634708, 003209, -5.000256, 0.10994226, 1.8846282, -0.47307283, 0.3570679, 0.53142565, -0.6052201, 1592.9171, 1592.9171, 955.2809, 717.69244, , 
65691.233972875, 003210, -5.0113935, 0.11643483, 1.8838823, -0.4751096, 0.35559916, 0.53770936, -0.59890616, 1592.4652, 1592.4652, 955.28186, 717.6714, , 
65691.25064175, 003211, -5.017198, 0.12006761, 1.8833135, -0.4754531, 0.3547699, 0.54099166, -0.5961632, 1594.7247, 1594.7247, 955.2829, 717.6583, , 
65691.283979875, 003212, -5.0297565, 0.1263215, 1.8822505, -0.47453567, 0.35291705, 0.54744935, -0.5920849, 1595.1766, 1595.1766, 955.2846, 717.6428, , 
65691.317317916, 003213, -5.0419717, 0.13449232, 1.8788636, -0.47242963, 0.35191956, 0.55299103, -0.589206, 1597.4362, 1597.4362, 955.2865, 717.6305, , 
65691.333986958, 003214, -5.0481687, 0.13865155, 1.8767418, -0.471478, 0.35104495, 0.55546993, -0.5881573, 1596.9843, 1596.9843, 955.2873, 717.6261, , 
65691.367325083, 003215, -5.060388, 0.14675178, 1.872232, -0.47047347, 0.34810546, 0.5609808, -0.5854722, 1596.9843, 1596.9843, 955.2895, 717.6123, , 
65691.38399425, 003216, -5.0664186, 0.15004528, 1.8696812, -0.47045207, 0.3464672, 0.56407124, -0.5834886, 1599.2438, 1599.2438, 955.2909, 717.6043, , 
65691.417332083, 003217, -5.0778074, 0.15676008, 1.8642844, -0.47025284, 0.34457618, 0.5700512, -0.57893956, 1599.6957, 1599.6957, 955.29486, 717.5853, , 
65691.43400125, 003218, -5.0835075, 0.15976985, 1.8611593, -0.46998227, 0.34440687, 0.5723681, -0.57697076, 1599.6957, 1599.6957, 955.2965, 717.5792, , 
65691.46733925, 003219, -5.0956154, 0.16449863, 1.8543041, 0.47074428, -0.34525278, -0.5744671, 0.5737488, 1601.9552, 1601.9552, 955.29913, 717.5696, , 
65691.484008333, 003220, -5.1020055, 0.16618979, 1.8505685, 0.4718247, -0.34626073, -0.57422656, 0.5724935, 1601.9552, 1601.9552, 955.29974, 717.5674, , 
65691.517346458, 003221, -5.114867, 0.1686252, 1.8422236, -0.47504795, 0.34906408, 0.5709248, -0.5714267, 1606.4742, 1606.4742, 955.2995, 717.56775, , 
65691.5340155, 003222, -5.12156, 0.16913171, 1.8376347, -0.47717908, 0.35079888, 0.56793547, -0.5715674, 1606.4742, 1606.4742, 955.29834, 717.5715, , 
65691.5673535, 003223, -5.135125, 0.1689324, 1.8278298, -0.48314288, 0.35439223, 0.55966324, -0.5724998, 1606.0223, 1606.0223, 955.2958, 717.57965, , 
65691.584022583, 003224, -5.1422505, 0.16823857, 1.8227975, -0.48716477, 0.35553122, 0.5542977, -0.57360446, 1599.6957, 1599.6957, 955.2937, 717.5862, , 
65691.617360583, 003225, -5.1578856, 0.16544403, 1.8127557, -0.49576795, 0.35712594, 0.5423835, -0.576624, 1599.6957, 1599.6957, 955.29065, 717.5972, , 
65691.634029666, 003226, -5.16586, 0.16353898, 1.8076164, -0.49971226, 0.35821256, 0.5364396, -0.57810366, 1599.6957, 1599.6957, 955.28906, 717.6052, , 
65691.667367833, 003227, -5.180741, 0.1588737, 1.797814, 0.5059083, -0.36101997, -0.52629876, 0.5802854, 1599.6957, 1599.6957, 955.2874, 717.61664, , 
65691.684036916, 003228, -5.1877475, 0.15621068, 1.793096, 0.5082742, -0.3628561, -0.5220368, 0.58092207, 1599.6957, 1599.6957, 955.28674, 717.6232, , 
65691.717374875, 003229, -5.203446, 0.15074682, 1.7829486, 0.5126655, -0.36610207, -0.51332146, 0.5827899, 1599.6957, 1599.6957, 955.28577, 717.63416, , 
65691.734043916, 003230, -5.2117496, 0.14786021, 1.7777493, 0.5149873, -0.36708567, -0.5087722, 0.5841119, 1599.6957, 1599.6957, 955.28546, 717.6416, , 
65691.767382, 003231, -5.22707, 0.14122789, 1.7676296, 0.51973236, -0.3694236, -0.5001534, 0.5858762, 1599.6957, 1599.6957, 955.2855, 717.65125, , 
65691.800720125, 003232, -5.241687, 0.13433959, 1.7572962, 0.524098, -0.3730442, -0.49256968, 0.58611804, 1599.6957, 1599.6957, 955.28577, 717.6597, , 
65691.817389166, 003233, -5.2494917, 0.13117549, 1.7518796, 0.5260855, -0.3751721, -0.48909095, 0.5858925, 1599.6957, 1599.6957, 955.2859, 717.66296, , 
65691.850727208, 003234, -5.26523, 0.124919474, 1.7410363, 0.52987695, -0.3803573, -0.4823115, 0.5847515, 1599.6957, 1599.6957, 955.2859, 717.6699, , 
65691.884065333, 003235, -5.279151, 0.11712152, 1.7317332, 0.53322625, -0.38655728, -0.4760062, 0.58280474, 1599.6957, 1599.6957, 955.28564, 717.676, , 
65691.900734375, 003236, -5.286735, 0.11385329, 1.7269348, 0.53517556, -0.39002332, -0.4730133, 0.5811432, 1599.6957, 1599.6957, 955.28546, 717.6786, , 
65691.934072375, 003237, -5.3026295, 0.10784738, 1.7171662, 0.5392749, -0.39742753, -0.46695876, 0.5772203, 1599.6957, 1599.6957, 955.285, 717.68115, , 
65691.950741458, 003238, -5.311026, 0.1048647, 1.712249, 0.5407888, -0.40061656, -0.46416277, 0.575853, 1599.6957, 1599.6957, 955.2847, 717.6839, , 
65691.967410541, 003239, -5.318847, 0.10136828, 1.7080101, 0.54210246, -0.4033262, -0.4615254, 0.57484543, 1599.6957, 1599.6957, 955.2846, 717.6864, , 
65692.0007485, 003240, -5.3355765, 0.09558055, 1.6993481, 0.5458874, -0.40818018, -0.4558872, 0.57233095, 1599.6957, 1599.6957, 955.2847, 717.68964, , 
65692.017417583, 003241, -5.344441, 0.093426734, 1.6949732, 0.5483875, -0.4102934, -0.4529076, 0.5707934, 1599.6957, 1599.6957, 955.28485, 717.6897, , 
65692.034086625, 003242, -5.353282, 0.09161952, 1.6907356, 0.5510405, -0.4123901, -0.449974, 0.56904507, 1599.6957, 1599.6957, 955.2852, 717.6891, , 
65692.067424625, 003243, -5.369573, 0.08781518, 1.6829205, 0.55674845, -0.41792014, -0.44339463, 0.5646017, 1599.6957, 1599.6957, 955.2855, 717.68756, , 
65692.084093791, 003244, -5.3771753, 0.0858489, 1.6790547, 0.5593751, -0.42151073, -0.4394084, 0.56244856, 1599.6957, 1599.6957, 955.28564, 717.6884, , 
65692.117431875, 003245, -5.3937006, 0.083565034, 1.6703132, 0.5630153, -0.4283946, -0.4304467, 0.5605421, 1599.6957, 1599.6957, 955.2859, 717.69763, , 
65692.134100916, 003246, -5.4021297, 0.08271164, 1.6658283, 0.5647391, -0.43142858, -0.42527762, 0.5604266, 1599.6957, 1599.6957, 955.2864, 717.7037, , 
65692.167438958, 003247, -5.4173613, 0.08104767, 1.6574672, 0.56970394, -0.43806395, -0.41345266, 0.55910116, 1599.6957, 1599.6957, 955.28796, 717.7163, , 
65692.184108041, 003248, -5.424057, 0.08018786, 1.6535425, 0.57250005, -0.4420962, -0.4075417, 0.5574086, 1599.2438, 1599.2438, 955.2887, 717.7205, , 
65692.217446, 003249, -5.4372644, 0.07869654, 1.6451434, 0.57784563, -0.45101392, -0.3965594, 0.55264944, 1599.6957, 1599.6957, 955.2896, 717.7281, , 
65692.234115125, 003250, -5.443652, 0.077881515, 1.6407822, 0.5804785, -0.4554415, -0.39119184, 0.55007887, 1599.6957, 1599.6957, 955.28986, 717.73083, , 
65692.250784208, 003251, -5.4499826, 0.07702996, 1.6362599, 0.58309764, -0.45967385, -0.38573548, 0.5476361, 1599.6957, 1599.6957, 955.29034, 717.7336, , 
65692.284122333, 003252, -5.4613457, 0.07475959, 1.6273013, 0.58751154, -0.4673427, -0.37451336, 0.5442063, 1599.6957, 1599.6957, 955.2918, 717.74243, , 
65692.30079125, 003253, -5.467507, 0.073688895, 1.6222438, 0.589268, -0.4706444, -0.36883563, 0.5433391, 1599.6957, 1599.6957, 955.29285, 717.7477, , 
65692.334129333, 003254, -5.4794865, 0.07177124, 1.6121439, 0.5928038, -0.4763556, -0.3584443, 0.54146713, 1599.2438, 1599.2438, 955.29553, 717.75793, , 
65692.350798416, 003255, -5.4852014, 0.07094969, 1.6072689, 0.59470487, -0.4788001, -0.3540111, 0.5401414, 1599.2438, 1599.2438, 955.2965, 717.76044, , 
65692.384136458, 003256, -5.4958043, 0.06811145, 1.5983407, 0.5985054, -0.4828056, -0.34668118, 0.5371239, 1599.2438, 1599.2438, 955.2982, 717.7627, , 
65692.4008055, 003257, -5.501153, 0.06720836, 1.5938672, 0.60039717, -0.48438662, -0.34355614, 0.53559494, 1599.6957, 1599.6957, 955.2988, 717.7626, , 
65692.434143541, 003258, -5.5118303, 0.06538333, 1.5851336, 0.6043811, -0.48672464, -0.33766124, 0.5327359, 1599.6957, 1599.6957, 955.3002, 717.76056, , 
65692.467481625, 003259, -5.5226645, 0.06294966, 1.5765662, 0.6074467, -0.48918375, -0.33203077, 0.5305312, 1599.6957, 1599.6957, 955.30145, 717.76025, , 
65692.48415075, 003260, -5.528123, 0.06150597, 1.5722368, 0.6084158, -0.49079928, -0.3292875, 0.5296376, 1599.6957, 1599.6957, 955.3023, 717.76196, , 
65692.500819833, 003261, -5.5333858, 0.06010284, 1.5676086, 0.6092448, -0.49258476, -0.32644632, 0.52878517, 1599.6957, 1599.6957, 955.30286, 717.764, , 
65692.534157791, 003262, -5.5437207, 0.057390712, 1.558174, 0.61123216, -0.49591792, -0.3209153, 0.526758, 1599.2438, 1599.2438, 955.30414, 717.7675, , 
65692.550826875, 003263, -5.5489616, 0.05607899, 1.553508, 0.6125327, -0.49700424, -0.31843796, 0.525726, 1599.2438, 1599.2438, 955.30475, 717.7677, , 
65692.584165, 003264, -5.5599046, 0.053727616, 1.5450333, 0.615658, -0.4981451, -0.31385362, 0.5237487, 1599.2438, 1599.2438, 955.30615, 717.76587, , 
65692.600833958, 003265, -5.565397, 0.05245116, 1.5402101, 0.61730695, -0.49842533, -0.31150073, 0.52294517, 1599.2438, 1599.2438, 955.3072, 717.76416, , 
65692.617503, 003266, -5.570934, 0.051121864, 1.5351617, 0.61882085, -0.49863327, -0.3092634, 0.522285, 1599.6957, 1599.6957, 955.3081, 717.76306, , 
65692.650841166, 003267, -5.5819592, 0.048470877, 1.5245622, 0.6217241, -0.49934423, -0.30538088, 0.52043915, 1599.6957, 1599.6957, 955.30975, 717.7599, , 
65692.667510041, 003268, -5.5881805, 0.047004055, 1.5196923, 0.6231849, -0.49971005, -0.3036382, 0.51935947, 1599.6957, 1599.6957, 955.3102, 717.75824, , 
65692.684179166, 003269, -5.594356, 0.045549188, 1.5145332, 0.624497, -0.5000802, -0.3019193, 0.5184283, 1599.6957, 1599.6957, 955.3108, 717.7568, , 
65692.717517291, 003270, -5.6056614, 0.042788822, 1.5027933, 0.6263532, -0.5014736, -0.29854593, 0.5167942, 1599.6957, 1599.6957, 955.3118, 717.7555, , 
65692.73418625, 003271, -5.6109586, 0.04144688, 1.4966326, 0.62702733, -0.50282735, -0.2968743, 0.51562285, 1599.6957, 1599.6957, 955.31195, 717.7558, , 
65692.767524416, 003272, -5.622008, 0.03878143, 1.4838915, 0.6282114, -0.5066596, -0.29373685, 0.5122157, 1599.6957, 1599.6957, 955.3112, 717.75665, , 
65692.784193375, 003273, -5.6276894, 0.037546914, 1.4772921, 0.62864625, -0.508829, -0.29248187, 0.51024634, 1599.6957, 1599.6957, 955.31055, 717.75696, , 
65692.8008625, 003274, -5.6328764, 0.036506403, 1.4705769, 0.62886965, -0.51081085, -0.29135376, 0.50863355, 1599.6957, 1599.6957, 955.30963, 717.7579, , 
65692.834200458, 003275, -5.6433287, 0.034970973, 1.4567198, 0.629346, -0.51354593, -0.28843337, 0.5069519, 1599.6957, 1599.6957, 955.3095, 717.7603, , 
65692.850869583, 003276, -5.6486206, 0.03446011, 1.4495915, 0.6297215, -0.51455104, -0.28629437, 0.50667894, 1599.6957, 1599.6957, 955.31006, 717.7621, , 
65692.8842075, 003277, -5.661639, 0.03345039, 1.4357673, 0.6307064, -0.5167775, -0.28130698, 0.505981, 1599.6957, 1599.6957, 955.3121, 717.76697, , 
65692.900876583, 003278, -5.6668267, 0.03327177, 1.4287347, 0.6313003, -0.518235, -0.27880868, 0.50513166, 1599.6957, 1599.6957, 955.31274, 717.7686, , 
65692.917545666, 003279, -5.6716003, 0.0331727, 1.421697, 0.6318369, -0.5197426, -0.2764021, 0.50423366, 1599.2438, 1599.2438, 955.3135, 717.7708, , 
65692.950883833, 003280, -5.6805143, 0.033039834, 1.4077249, 0.632615, -0.5228279, -0.27189422, 0.5025162, 1599.2438, 1599.2438, 955.3144, 717.77435, , 
65692.96755275, 003281, -5.686147, 0.032930497, 1.4007567, 0.632932, -0.524382, -0.2697297, 0.50166357, 1599.2438, 1599.2438, 955.31494, 717.7769, , 
65693.000890875, 003282, -5.6956677, 0.032671932, 1.3870978, 0.6334463, -0.52763605, -0.26558167, 0.4998123, 1599.2438, 1599.2438, 955.3157, 717.7807, , 
65693.017559958, 003283, -5.699852, 0.03242963, 1.38045, 0.6335281, -0.529279, -0.26381058, 0.4989085, 1599.2438, 1599.2438, 955.3158, 717.78265, , 
65693.050897958, 003284, -5.708147, 0.03154732, 1.3674625, 0.63340527, -0.5323454, -0.26063663, 0.49746823, 1599.2438, 1599.2438, 955.3162, 717.7876, , 
65693.067567, 003285, -5.714163, 0.030409124, 1.3606358, 0.633338, -0.53342706, -0.25919417, 0.4971488, 1599.2438, 1599.2438, 955.31647, 717.7898, , 
65693.100905166, 003286, -5.7248683, 0.028472763, 1.3481022, 0.63362354, -0.5344624, -0.25692523, 0.49685064, 1599.2438, 1599.2438, 955.3176, 717.79285, , 
65693.117574083, 003287, -5.729841, 0.027631912, 1.3423312, 0.63388604, -0.53449076, -0.25642216, 0.49674505, 1599.2438, 1599.2438, 955.3179, 717.7929, , 
65693.134243166, 003288, -5.734914, 0.026803318, 1.336678, 0.63416666, -0.53423905, -0.25603116, 0.4968594, 1599.2438, 1599.2438, 955.31824, 717.7924, , 
65693.167581333, 003289, -5.746369, 0.02518982, 1.3252319, 0.63463277, -0.5331179, -0.25394478, 0.49853644, 1599.2438, 1599.2438, 955.3202, 717.7934, , 
65693.184250208, 003290, -5.7524147, 0.024486687, 1.3195713, 0.6350407, -0.5324228, -0.2520201, 0.4997351, 1599.2438, 1599.2438, 955.32275, 717.7952, , 
65693.217588333, 003291, -5.763637, 0.023534726, 1.3091661, 0.6369504, -0.532005, -0.24713786, 0.50018764, 1599.2438, 1599.2438, 955.32635, 717.79596, , 
65693.234257458, 003292, -5.768956, 0.023233283, 1.3043272, 0.6383601, -0.53257334, -0.24432409, 0.49916705, 1599.2438, 1599.2438, 955.3281, 717.7949, , 
65693.267595416, 003293, -5.7801814, 0.022056442, 1.2948197, 0.640729, -0.5346439, -0.23855653, 0.49670213, 1599.2438, 1599.2438, 955.32996, 717.79407, , 
65693.284264541, 003294, -5.7857556, 0.021217946, 1.2898686, 0.64137673, -0.53605914, -0.23576084, 0.4956747, 1599.2438, 1599.2438, 955.33124, 717.7954, , 
65693.300933541, 003295, -5.791287, 0.020240474, 1.2847112, 0.641738, -0.5376873, -0.23297153, 0.49476156, 1599.2438, 1599.2438, 955.33203, 717.7974, , 
65693.334271541, 003296, -5.802636, 0.017858122, 1.2738421, 0.64193404, -0.5411851, -0.22769316, 0.49314824, 1599.2438, 1599.2438, 955.3338, 717.8026, , 
65693.350940708, 003297, -5.808513, 0.016529184, 1.2682223, 0.64196897, -0.5427851, -0.22547713, 0.4923619, 1599.2438, 1599.2438, 955.33484, 717.80597, , 
65693.384278791, 003298, -5.822174, 0.013300139, 1.2557131, 0.6426282, -0.54524726, -0.22166821, 0.4905075, 1599.2438, 1599.2438, 955.33563, 717.8085, , 
65693.400947833, 003299, -5.8286195, 0.012004137, 1.2498162, 0.6432807, -0.54618704, -0.21981557, 0.48943916, 1599.2438, 1599.2438, 955.3361, 717.80853, , 
65693.417616791, 003300, -5.835198, 0.01074769, 1.243854, 0.643956, -0.5470443, -0.21790132, 0.48844862, 1599.2438, 1599.2438, 955.33673, 717.8085, , 
65693.450954916, 003301, -5.84842, 0.008510768, 1.2320013, 0.64555454, -0.54934466, -0.21399668, 0.4854741, 1599.2438, 1599.2438, 955.3373, 717.8078, , 
65693.467624041, 003302, -5.8551683, 0.0074460763, 1.2264274, 0.64645743, -0.5511354, -0.21226253, 0.48299795, 1599.2438, 1599.2438, 955.3366, 717.8065, , 
65693.500962041, 003303, -5.8674855, 0.005883153, 1.2150594, 0.6481116, -0.55623245, -0.20911899, 0.47626248, 1599.2438, 1599.2438, 955.3331, 717.8037, , 
65693.517631, 003304, -5.8734384, 0.00519643, 1.2093631, 0.6488156, -0.5591936, -0.20754284, 0.47251108, 1599.2438, 1599.2438, 955.3311, 717.80273, , 
65693.534300125, 003305, -5.879299, 0.0045712483, 1.2036036, 0.64943004, -0.5623316, -0.20581654, 0.46868256, 1599.2438, 1599.2438, 955.3294, 717.8022, , 
65693.567638166, 003306, -5.8914022, 0.0029727374, 1.1903703, 0.65027815, -0.5691497, -0.20137897, 0.46114364, 1599.6957, 1599.6957, 955.3257, 717.8029, , 
65693.584307208, 003307, -5.897271, 0.0025028884, 1.1839318, 0.6507207, -0.572462, -0.19790795, 0.4579107, 1599.6957, 1599.6957, 955.3251, 717.80457, , 
65693.600976208, 003308, -5.903034, 0.0022443277, 1.1775533, 0.65134954, -0.57564974, -0.19356039, 0.4548686, 1599.6957, 1599.6957, 955.3253, 717.8067, , 
65693.63431425, 003309, -5.913846, 0.0022947076, 1.1651447, 0.65284204, -0.5824908, -0.18438736, 0.44777554, 1599.6957, 1599.6957, 955.3261, 717.811, , 
65693.650983375, 003310, -5.919004, 0.0024774, 1.1589886, 0.65339315, -0.5860148, -0.17982498, 0.4442151, 1599.6957, 1599.6957, 955.32623, 717.8129, , 
65693.684321458, 003311, -5.930082, 0.0023104069, 1.1456008, 0.6542215, -0.59186774, -0.16918072, 0.43939137, 1599.6957, 1599.6957, 955.32904, 717.8201, , 
65693.700990583, 003312, -5.935183, 0.0026089284, 1.1392401, 0.6549643, -0.59409875, -0.1634488, 0.43743894, 1599.2438, 1599.2438, 955.33136, 717.823, , 
65693.734328583, 003313, -5.944539, 0.0036102273, 1.1273917, 0.6572966, -0.5979845, -0.15359816, 0.43218428, 1599.2438, 1599.2438, 955.33484, 717.8244, , 
65693.750997583, 003314, -5.948756, 0.0042140074, 1.1218567, 0.6586916, -0.5998578, -0.14963631, 0.42884138, 1599.2438, 1599.2438, 955.3352, 717.823, , 
65693.767666666, 003315, -5.9521523, 0.003979575, 1.1159596, 0.65986603, -0.6017844, -0.14619307, 0.42551133, 1599.2438, 1599.2438, 955.3351, 717.8215, , 
65693.801004625, 003316, -5.959377, 0.0044975914, 1.104457, 0.66094154, -0.6059494, -0.14004828, 0.4199619, 1599.2438, 1599.2438, 955.3347, 717.82104, , 
65693.817673708, 003317, -5.962982, 0.0045974962, 1.0983586, 0.66081506, -0.6078145, -0.13707, 0.41844562, 1599.2438, 1599.2438, 955.3353, 717.82324, , 
65693.85101175, 003318, -5.970299, 0.0048219524, 1.0858642, 0.6606777, -0.6103018, -0.13110426, 0.41695133, 1599.2438, 1599.2438, 955.3387, 717.82904, , 
65693.86768075, 003319, -5.97361, 0.004502658, 1.080308, 0.66100276, -0.61116385, -0.12859167, 0.41595465, 1599.2438, 1599.2438, 955.3397, 717.82983, , 
65693.901018958, 003320, -5.980267, 0.004953865, 1.0686018, 0.66176206, -0.613063, -0.12530841, 0.41294384, 1599.2438, 1599.2438, 955.3402, 717.8294, , 
65693.917688041, 003321, -5.9834547, 0.0050944947, 1.0626338, 0.6618402, -0.6142518, -0.12409269, 0.41141608, 1599.2438, 1599.2438, 955.3397, 717.8296, , 
65693.951025958, 003322, -5.9898987, 0.0050923936, 1.0500822, 0.6617301, -0.6162321, -0.12131973, 0.40945435, 1599.2438, 1599.2438, 955.33997, 717.8318, , 
65693.967695125, 003323, -5.993214, 0.005047742, 1.0435238, 0.6619179, -0.6166342, -0.11974889, 0.40900728, 1599.2438, 1599.2438, 955.34064, 717.83246, , 
65693.984364166, 003324, -5.9965844, 0.005425501, 1.037388, 0.6624549, -0.61657923, -0.118234485, 0.40866113, 1599.2438, 1599.2438, 955.3418, 717.83185, , 
65694.017702166, 003325, -6.003051, 0.00571752, 1.0241765, 0.6640606, -0.61585176, -0.11608251, 0.40776834, 1599.6957, 1599.6957, 955.34265, 717.8281, , 
65694.034371208, 003326, -6.006087, 0.005795408, 1.017335, 0.664826, -0.6154865, -0.11526591, 0.40730396, 1599.6957, 1599.6957, 955.34296, 717.8254, , 
65694.067709333, 003327, -6.011653, 0.0054997616, 1.0037106, 0.6655669, -0.61527914, -0.11435914, 0.40666243, 1599.6957, 1599.6957, 955.3432, 717.8231, , 
65694.08437825, 003328, -6.0141516, 0.0054202788, 0.99662286, 0.66570073, -0.61547285, -0.1141961, 0.40619567, 1599.6957, 1599.6957, 955.3431, 717.82263, , 
65694.117716458, 003329, -6.0186806, 0.0053144656, 0.9822766, 0.6657645, -0.6160697, -0.115352675, 0.40485746, 1599.6957, 1599.6957, 955.34125, 717.82153, , 
65694.1343855, 003330, -6.020817, 0.005241711, 0.97504854, 0.66578126, -0.61627734, -0.116697036, 0.40412793, 1599.2438, 1599.2438, 955.33984, 717.8207, , 
65694.1677235, 003331, -6.0260954, 0.004282046, 0.9598738, 0.6661785, -0.61629117, -0.1194108, 0.40265682, 1599.2438, 1599.2438, 955.33636, 717.81744, , 
65694.184392583, 003332, -6.028337, 0.0039398638, 0.9522302, 0.666358, -0.61626357, -0.12058275, 0.40205234, 1599.2438, 1599.2438, 955.3351, 717.81604, , 
65694.201061625, 003333, -6.0304136, 0.0036070235, 0.94452816, 0.6664868, -0.6163001, -0.12175411, 0.40142936, 1599.2438, 1599.2438, 955.3339, 717.8148, , 
65694.234399625, 003334, -6.0341024, 0.0029635318, 0.92902374, 0.6667235, -0.61678654, -0.12472748, 0.39937097, 1599.2438, 1599.2438, 955.3303, 717.81146, , 
65694.251068708, 003335, -6.0357733, 0.00262088, 0.92109823, 0.6666552, -0.61717016, -0.12660587, 0.39830002, 1599.6957, 1599.6957, 955.3283, 717.8101, , 
65694.284406791, 003336, -6.041612, 0.0013932995, 0.9041296, 0.6661962, -0.6170797, -0.12984736, 0.39816448, 1599.6957, 1599.6957, 955.3253, 717.8091, , 
65694.301075666, 003337, -6.043592, 0.001200106, 0.89557433, 0.6661314, -0.61652374, -0.13079274, 0.39882427, 1599.6957, 1599.6957, 955.32495, 717.80884, , 
65694.334413875, 003338, -6.0472817, 0.0012672581, 0.87847674, 0.6665519, -0.61500293, -0.1311899, 0.40033615, 1599.6957, 1599.6957, 955.3258, 717.8074, , 
65694.351082916, 003339, -6.048797, 0.0015299283, 0.87013346, 0.66697395, -0.61454296, -0.13112544, 0.40036082, 1599.6957, 1599.6957, 955.326, 717.80615, , 
65694.384420958, 003340, -6.052905, 0.0025551058, 0.85304964, 0.66755, -0.6147032, -0.13181326, 0.39892635, 1599.6957, 1599.6957, 955.3247, 717.80304, , 
65694.40109, 003341, -6.0540695, 0.003031604, 0.8446632, 0.6674908, -0.6150811, -0.1323019, 0.39828068, 1599.6957, 1599.6957, 955.3239, 717.8026, , 
65694.434428166, 003342, -6.0564137, 0.003904648, 0.82721704, 0.6668672, -0.6153143, -0.13182434, 0.3991225, 1599.6957, 1599.6957, 955.32416, 717.8046, , 
65694.451097041, 003343, -6.057713, 0.0043026917, 0.8182325, 0.6664344, -0.61491585, -0.13075115, 0.40080908, 1599.6957, 1599.6957, 955.3258, 717.8068, , 
65694.484435208, 003344, -6.0618806, 0.005679868, 0.799528, 0.6666139, -0.61348104, -0.12872754, 0.40335605, 1599.2438, 1599.2438, 955.3296, 717.809, , 
65694.501104291, 003345, -6.062958, 0.00639977, 0.79170245, 0.66746414, -0.6127351, -0.12820415, 0.40325058, 1599.2438, 1599.2438, 955.3301, 717.8071, , 
65694.534442291, 003346, -6.0645084, 0.007658582, 0.7771872, 0.6696837, -0.6116609, -0.12776926, 0.40133485, 1599.2438, 1599.2438, 955.32916, 717.7991, , 
65694.551111375, 003347, -6.065176, 0.008000974, 0.7700718, 0.6705273, -0.6112553, -0.12771712, 0.40056026, 1599.2438, 1599.2438, 955.3287, 717.79614, , 
65694.567780375, 003348, -6.0672174, 0.0074484535, 0.7606199, 0.6712235, -0.61087614, -0.12768541, 0.39998215, 1599.2438, 1599.2438, 955.3283, 717.79376, , 
65694.601118416, 003349, -6.0686927, 0.0072048265, 0.74576265, 0.6720558, -0.61040586, -0.12828264, 0.3991105, 1599.2438, 1599.2438, 955.3274, 717.7897, , 
65694.617787458, 003350, -6.069374, 0.006988805, 0.73834264, 0.67217505, -0.61017895, -0.12870072, 0.39912203, 1599.2438, 1599.2438, 955.32697, 717.7887, , 
65694.651125625, 003351, -6.071084, 0.0062859617, 0.72295946, 0.6719677, -0.60934067, -0.12805797, 0.40095425, 1599.2438, 1599.2438, 955.3283, 717.78955, , 
65694.667794708, 003352, -6.0730686, 0.0061782636, 0.7134041, 0.67201686, -0.6086891, -0.12649897, 0.40235424, 1599.2438, 1599.2438, 955.3301, 717.7907, , 
65694.701132708, 003353, -6.0752635, 0.0055169133, 0.69782424, 0.67262304, -0.6077573, -0.12216186, 0.40408644, 1599.2438, 1599.2438, 955.3351, 717.7922, , 
65694.717801708, 003354, -6.0761204, 0.0051538534, 0.69045895, 0.67286897, -0.60787636, -0.1200894, 0.40411898, 1599.6957, 1599.6957, 955.33673, 717.7926, , 
65694.751139708, 003355, -6.07732, 0.0040669106, 0.6759067, 0.67234176, -0.6097294, -0.11574584, 0.40347174, 1599.2438, 1599.2438, 955.33936, 717.7968, , 
65694.767808833, 003356, -6.077826, 0.0032884402, 0.6684145, 0.67151314, -0.6113443, -0.113506645, 0.40304402, 1599.2438, 1599.2438, 955.3405, 717.8006, , 
65694.801146916, 003357, -6.079594, 0.0011927709, 0.651728, 0.6696262, -0.6152201, -0.10937061, 0.40142614, 1599.2438, 1599.2438, 955.3423, 717.81067, , 
65694.817816041, 003358, -6.0800266, 0.0003316924, 0.6442092, 0.66900086, -0.6171968, -0.107150845, 0.4000306, 1599.2438, 1599.2438, 955.34265, 717.814, , 
65694.851154041, 003359, -6.080998, -0.0014170371, 0.6290308, 0.6684942, -0.62041926, -0.10223417, 0.39716935, 1599.2438, 1599.2438, 955.34406, 717.8194, , 
65694.867823083, 003360, -6.081391, -0.0033990145, 0.62086654, 0.6686221, -0.62158465, -0.09976607, 0.39575708, 1599.2438, 1599.2438, 955.3446, 717.8204, , 
65694.901161, 003361, -6.082754, -0.0054836236, 0.6049588, 0.6695587, -0.6233437, -0.0950054, 0.39256546, 1599.2438, 1599.2438, 955.34576, 717.8199, , 
65694.917830166, 003362, -6.083415, -0.006469883, 0.5968947, 0.67022246, -0.6242444, -0.09243948, 0.39060935, 1599.2438, 1599.2438, 955.3461, 717.819, , 
65694.95116825, 003363, -6.0844955, -0.008499816, 0.58049643, 0.6712944, -0.6265978, -0.08721825, 0.38617608, 1599.2438, 1599.2438, 955.3465, 717.81757, , 
65694.967837375, 003364, -6.0841794, -0.011176951, 0.57444245, 0.67165405, -0.62820864, -0.084802285, 0.3834623, 1599.2438, 1599.2438, 955.3461, 717.81726, , 
65694.984506208, 003365, -6.084292, -0.012373529, 0.5666413, 0.671982, -0.6300951, -0.08247286, 0.38028738, 1599.2438, 1599.2438, 955.3454, 717.8171, , 
65695.017844375, 003366, -6.084261, -0.014055822, 0.5508336, 0.6731706, -0.6342534, -0.077198125, 0.37229612, 1599.2438, 1599.2438, 955.3428, 717.81494, , 
65695.034513458, 003367, -6.084084, -0.014679354, 0.5428962, 0.67399067, -0.6363921, -0.074208654, 0.36774275, 1599.6957, 1599.6957, 955.3414, 717.8133, , 
65695.067851375, 003368, -6.082483, -0.016661357, 0.5282333, 0.67488414, -0.6404096, -0.067268774, 0.36039132, 1599.6957, 1599.6957, 955.33997, 717.81195, , 
65695.084520541, 003369, -6.0819974, -0.017223485, 0.5202072, 0.67522, -0.6422081, -0.06309516, 0.35730305, 1599.6957, 1599.6957, 955.3405, 717.8124, , 
65695.117858666, 003370, -6.080588, -0.017381724, 0.5050444, 0.6770131, -0.64574033, -0.0549704, 0.3487849, 1599.6957, 1599.6957, 955.34033, 717.8089, , 
65695.134527541, 003371, -6.079415, -0.017193515, 0.49808174, 0.67801964, -0.64795583, -0.05183964, 0.34315494, 1599.6957, 1599.6957, 955.33844, 717.80615, , 
65695.151196583, 003372, -6.0779576, -0.01709675, 0.49117625, 0.6785263, -0.650603, -0.049156673, 0.33749288, 1599.2438, 1599.2438, 955.3361, 717.80426, , 
65695.184534791, 003373, -6.073701, -0.01802481, 0.47817034, 0.6773701, -0.65665495, -0.04265604, 0.3288686, 1599.2438, 1599.2438, 955.3333, 717.8085, , 
65695.201203708, 003374, -6.071739, -0.018744234, 0.47085506, 0.67624897, -0.659451, -0.037845813, 0.32615843, 1599.2438, 1599.2438, 955.3345, 717.8131, , 
65695.234541833, 003375, -6.068093, -0.02002057, 0.45598203, 0.67523783, -0.66377854, -0.025937501, 0.32059187, 1599.2438, 1599.2438, 955.3396, 717.82086, , 
65695.251210875, 003376, -6.0661793, -0.020544361, 0.44901586, 0.67556506, -0.6654334, -0.019749062, 0.31689128, 1599.6957, 1599.6957, 955.34125, 717.82104, , 
65695.267879833, 003377, -6.0642157, -0.020950302, 0.44168985, 0.67620754, -0.666805, -0.013443376, 0.31294343, 1599.2438, 1599.2438, 955.3428, 717.8201, , 
65695.301218, 003378, -6.059541, -0.022167996, 0.42856717, 0.6767829, -0.66991264, 0.000330804, 0.30525693, 1599.2438, 1599.2438, 955.3473, 717.8184, , 
65695.317887041, 003379, -6.056745, -0.022922717, 0.42218792, 0.67633206, -0.6719401, 0.0072179846, 0.3016942, 1599.2438, 1599.2438, 955.34973, 717.8195, , 
65695.351225083, 003380, -6.050315, -0.024421643, 0.40997702, 0.6743299, -0.6768145, 0.019471548, 0.29465574, 1599.2438, 1599.2438, 955.3551, 717.8263, , 
65695.367894083, 003381, -6.04673, -0.0249151, 0.40393823, 0.6733563, -0.67923814, 0.02507874, 0.29085702, 1599.2438, 1599.2438, 955.3568, 717.82935, , 
65695.384563166, 003382, -6.0428834, -0.025095437, 0.39754874, 0.67260444, -0.6814813, 0.030450188, 0.28680873, 1599.6957, 1599.6957, 955.35846, 717.8319, , 
65695.417901291, 003383, -6.0351624, -0.02546455, 0.3864388, 0.67124456, -0.68559927, 0.040183626, 0.27887192, 1599.2438, 1599.2438, 955.36005, 717.83466, , 
65695.434570208, 003384, -6.031154, -0.025630739, 0.38103276, 0.6703489, -0.6876214, 0.04471207, 0.27533603, 1599.2438, 1599.2438, 955.36145, 717.83734, , 
65695.45123925, 003385, -6.027023, -0.025732383, 0.3756747, 0.6694578, -0.6895639, 0.04912291, 0.2718729, 1599.2438, 1599.2438, 955.3624, 717.83936, , 
65695.484577416, 003386, -6.018505, -0.025874324, 0.36491874, 0.6681256, -0.69292825, 0.057265542, 0.26491332, 1599.2438, 1599.2438, 955.364, 717.8424, , 
65695.501246375, 003387, -6.014149, -0.025774837, 0.35956997, 0.6677524, -0.69426686, 0.06112392, 0.26146516, 1599.2438, 1599.2438, 955.3644, 717.8428, , 
65695.517915416, 003388, -6.009726, -0.025577787, 0.35423008, 0.6675838, -0.69534117, 0.06506013, 0.25806892, 1599.2438, 1599.2438, 955.36487, 717.8424, , 
65695.551253583, 003389, -6.0005393, -0.024893135, 0.34375182, 0.6678427, -0.69697, 0.07292183, 0.2508011, 1599.2438, 1599.2438, 955.3653, 717.8389, , 
65695.5679225, 003390, -5.995542, -0.024107285, 0.33882505, 0.6681723, -0.6977069, 0.076658845, 0.2467269, 1599.2438, 1599.2438, 955.3649, 717.8366, , 
65695.5845915, 003391, -5.990187, -0.022881877, 0.33412895, 0.6685363, -0.6984181, 0.08020924, 0.24256475, 1599.2438, 1599.2438, 955.36426, 717.83405, , 
65695.617929708, 003392, -5.979406, -0.021058816, 0.32438922, 0.6692239, -0.69982916, 0.0867176, 0.23421891, 1599.2438, 1599.2438, 955.3622, 717.82825, , 
65695.634598791, 003393, -5.973811, -0.020058218, 0.31964594, 0.6696537, -0.70048076, 0.08961235, 0.22991326, 1599.2438, 1599.2438, 955.361, 717.8257, , 
65695.651267666, 003394, -5.9680295, -0.0189257, 0.31510022, 0.670171, -0.70114005, 0.092176795, 0.225337, 1599.2438, 1599.2438, 955.3587, 717.82184, , 
65695.667936791, 003395, -5.962143, -0.017951779, 0.31068635, 0.6707682, -0.7018253, 0.094260104, 0.22051345, 1599.6957, 1599.6957, 955.35645, 717.8188, , 
65695.701274875, 003396, -5.950017, -0.01577358, 0.30269605, 0.6722743, -0.7033236, 0.09678472, 0.2097998, 1599.2438, 1599.2438, 955.3502, 717.81244, , 
65695.717943791, 003397, -5.9436903, -0.014149614, 0.29927808, 0.673329, -0.7041242, 0.09722368, 0.2034321, 1599.2438, 1599.2438, 955.34436, 717.80725, , 
65695.734612875, 003398, -5.937143, -0.012434293, 0.29591703, 0.6742752, -0.70508724, 0.09734158, 0.19679837, 1599.6957, 1599.6957, 955.3395, 717.80334, , 
65695.751281958, 003399, -5.9302964, -0.010795016, 0.29223204, 0.67461765, -0.706327, 0.09769362, 0.19091636, 1599.2438, 1599.2438, 955.3352, 717.8008, , 
65695.784620041, 003400, -5.9162335, -0.007950004, 0.28253746, 0.6728509, -0.7091305, 0.10161275, 0.1846086, 1599.2438, 1599.2438, 955.33215, 717.8037, , 
65695.801288916, 003401, -5.9090376, -0.0065043312, 0.2776788, 0.6716858, -0.7101287, 0.10556596, 0.18278675, 1599.2438, 1599.2438, 955.33356, 717.8063, , 
65695.817958041, 003402, -5.901852, -0.004832387, 0.27347368, 0.6710687, -0.7107785, 0.110102676, 0.17982768, 1599.2438, 1599.2438, 955.3356, 717.80695, , 
65695.834627125, 003403, -5.8946767, -0.0029278211, 0.27007583, 0.67094696, -0.7114062, 0.11431095, 0.17511286, 1599.2438, 1599.2438, 955.33545, 717.80536, , 
65695.867965083, 003404, -5.8803945, 0.0012565628, 0.26505345, 0.67037594, -0.7139266, 0.12051997, 0.16241801, 1599.2438, 1599.2438, 955.331, 717.8024, , 
65695.884634208, 003405, -5.8733397, 0.0034554792, 0.26294345, 0.6692108, -0.7160113, 0.12321468, 0.15589389, 1599.2438, 1599.2438, 955.32904, 717.804, , 
65695.901303208, 003406, -5.8659205, 0.0055562514, 0.26087478, 0.6675548, -0.71843386, 0.12594844, 0.14953342, 1599.6957, 1599.6957, 955.3273, 717.80725, , 
65695.917972291, 003407, -5.858429, 0.00772072, 0.25906205, 0.665853, -0.7208643, 0.12866528, 0.14296716, 1599.6957, 1599.6957, 955.3253, 717.8124, , 
65695.934641375, 003408, -5.851003, 0.009968925, 0.257618, 0.66441077, -0.7230669, 0.13129736, 0.13599096, 1599.2438, 1599.2438, 955.32355, 717.8153, , 
65695.951310291, 003409, -5.8437157, 0.012239795, 0.25655752, 0.66340256, -0.7248634, 0.13379987, 0.12871543, 1599.2438, 1599.2438, 955.3215, 717.8172, , 
65695.967979416, 003410, -5.8368654, 0.014294144, 0.25557524, 0.6628291, -0.7261446, 0.1364128, 0.12150394, 1599.6957, 1599.6957, 955.3185, 717.8176, , 
65696.0013175, 003411, -5.8235126, 0.01789989, 0.25404638, 0.6623216, -0.72730774, 0.1431082, 0.10896573, 1599.6957, 1599.6957, 955.3153, 717.81506, , 
65696.017986416, 003412, -5.8167906, 0.019599367, 0.25371867, 0.66238123, -0.72724414, 0.14723603, 0.103385806, 1599.6957, 1599.6957, 955.3143, 717.81244, , 
65696.034655458, 003413, -5.810153, 0.021252554, 0.25374362, 0.66269284, -0.72685647, 0.1514746, 0.09784273, 1599.6957, 1599.6957, 955.31287, 717.80743, , 
65696.051324583, 003414, -5.803573, 0.022885498, 0.25418428, 0.66321427, -0.7262627, 0.15561861, 0.092044346, 1599.6957, 1599.6957, 955.3117, 717.8028, , 
65696.067993625, 003415, -5.797098, 0.02427226, 0.25460187, 0.6638407, -0.7255647, 0.1595869, 0.08604236, 1599.2438, 1599.2438, 955.3102, 717.7977, , 
65696.084662666, 003416, -5.790599, 0.025603648, 0.25510728, 0.664288, -0.7249962, 0.16330312, 0.080213115, 1599.2438, 1599.2438, 955.30835, 717.7916, , 
65696.101331625, 003417, -5.7839174, 0.027173985, 0.25598377, 0.6643004, -0.72470796, 0.16706471, 0.07478455, 1599.2438, 1599.2438, 955.3073, 717.7882, , 
65696.134669791, 003418, -5.770216, 0.030734409, 0.25820953, 0.6628841, -0.72501093, 0.1753311, 0.06482837, 1599.2438, 1599.2438, 955.3063, 717.78516, , 
65696.151338833, 003419, -5.763431, 0.03280018, 0.2596386, 0.66184413, -0.72532934, 0.17971534, 0.05968288, 1599.2438, 1599.2438, 955.306, 717.78485, , 
65696.16800775, 003420, -5.7568097, 0.03511152, 0.2613816, 0.6607347, -0.7256146, 0.18437, 0.05404431, 1599.2438, 1599.2438, 955.3058, 717.7844, , 
65696.184676791, 003421, -5.7498226, 0.037833042, 0.26233757, 0.6595328, -0.7258412, 0.18943496, 0.047805328, 1599.6957, 1599.6957, 955.3053, 717.7837, , 
65696.201345916, 003422, -5.7428994, 0.040800963, 0.2634117, 0.65815496, -0.7261225, 0.1946862, 0.040930193, 1599.6957, 1599.6957, 955.30475, 717.7832, , 
65696.234684, 003423, -5.7304378, 0.046846036, 0.268646, 0.6547348, -0.72745156, 0.20366438, 0.025640504, 1599.6957, 1599.6957, 955.30273, 717.78546, , 
65696.251352958, 003424, -5.724533, 0.049949255, 0.27204677, 0.652884, -0.72850317, 0.20672281, 0.017066574, 1599.6957, 1599.6957, 955.3013, 717.78796, , 
65696.268022, 003425, -5.7179704, 0.05321383, 0.27498686, 0.6511173, -0.7296343, 0.20884503, 0.007979313, 1599.6957, 1599.6957, 955.2995, 717.79114, , 
65696.284691083, 003426, -5.7115717, 0.056477282, 0.27806056, 0.64962137, -0.73059505, 0.21028768, -0.0014120428, 1599.6957, 1599.6957, 955.29755, 717.79425, , 
65696.301360166, 003427, -5.7061663, 0.05956863, 0.281891, 0.64849204, -0.7311602, 0.21152553, -0.010936403, 1599.6957, 1599.6957, 955.29486, 717.79736, , 
65696.318029083, 003428, -5.701298, 0.06249984, 0.28592867, 0.6476416, -0.73128086, 0.21303403, -0.020129956, 1599.6957, 1599.6957, 955.2931, 717.79846, , 
65696.35136725, 003429, -5.6924815, 0.067706995, 0.29375288, 0.6463575, -0.73055387, 0.21724816, -0.036278136, 1599.6957, 1599.6957, 955.2902, 717.79803, , 
65696.36803625, 003430, -5.6875997, 0.06994077, 0.29661518, 0.64572763, -0.7299937, 0.21979512, -0.042837773, 1599.6957, 1599.6957, 955.28937, 717.7973, , 
65696.384705291, 003431, -5.682713, 0.071933016, 0.29916573, 0.64489543, -0.72943264, 0.22292414, -0.048400037, 1599.6957, 1599.6957, 955.2888, 717.79645, , 
65696.401374291, 003432, -5.678327, 0.073653564, 0.3019721, 0.6436503, -0.72900516, 0.22682355, -0.05307206, 1599.6957, 1599.6957, 955.2886, 717.7959, , 
65696.434712416, 003433, -5.670182, 0.076422915, 0.30752027, 0.64018404, -0.7285167, 0.23606807, -0.060824323, 1599.6957, 1599.6957, 955.28906, 717.79663, , 
65696.4513815, 003434, -5.6664867, 0.07763916, 0.31026596, 0.6383916, -0.72820044, 0.24083138, -0.06465604, 1599.6957, 1599.6957, 955.28937, 717.797, , 
65696.468050333, 003435, -5.6627555, 0.07849763, 0.3116756, 0.6366953, -0.727757, 0.24546313, -0.06882347, 1599.2438, 1599.2438, 955.2896, 717.7972, , 
65696.484719416, 003436, -5.6592126, 0.07935698, 0.31314254, 0.6349534, -0.72736067, 0.24976538, -0.073470145, 1599.6957, 1599.6957, 955.28973, 717.7975, , 
65696.5013885, 003437, -5.656023, 0.08055014, 0.31565043, 0.6331225, -0.72706187, 0.25365, -0.07872968, 1599.6957, 1599.6957, 955.28986, 717.7984, , 
65696.534726625, 003438, -5.6504536, 0.08393812, 0.32181084, 0.6300281, -0.726181, 0.2595829, -0.09133687, 1599.6957, 1599.6957, 955.28937, 717.8011, , 
65696.551395583, 003439, -5.6481314, 0.08611864, 0.32525194, 0.628973, -0.7252584, 0.26196525, -0.09883057, 1599.6957, 1599.6957, 955.2888, 717.8015, , 
65696.568064625, 003440, -5.64531, 0.088283986, 0.32814467, 0.62805855, -0.72404003, 0.2644927, -0.10654637, 1599.6957, 1599.6957, 955.28796, 717.8011, , 
65696.60140275, 003441, -5.640398, 0.0930666, 0.33383757, 0.62632686, -0.7214666, 0.2698289, -0.11997059, 1599.6957, 1599.6957, 955.28705, 717.7995, , 
65696.618071666, 003442, -5.6384535, 0.095677584, 0.33666202, 0.62572545, -0.72020787, 0.27202123, -0.12558934, 1599.6957, 1599.6957, 955.2866, 717.79816, , 
65696.63474075, 003443, -5.6367235, 0.09834483, 0.3394302, 0.6253216, -0.71888465, 0.2738506, -0.13108565, 1599.6957, 1599.6957, 955.2864, 717.79694, , 
65696.668078833, 003444, -5.6338377, 0.10356145, 0.34501088, 0.6247256, -0.71570116, 0.2777188, -0.14269488, 1600.1476, 1600.1476, 955.28564, 717.79315, , 
65696.684747833, 003445, -5.6307316, 0.10558055, 0.34736997, 0.62433136, -0.71377957, 0.28046936, -0.14854625, 1600.1476, 1600.1476, 955.28546, 717.7907, , 
65696.701416833, 003446, -5.628809, 0.1076448, 0.34998792, 0.6236051, -0.71184224, 0.28402832, -0.15403007, 1599.6957, 1599.6957, 955.2851, 717.788, , 
65696.734755041, 003447, -5.6250653, 0.111203805, 0.35526085, 0.62032896, -0.7092258, 0.29272118, -0.16280386, 1599.6957, 1599.6957, 955.2847, 717.7849, , 
65696.751424041, 003448, -5.6228156, 0.11268611, 0.35805565, 0.61757636, -0.7086552, 0.29775578, -0.16657926, 1599.6957, 1599.6957, 955.28485, 717.7859, , 
65696.768092958, 003449, -5.617931, 0.11515005, 0.3607723, 0.6142534, -0.7082519, 0.30330557, -0.17052145, 1600.1476, 1600.1476, 955.2851, 717.78784, , 
65696.801431125, 003450, -5.6133256, 0.1180768, 0.36838645, 0.6074953, -0.7059385, 0.31526548, -0.18223041, 1599.6957, 1599.6957, 955.28546, 717.7914, , 
65696.81810025, 003451, -5.611655, 0.11940044, 0.37306347, 0.60411614, -0.7039281, 0.3215136, -0.19015199, 1600.1476, 1600.1476, 955.2855, 717.79205, , 
65696.851438208, 003452, -5.6089873, 0.12166721, 0.38373145, 0.5967693, -0.698558, 0.33542308, -0.20826536, 1600.1476, 1600.1476, 955.2855, 717.7921, , 
65696.868107291, 003453, -5.6053743, 0.123582855, 0.38835, 0.592625, -0.6954604, 0.3432862, -0.21745129, 1600.1476, 1600.1476, 955.28546, 717.79156, , 
65696.884776291, 003454, -5.6038485, 0.12453674, 0.39407066, 0.58831435, -0.6921024, 0.35140184, -0.2267097, 1600.1476, 1600.1476, 955.28534, 717.79034, , 
65696.91811425, 003455, -5.601365, 0.12571663, 0.4061631, 0.5789243, -0.68510044, 0.36795273, -0.24514236, 1600.1476, 1600.1476, 955.2851, 717.78864, , 
65696.934783416, 003456, -5.6001415, 0.125962, 0.41236812, 0.57372934, -0.6816957, 0.37632722, -0.2539752, 1600.1476, 1600.1476, 955.2851, 717.78827, , 
65696.968121458, 003457, -5.5969086, 0.12567799, 0.42466688, 0.5623691, -0.6753682, 0.39297876, -0.27053016, 1599.6957, 1599.6957, 955.2852, 717.7891, , 
65696.984790416, 003458, -5.595156, 0.12522829, 0.43095195, 0.55623263, -0.6722969, 0.40115684, -0.27873865, 1599.6957, 1599.6957, 955.28546, 717.7908, , 
65697.018128583, 003459, -5.5930905, 0.12424968, 0.44438666, 0.5436796, -0.6658172, 0.41702726, -0.29527634, 1599.6957, 1599.6957, 955.286, 717.7937, , 
65697.034797666, 003460, -5.592439, 0.12362987, 0.4513572, 0.53724676, -0.6624198, 0.4248603, -0.30341324, 1599.6957, 1599.6957, 955.28625, 717.7951, , 
65697.068135541, 003461, -5.591086, 0.12219545, 0.4653083, 0.5242192, -0.6556039, 0.44012943, -0.31884757, 1599.6957, 1599.6957, 955.2869, 717.79785, , 
65697.084804666, 003462, -5.590433, 0.121367574, 0.4722817, 0.5178613, -0.65231067, 0.44724056, -0.32601547, 1600.1476, 1600.1476, 955.2873, 717.7991, , 
65697.118142791, 003463, -5.590532, 0.119471416, 0.48689544, 0.50504404, -0.64525324, 0.46134436, -0.34020597, 1599.6957, 1599.6957, 955.28796, 717.8012, , 
65697.134811708, 003464, -5.5909595, 0.11842221, 0.49443936, -0.49835327, 0.64148134, -0.46853182, 0.34730905, 1599.6957, 1599.6957, 955.2883, 717.8017, , 
65697.168149875, 003465, -5.5924945, 0.116252095, 0.50974584, -0.4847517, 0.6341955, -0.48214248, 0.36104074, 1599.6957, 1599.6957, 955.28937, 717.80365, , 
65697.184818875, 003466, -5.5935073, 0.1151164, 0.51754695, -0.47780803, 0.6307563, -0.48853454, 0.3676681, 1599.6957, 1599.6957, 955.29, 717.80505, , 
65697.218156875, 003467, -5.5955544, 0.11234774, 0.5340962, -0.46322665, 0.62426364, -0.5009776, 0.38044378, 1599.6957, 1599.6957, 955.2917, 717.8099, , 
65697.234825958, 003468, -5.596871, 0.110887736, 0.54270786, -0.4558271, 0.620952, -0.5070061, 0.38676217, 1599.6957, 1599.6957, 955.29266, 717.8121, , 
65697.268164125, 003469, -5.6003375, 0.10804279, 0.56043553, -0.44153062, 0.6135348, -0.518549, 0.3996658, 1599.6957, 1599.6957, 955.2945, 717.81604, , 
65697.284833041, 003470, -5.602336, 0.10664722, 0.5696983, -0.43394718, 0.609343, -0.5247024, 0.4062984, 1599.6957, 1599.6957, 955.2952, 717.8171, , 
65697.301502041, 003471, -5.6042886, 0.10528702, 0.57891583, -0.42675844, 0.60564226, -0.53037447, 0.41204056, 1599.6957, 1599.6957, 955.2959, 717.818, , 
65697.334840083, 003472, -5.6081676, 0.10270324, 0.59759295, -0.41210854, 0.599058, -0.54157096, 0.4218967, 1599.6957, 1599.6957, 955.29846, 717.8199, , 
65697.368178208, 003473, -5.6106815, 0.099408545, 0.61704355, -0.3980289, 0.59327525, -0.55204725, 0.42993164, 1599.6957, 1599.6957, 955.3017, 717.82086, , 
65697.384847208, 003474, -5.61263, 0.098097436, 0.6265633, -0.3919617, 0.5902999, -0.5568318, 0.43341696, 1599.2438, 1599.2438, 955.30286, 717.8202, , 
65697.401516333, 003475, -5.614969, 0.09693586, 0.6359815, -0.38660297, 0.5869833, -0.5613095, 0.4369441, 1599.2438, 1599.2438, 955.3037, 717.81866, , 
65697.434854291, 003476, -5.6204, 0.09482992, 0.65490764, -0.3768237, 0.5794236, -0.5696964, 0.44465506, 1599.6957, 1599.6957, 955.30426, 717.8136, , 
65697.451523333, 003477, -5.6231923, 0.09381029, 0.66448545, -0.37209103, 0.5757123, -0.5736028, 0.44842318, 1599.6957, 1599.6957, 955.3045, 717.81146, , 
65697.468192458, 003478, -5.6252937, 0.09252113, 0.6738966, -0.36752713, 0.5723452, -0.5770777, 0.45202434, 1599.6957, 1599.6957, 955.3049, 717.8095, , 
65697.501530625, 003479, -5.630047, 0.09021039, 0.6931148, -0.35915682, 0.565952, -0.582677, 0.4595564, 1599.6957, 1599.6957, 955.3052, 717.8087, , 
65697.518199416, 003480, -5.6327105, 0.08924902, 0.7027925, -0.35566482, 0.56272817, -0.58496916, 0.46330392, 1599.6957, 1599.6957, 955.30505, 717.8085, , 
65697.534868583, 003481, -5.635319, 0.088365406, 0.71240884, -0.3525603, 0.5595708, -0.5871457, 0.46673495, 1599.6957, 1599.6957, 955.30475, 717.80756, , 
65697.568206666, 003482, -5.639436, 0.08664997, 0.7314496, -0.34676185, 0.553877, -0.5917449, 0.47203225, 1599.6957, 1599.6957, 955.30426, 717.8047, , 
65697.584875583, 003483, -5.6411414, 0.085935645, 0.7409002, -0.3438707, 0.5514921, -0.59436846, 0.47364068, 1599.6957, 1599.6957, 955.3044, 717.8015, , 
65697.618213708, 003484, -5.644201, 0.084850416, 0.759495, -0.33850127, 0.54728055, -0.60007, 0.47520196, 1599.6957, 1599.6957, 955.30505, 717.79456, , 
65697.634882833, 003485, -5.6457286, 0.084444046, 0.768688, -0.3361477, 0.54501975, -0.6029193, 0.47586408, 1599.6957, 1599.6957, 955.3054, 717.7889, , 
65697.651551916, 003486, -5.647278, 0.08409248, 0.77786034, -0.333984, 0.5427611, -0.60564137, 0.476512, 1599.2438, 1599.2438, 955.30554, 717.7845, , 
65697.684889875, 003487, -5.6479983, 0.08219941, 0.7954909, -0.32973686, 0.5389387, -0.61078924, 0.47723684, 1599.2438, 1599.2438, 955.3063, 717.77496, , 
65697.701558958, 003488, -5.649293, 0.08172026, 0.80439216, -0.327677, 0.53701514, -0.6132374, 0.4776844, 1599.2438, 1599.2438, 955.3067, 717.77106, , 
65697.718228041, 003489, -5.650958, 0.0813764, 0.81327546, -0.32607192, 0.5350468, -0.61524564, 0.47840863, 1599.2438, 1599.2438, 955.3068, 717.7675, , 
65697.734896875, 003490, -5.652804, 0.081083074, 0.8221142, -0.32502773, 0.5331544, -0.61666024, 0.47940952, 1599.2438, 1599.2438, 955.30646, 717.76385, , 
65697.768235041, 003491, -5.6553345, 0.080552354, 0.83911663, -0.32369956, 0.53017604, -0.6182212, 0.4815957, 1599.2438, 1599.2438, 955.3054, 717.7609, , 
65697.784904125, 003492, -5.656123, 0.08031337, 0.8473425, -0.32267383, 0.52901155, -0.61892915, 0.48265427, 1599.2438, 1599.2438, 955.3052, 717.76013, , 
65697.801573208, 003493, -5.65743, 0.08011559, 0.85567474, -0.32108048, 0.52784413, -0.6199311, 0.48370796, 1599.2438, 1599.2438, 955.3053, 717.7595, , 
65697.834911083, 003494, -5.660263, 0.07989429, 0.87197423, -0.31690487, 0.52505755, -0.6228183, 0.48578086, 1599.2438, 1599.2438, 955.3059, 717.75757, , 
65697.85158025, 003495, -5.661589, 0.079854205, 0.8798939, -0.31484985, 0.52350867, -0.6243304, 0.48684666, 1599.2438, 1599.2438, 955.30634, 717.7558, , 
65697.868249208, 003496, -5.6607966, 0.07921974, 0.8875912, -0.31283996, 0.5222453, -0.6257243, 0.48770902, 1599.2438, 1599.2438, 955.3066, 717.75476, , 
65697.884918208, 003497, -5.6613703, 0.07906553, 0.89534557, -0.31085134, 0.52140856, -0.6268333, 0.48845112, 1599.6957, 1599.6957, 955.30707, 717.7543, , 
65697.901587291, 003498, -5.6619096, 0.07892777, 0.90305805, -0.30874285, 0.52096695, -0.6278023, 0.48901492, 1599.6957, 1599.6957, 955.308, 717.7545, , 
65697.934925416, 003499, -5.6626334, 0.07861149, 0.9182446, -0.30454114, 0.5208269, -0.62945944, 0.48966816, 1599.6957, 1599.6957, 955.31006, 717.756, , 
65697.9515945, 003500, -5.662906, 0.078429244, 0.9256717, -0.30274495, 0.52077204, -0.630091, 0.49002776, 1599.6957, 1599.6957, 955.31104, 717.7568, , 
65697.968263375, 003501, -5.662238, 0.077514544, 0.93357396, -0.30132356, 0.5206723, -0.63053197, 0.4904425, 1599.6957, 1599.6957, 955.31195, 717.7579, , 
65697.984932458, 003502, -5.6623306, 0.07712982, 0.94090277, -0.30021536, 0.52047557, -0.6307008, 0.49111336, 1599.6957, 1599.6957, 955.3123, 717.7589, , 
65698.018270541, 003503, -5.662514, 0.07635532, 0.9552179, -0.29803377, 0.51984257, -0.63101524, 0.49270618, 1599.2438, 1599.2438, 955.31274, 717.7616, , 
65698.034939458, 003504, -5.662487, 0.07591331, 0.96227086, -0.29670835, 0.5193561, -0.63132817, 0.49361733, 1599.2438, 1599.2438, 955.313, 717.7626, , 
65698.051608541, 003505, -5.6623545, 0.07543263, 0.9692763, -0.29528332, 0.5187707, -0.63170534, 0.49460387, 1599.2438, 1599.2438, 955.31323, 717.76355, , 
65698.068277583, 003506, -5.6613784, 0.07447101, 0.976121, -0.2939326, 0.5182613, -0.63201225, 0.49554953, 1599.2438, 1599.2438, 955.3136, 717.7648, , 
65698.084946708, 003507, -5.6604915, 0.0735886, 0.9830266, -0.29259843, 0.5178426, -0.63219285, 0.4965455, 1599.2438, 1599.2438, 955.3138, 717.76605, , 
65698.118284666, 003508, -5.6588206, 0.071959764, 0.9969932, -0.29007822, 0.51771176, -0.63194805, 0.4984685, 1599.2438, 1599.2438, 955.31464, 717.77094, , 
65698.13495375, 003509, -5.6577907, 0.07109031, 1.0039127, -0.28902376, 0.5178423, -0.63157296, 0.49941993, 1599.2438, 1599.2438, 955.31494, 717.77356, , 
65698.151622791, 003510, -5.6566443, 0.07021487, 1.0107015, -0.28813702, 0.5178088, -0.631248, 0.500377, 1599.2438, 1599.2438, 955.3152, 717.77594, , 
65698.168291833, 003511, -5.6546745, 0.06877753, 1.0183281, -0.28738713, 0.5175939, -0.63105, 0.50127935, 1599.2438, 1599.2438, 955.3153, 717.7782, , 
65698.184960791, 003512, -5.6531034, 0.06782186, 1.0249811, -0.28684902, 0.5171701, -0.63103116, 0.50204813, 1599.2438, 1599.2438, 955.3152, 717.7792, , 
65698.218298833, 003513, -5.6494265, 0.06589472, 1.0378908, -0.2861226, 0.51644176, -0.63129526, 0.50287974, 1599.2438, 1599.2438, 955.31494, 717.7794, , 
65698.234967958, 003514, -5.6471777, 0.064804256, 1.0443414, -0.28596687, 0.5164996, -0.63133883, 0.5028542, 1599.2438, 1599.2438, 955.31506, 717.7795, , 
65698.251636875, 003515, -5.6446495, 0.063627824, 1.0508025, -0.28603342, 0.5168177, -0.6312692, 0.5025768, 1599.2438, 1599.2438, 955.3152, 717.7796, , 
65698.268305916, 003516, -5.64146, 0.061969306, 1.0574757, -0.28633595, 0.517392, -0.6310787, 0.50205255, 1599.2438, 1599.2438, 955.3154, 717.7797, , 
65698.301644041, 003517, -5.6350636, 0.059296664, 1.0705345, -0.28809074, 0.518955, -0.62994623, 0.5008565, 1599.2438, 1599.2438, 955.3154, 717.78064, , 
65698.318313166, 003518, -5.6315713, 0.057964016, 1.0770882, -0.28939047, 0.5198556, -0.6290535, 0.50029486, 1599.2438, 1599.2438, 955.3153, 717.7814, , 
65698.334982083, 003519, -5.627871, 0.05665346, 1.0836391, -0.29090548, 0.520697, -0.6280834, 0.4997598, 1599.2438, 1599.2438, 955.3148, 717.7823, , 
65698.351651083, 003520, -5.6239624, 0.055375192, 1.0901997, -0.29237688, 0.5214169, -0.627225, 0.49922842, 1599.6957, 1599.6957, 955.3144, 717.78284, , 
65698.384989291, 003521, -5.615687, 0.052558046, 1.1051245, -0.29460734, 0.5225265, -0.62611157, 0.49815333, 1599.6957, 1599.6957, 955.31366, 717.7827, , 
65698.401658125, 003522, -5.611179, 0.051332872, 1.1119353, -0.2955531, 0.5230092, -0.62582266, 0.4974491, 1599.6957, 1599.6957, 955.3136, 717.7822, , 
65698.41832725, 003523, -5.6064982, 0.05011228, 1.1187745, -0.29631287, 0.52346194, -0.625709, 0.49666345, 1599.6957, 1599.6957, 955.3135, 717.7815, , 
65698.434996291, 003524, -5.601678, 0.04890624, 1.1256725, -0.29686823, 0.5238694, -0.62575966, 0.49583772, 1599.6957, 1599.6957, 955.3136, 717.78015, , 
65698.468334458, 003525, -5.5914035, 0.046322647, 1.1405258, -0.29788014, 0.5245106, -0.62606514, 0.49416453, 1599.6957, 1599.6957, 955.3138, 717.7778, , 
65698.485003375, 003526, -5.586406, 0.04531831, 1.1475915, -0.29852933, 0.5244087, -0.62629676, 0.493587, 1599.6957, 1599.6957, 955.3136, 717.77563, , 
65698.501672375, 003527, -5.581519, 0.044509597, 1.154566, -0.2993555, 0.5238787, -0.6265449, 0.4933344, 1599.6957, 1599.6957, 955.313, 717.77356, , 
65698.5183415, 003528, -5.5766377, 0.04386421, 1.1616161, -0.30029008, 0.5232001, -0.62671477, 0.4932708, 1599.6957, 1599.6957, 955.3123, 717.7715, , 
65698.551679416, 003529, -5.566507, 0.042972345, 1.1763043, -0.30085367, 0.5225896, -0.62735623, 0.49275872, 1599.6957, 1599.6957, 955.31146, 717.768, , 
65698.568348541, 003530, -5.56126, 0.04248135, 1.1859949, -0.30001798, 0.5224929, -0.62818205, 0.49231875, 1599.6957, 1599.6957, 955.3121, 717.76666, , 
65698.585017583, 003531, -5.55607, 0.04244815, 1.194097, -0.2987542, 0.5221715, -0.62942076, 0.49184588, 1599.2438, 1599.2438, 955.31287, 717.76495, , 
65698.601686583, 003532, -5.5509043, 0.04262321, 1.2020943, -0.29741612, 0.52162284, -0.6308294, 0.49143416, 1599.2438, 1599.2438, 955.3138, 717.762, , 
65698.61835575, 003533, -5.545735, 0.042900037, 1.2101414, -0.29614526, 0.52116144, -0.6320909, 0.49107003, 1599.2438, 1599.2438, 955.31464, 717.75995, , 
65698.651693666, 003534, -5.5350757, 0.043438192, 1.226609, -0.29319462, 0.5216805, -0.6340409, 0.48977393, 1599.2438, 1599.2438, 955.31726, 717.7579, , 
65698.668362791, 003535, -5.5295, 0.043147456, 1.2353965, -0.29130453, 0.52274424, -0.6349431, 0.48859733, 1599.6957, 1599.6957, 955.3193, 717.75793, , 
65698.685031791, 003536, -5.5239406, 0.043255676, 1.2437947, -0.28936428, 0.5239248, -0.635886, 0.48725772, 1599.6957, 1599.6957, 955.3216, 717.7582, , 
65698.70170075, 003537, -5.518517, 0.043419015, 1.2520468, -0.28778452, 0.5247315, -0.6368864, 0.48601705, 1599.2438, 1599.2438, 955.32367, 717.7578, , 
65698.71836975, 003538, -5.5133324, 0.043601643, 1.2601573, -0.28674078, 0.52493644, -0.637912, 0.48506665, 1599.2438, 1599.2438, 955.3257, 717.7561, , 
65698.751707958, 003539, -5.5037646, 0.043954168, 1.2762408, -0.2860122, 0.5236588, -0.6399158, 0.48423785, 1599.2438, 1599.2438, 955.3266, 717.7512, , 
65698.768376958, 003540, -5.4993, 0.04318514, 1.2853135, -0.2860713, 0.5226338, -0.6406718, 0.4843105, 1599.2438, 1599.2438, 955.3261, 717.7476, , 
65698.785045833, 003541, -5.4947443, 0.04300387, 1.2938659, -0.28593895, 0.52201974, -0.6412795, 0.48424667, 1599.2438, 1599.2438, 955.326, 717.7456, , 
65698.801714958, 003542, -5.4900546, 0.04277883, 1.302538, -0.28522098, 0.5219611, -0.641948, 0.48384744, 1599.2438, 1599.2438, 955.32635, 717.7444, , 
65698.835053125, 003543, -5.480637, 0.04227161, 1.3200406, -0.28227004, 0.5222039, -0.6439647, 0.48263445, 1599.2438, 1599.2438, 955.32947, 717.74225, , 
65698.851722041, 003544, -5.476063, 0.04202017, 1.3287454, -0.28083828, 0.5221837, -0.6449083, 0.48223156, 1599.2438, 1599.2438, 955.3309, 717.7413, , 
65698.868391041, 003545, -5.472253, 0.041248877, 1.3375194, -0.27957302, 0.52224654, -0.64556897, 0.4820147, 1599.6957, 1599.6957, 955.3324, 717.7406, , 
65698.885060083, 003546, -5.4678783, 0.040807914, 1.3462054, -0.27822456, 0.5226299, -0.64603335, 0.48175716, 1599.6957, 1599.6957, 955.3337, 717.74097, , 
65698.901729208, 003547, -5.4634633, 0.04036456, 1.3548628, -0.27662316, 0.5231722, -0.64649284, 0.48147407, 1599.2438, 1599.2438, 955.3351, 717.74176, , 
65698.935067166, 003548, -5.4546757, 0.0393986, 1.3721498, -0.27320206, 0.5243756, -0.64749366, 0.48077315, 1599.2438, 1599.2438, 955.3392, 717.7438, , 
65698.951736208, 003549, -5.4503145, 0.038849946, 1.3808465, -0.27188095, 0.5251044, -0.6477496, 0.48038167, 1599.2438, 1599.2438, 955.34076, 717.7448, , 
65698.968405375, 003550, -5.445536, 0.037918817, 1.39001, -0.2710396, 0.52578104, -0.6478109, 0.48003405, 1599.2438, 1599.2438, 955.34204, 717.7459, , 
65698.985074333, 003551, -5.4410796, 0.037256885, 1.3988019, -0.2704066, 0.52634877, -0.647807, 0.47977424, 1599.2438, 1599.2438, 955.3433, 717.74713, , 
65699.001743291, 003552, -5.436628, 0.036579188, 1.4075944, -0.26976448, 0.52673537, -0.6478522, 0.4796504, 1599.2438, 1599.2438, 955.34406, 717.7479, , 
65699.035081416, 003553, -5.427344, 0.034979735, 1.4253848, -0.2682382, 0.52785885, -0.6479058, 0.47919858, 1599.2438, 1599.2438, 955.3461, 717.7501, , 
65699.0517505, 003554, -5.422519, 0.034032445, 1.4344081, -0.26745066, 0.5286252, -0.64773864, 0.47902003, 1599.2438, 1599.2438, 955.34717, 717.7515, , 
65699.068419541, 003555, -5.417448, 0.032730076, 1.443764, -0.2666928, 0.52952975, -0.647378, 0.47893083, 1599.2438, 1599.2438, 955.3482, 717.7535, , 
65699.085088458, 003556, -5.4124813, 0.031645652, 1.4529564, -0.26618192, 0.53042257, -0.6469284, 0.47883454, 1599.6957, 1599.6957, 955.34937, 717.75635, , 
65699.101757541, 003557, -5.40747, 0.030604351, 1.4621153, -0.2660737, 0.5312187, -0.64649546, 0.47859704, 1599.6957, 1599.6957, 955.3501, 717.75806, , 
65699.135095666, 003558, -5.397025, 0.028577551, 1.4803551, -0.26766503, 0.53306454, -0.6453636, 0.47718278, 1599.6957, 1599.6957, 955.3505, 717.7596, , 
65699.151764583, 003559, -5.3915396, 0.027548555, 1.4894297, -0.2695563, 0.53451514, -0.64423895, 0.47601387, 1599.6957, 1599.6957, 955.3503, 717.7607, , 
65699.168433666, 003560, -5.3854628, 0.026167031, 1.499155, -0.27211705, 0.53638536, -0.64259374, 0.47467494, 1599.6957, 1599.6957, 955.34985, 717.762, , 
65699.185102666, 003561, -5.379579, 0.025144417, 1.5082132, -0.27522904, 0.5385904, -0.6404787, 0.47324044, 1599.2438, 1599.2438, 955.3491, 717.764, , 
65699.218440833, 003562, -5.367612, 0.023447182, 1.5257233, -0.28330576, 0.54322326, -0.6349714, 0.47059286, 1599.2438, 1599.2438, 955.3459, 717.77014, , 
65699.23510975, 003563, -5.3615594, 0.02279218, 1.5341233, -0.28831032, 0.5455002, -0.6316581, 0.46937695, 1599.2438, 1599.2438, 955.34357, 717.773, , 
65699.251778833, 003564, -5.355466, 0.022313762, 1.5422243, -0.29379192, 0.5476785, -0.6281806, 0.46810648, 1599.2438, 1599.2438, 955.33997, 717.7764, , 
65699.285116958, 003565, -5.3424935, 0.0219911, 1.5584774, -0.3059287, 0.55109966, -0.62145084, 0.46529087, 1599.2438, 1599.2438, 955.3338, 717.77893, , 
65699.301785875, 003566, -5.33631, 0.022341523, 1.5654331, -0.3131084, 0.552008, -0.61832666, 0.46359727, 1599.2438, 1599.2438, 955.32855, 717.777, , 
65699.318454916, 003567, -5.3298416, 0.022894714, 1.5721539, -0.32037202, 0.5530975, -0.61526114, 0.4614094, 1599.6957, 1599.6957, 955.3246, 717.77435, , 
65699.351793083, 003568, -5.315275, 0.02436256, 1.5855141, -0.33146894, 0.558384, -0.6099676, 0.45417535, 1599.6957, 1599.6957, 955.321, 717.77094, , 
65699.368462125, 003569, -5.306497, 0.024447162, 1.5924455, -0.33499825, 0.56233454, -0.6080069, 0.44931453, 1599.6957, 1599.6957, 955.32184, 717.7708, , 
65699.385131, 003570, -5.298382, 0.025473427, 1.5989587, -0.33840725, 0.5660593, -0.6061936, 0.44450724, 1599.6957, 1599.6957, 955.3231, 717.7706, , 
65699.418469166, 003571, -5.2827005, 0.028342426, 1.611462, -0.34610325, 0.57217324, -0.6023917, 0.43583763, 1599.2438, 1599.2438, 955.3243, 717.7686, , 
65699.435138208, 003572, -5.274874, 0.029966686, 1.6176167, -0.34966534, 0.57516336, -0.6005679, 0.43155444, 1599.2438, 1599.2438, 955.3246, 717.7677, , 
65699.468476208, 003573, -5.2580843, 0.032715913, 1.6311864, -0.35481563, 0.58247983, -0.59708774, 0.42226684, 1599.2438, 1599.2438, 955.3281, 717.7684, , 
65699.485145291, 003574, -5.24996, 0.034133498, 1.6373066, -0.3569917, 0.5865987, -0.59521884, 0.41734084, 1599.2438, 1599.2438, 955.3303, 717.77, , 
65699.501814291, 003575, -5.242206, 0.035550278, 1.6430384, -0.35964397, 0.5903094, -0.5931966, 0.412685, 1599.2438, 1599.2438, 955.3323, 717.77155, , 
65699.53515225, 003576, -5.2279353, 0.038288575, 1.6532749, -0.36772352, 0.595544, -0.58883315, 0.4042059, 1599.2438, 1599.2438, 955.3333, 717.7705, , 
65699.551821416, 003577, -5.2213254, 0.03954621, 1.6578099, -0.37318712, 0.5970061, -0.58665186, 0.400193, 1599.2438, 1599.2438, 955.33203, 717.7672, , 
65699.585159541, 003578, -5.2076583, 0.041549, 1.6700206, -0.385308, 0.59951556, -0.58191705, 0.39177978, 1599.2438, 1599.2438, 955.328, 717.75574, , 
65699.601828375, 003579, -5.200657, 0.0420808, 1.6743699, -0.39120626, 0.6016382, -0.5790605, 0.3868826, 1599.2438, 1599.2438, 955.3267, 717.7519, , 
65699.635166583, 003580, -5.185475, 0.042331595, 1.6827208, -0.40094495, 0.6082325, -0.5730001, 0.37545618, 1599.2438, 1599.2438, 955.32697, 717.7485, , 
65699.651835583, 003581, -5.1775527, 0.042181324, 1.6866715, -0.40445384, 0.6119071, -0.57053924, 0.36942068, 1599.2438, 1599.2438, 955.3283, 717.7484, , 
65699.6685045, 003582, -5.169136, 0.042106297, 1.692313, -0.40719825, 0.6151354, -0.56877786, 0.3637166, 1599.2438, 1599.2438, 955.331, 717.7478, , 
65699.685173541, 003583, -5.161469, 0.041921694, 1.6961296, -0.40959355, 0.6175914, -0.5675601, 0.3587332, 1599.6957, 1599.6957, 955.3329, 717.7466, , 
65699.718511708, 003584, -5.1471534, 0.04134484, 1.7031432, -0.41429237, 0.62093234, -0.5649169, 0.35167268, 1599.6957, 1599.6957, 955.3347, 717.7439, , 
65699.735180833, 003585, -5.1402445, 0.040804397, 1.7066824, -0.41656747, 0.62256813, -0.5628987, 0.34932128, 1599.6957, 1599.6957, 955.3347, 717.74426, , 
65699.768518666, 003586, -5.125877, 0.03973951, 1.7142994, -0.4208013, 0.6268477, -0.5571509, 0.34579042, 1599.6957, 1599.6957, 955.3339, 717.75, , 
65699.785187875, 003587, -5.1185713, 0.038739216, 1.7180625, -0.42264533, 0.62943894, -0.5538994, 0.34405357, 1599.6957, 1599.6957, 955.33344, 717.7562, , 
65699.818525791, 003588, -5.103444, 0.036606822, 1.724986, -0.42663658, 0.634407, -0.5479031, 0.33957464, 1599.6957, 1599.6957, 955.3333, 717.7644, , 
65699.835194916, 003589, -5.095658, 0.035637546, 1.7280192, -0.42908984, 0.63640124, -0.5453903, 0.33678573, 1599.2438, 1599.2438, 955.3333, 717.7668, , 
65699.868533, 003590, -5.0792623, 0.034382436, 1.7339928, -0.4346904, 0.6396393, -0.5410577, 0.33039707, 1599.2438, 1599.2438, 955.3332, 717.76654, , 
65699.885202, 003591, -5.0709076, 0.03359055, 1.7364695, -0.43744057, 0.64106834, -0.53921264, 0.32699665, 1599.2438, 1599.2438, 955.3332, 717.76556, , 
65699.901870916, 003592, -5.062413, 0.032757226, 1.7387831, -0.4399648, 0.6423611, -0.53759396, 0.3237217, 1599.6957, 1599.6957, 955.33344, 717.7639, , 
65699.935209125, 003593, -5.045038, 0.031070646, 1.7431844, -0.44429708, 0.6444767, -0.5347829, 0.31820938, 1599.6957, 1599.6957, 955.3337, 717.76166, , 
65699.951878166, 003594, -5.03623, 0.030245006, 1.7453678, -0.44601476, 0.6451786, -0.53373605, 0.3161346, 1599.6957, 1599.6957, 955.3337, 717.76025, , 
65699.985216083, 003595, -5.0186043, 0.028942298, 1.7498248, -0.44834223, 0.64551145, -0.532928, 0.31351525, 1599.6957, 1599.6957, 955.3337, 717.7574, , 
65700.001885125, 003596, -5.009856, 0.028332487, 1.7520387, -0.44950378, 0.6452151, -0.53272736, 0.31280243, 1599.6957, 1599.6957, 955.3332, 717.75476, , 
65700.035223333, 003597, -4.992636, 0.027328346, 1.7563167, -0.45256734, 0.6438877, -0.5321434, 0.31211334, 1599.2438, 1599.2438, 955.3315, 717.7495, , 
65700.05189225, 003598, -4.984242, 0.027028557, 1.75841, -0.45444384, 0.642674, -0.5318912, 0.31231785, 1599.2438, 1599.2438, 955.3294, 717.7449, , 
65700.085230333, 003599, -4.9672937, 0.027211156, 1.7627727, -0.45860532, 0.63991886, -0.5310922, 0.3132509, 1599.2438, 1599.2438, 955.32556, 717.7369, , 
65700.101899416, 003600, -4.958401, 0.027258635, 1.7649341, -0.460125, 0.63949597, -0.5303765, 0.31309852, 1599.2438, 1599.2438, 955.3238, 717.73395, , 
65700.135237333, 003601, -4.939483, 0.027506713, 1.7692306, -0.46083015, 0.6410127, -0.52958214, 0.31029168, 1599.2438, 1599.2438, 955.3246, 717.7342, , 
65700.151906375, 003602, -4.9297466, 0.027810436, 1.7712767, -0.46059722, 0.64220107, -0.5296442, 0.3080667, 1599.2438, 1599.2438, 955.32684, 717.73486, , 
65700.185244583, 003603, -4.910482, 0.0291146, 1.7748871, -0.4607365, 0.644856, -0.5295552, 0.3024133, 1599.2438, 1599.2438, 955.33057, 717.7353, , 
65700.2019135, 003604, -4.9008183, 0.0298361, 1.7763073, -0.46112105, 0.6463783, -0.52935493, 0.29890755, 1599.6957, 1599.6957, 955.33276, 717.7352, , 
65700.235251625, 003605, -4.882242, 0.031517323, 1.7785174, -0.4624327, 0.6483004, -0.5296536, 0.2921123, 1599.2438, 1599.2438, 955.33777, 717.73224, , 
65700.25192075, 003606, -4.8735595, 0.032536548, 1.7793417, -0.46385455, 0.6484303, -0.52981085, 0.2892706, 1599.2438, 1599.2438, 955.33923, 717.72906, , 
65700.285258583, 003607, -4.8569922, 0.034332242, 1.7801933, -0.46978554, 0.648469, -0.5272687, 0.2842132, 1599.2438, 1599.2438, 955.3388, 717.7205, , 
65700.301927708, 003608, -4.8490973, 0.03537565, 1.7806238, -0.47389498, 0.6486811, -0.5246174, 0.28180268, 1599.2438, 1599.2438, 955.33716, 717.71747, , 
65700.335265833, 003609, -4.8335824, 0.037583556, 1.7817078, -0.48247787, 0.6496529, -0.518229, 0.27677602, 1599.6957, 1599.6957, 955.33276, 717.71185, , 
65700.351934791, 003610, -4.8257537, 0.0386093, 1.7824427, -0.48635715, 0.6507408, -0.51467514, 0.27404857, 1599.2438, 1599.2438, 955.3311, 717.7108, , 
65700.385272875, 003611, -4.808316, 0.039855983, 1.784707, -0.4928738, 0.6546618, -0.5070594, 0.26717794, 1599.2438, 1599.2438, 955.32904, 717.7135, , 
65700.401941958, 003612, -4.800001, 0.04050518, 1.7855374, -0.49545622, 0.6571322, -0.5034935, 0.2630487, 1599.2438, 1599.2438, 955.32904, 717.71594, , 
65700.435279916, 003613, -4.7845035, 0.041884284, 1.7872721, -0.4991391, 0.66146326, -0.4981777, 0.25523576, 1599.2438, 1599.2438, 955.33075, 717.72064, , 
65700.451949, 003614, -4.777168, 0.042511676, 1.7884046, 0.5004757, -0.66325897, 0.49608704, -0.25201014, 1599.6957, 1599.6957, 955.3317, 717.72235, , 
65700.485287041, 003615, -4.7604327, 0.042708676, 1.792586, 0.50219405, -0.6664023, 0.4926106, -0.24707007, 1599.6957, 1599.6957, 955.3332, 717.7271, , 
65700.501956041, 003616, -4.752874, 0.04283658, 1.7946337, 0.50205183, -0.66773623, 0.49179742, -0.24537228, 1599.6957, 1599.6957, 955.3343, 717.7294, , 
65700.535294125, 003617, -4.738377, 0.042793978, 1.79879, -0.49995282, 0.6709871, -0.4910332, 0.24230117, 1599.2438, 1599.2438, 955.3381, 717.7373, , 
65700.551963208, 003618, -4.7312613, 0.042592306, 1.8009373, -0.4987977, 0.67282856, -0.49044698, 0.24075757, 1599.2438, 1599.2438, 955.3401, 717.74164, , 
65700.585301166, 003619, -4.714954, 0.041435596, 1.8064196, -0.49751258, 0.67554855, -0.4893032, 0.23811284, 1599.2438, 1599.2438, 955.3433, 717.74915, , 
65700.60197025, 003620, -4.7079353, 0.0411313, 1.8089763, -0.49751902, 0.6763846, -0.48868293, 0.23699705, 1599.2438, 1599.2438, 955.34406, 717.75073, , 
65700.635308375, 003621, -4.695123, 0.040778358, 1.8136712, -0.4992807, 0.67804915, -0.48606247, 0.23390478, 1599.2438, 1599.2438, 955.3445, 717.753, , 
65700.651977208, 003622, -4.6889744, 0.04064965, 1.815878, 0.5010091, -0.6788842, 0.4841314, -0.23178175, 1599.2438, 1599.2438, 955.34436, 717.7533, , 
65700.668646375, 003623, -4.68205, 0.03998408, 1.8183613, 0.5030563, -0.67971694, 0.48198116, -0.22937623, 1599.2438, 1599.2438, 955.34406, 717.75323, , 
65700.7019845, 003624, -4.668024, 0.038542736, 1.8236158, 0.5074329, -0.68156207, 0.47740227, -0.22376767, 1599.2438, 1599.2438, 955.3433, 717.75275, , 
65700.718653333, 003625, -4.661589, 0.03823467, 1.8261856, 0.5096145, -0.68270075, 0.4749203, -0.2205976, 1599.2438, 1599.2438, 955.3433, 717.7528, , 
65700.751991541, 003626, -4.648687, 0.03767514, 1.8317213, 0.5137969, -0.6852429, 0.4695563, -0.21441019, 1599.2438, 1599.2438, 955.3432, 717.7545, , 
65700.7686605, 003627, -4.6413693, 0.037220906, 1.8350506, 0.5157844, -0.68642884, 0.4668541, -0.21172875, 1599.2438, 1599.2438, 955.34296, 717.75555, , 
65700.785329666, 003628, -4.6337247, 0.03674714, 1.8386445, 0.51792073, -0.68738025, 0.46403736, -0.20960847, 1599.2438, 1599.2438, 955.3424, 717.7564, , 
65700.818667583, 003629, -4.6203766, 0.03670745, 1.8451724, 0.5239163, -0.68836623, 0.45716926, -0.20654221, 1599.2438, 1599.2438, 955.3379, 717.7564, , 
65700.835336666, 003630, -4.613777, 0.036939595, 1.8483093, 0.52737665, -0.68860644, 0.45348787, -0.20504554, 1599.6957, 1599.6957, 955.3353, 717.75543, , 
65700.852005791, 003631, -4.606987, 0.037296947, 1.8514634, 0.5303485, -0.6888147, 0.45037502, -0.20353617, 1599.6957, 1599.6957, 955.3325, 717.75385, , 
65700.885343708, 003632, -4.5920997, 0.03687467, 1.8576511, 0.53362614, -0.68971616, 0.44620842, -0.20107909, 1599.2438, 1599.2438, 955.33057, 717.75366, , 
65700.902012833, 003633, -4.584758, 0.036908764, 1.8611916, 0.53364986, -0.6904024, 0.4451362, -0.20103782, 1599.2438, 1599.2438, 955.3302, 717.75543, , 
65700.935350791, 003634, -4.570574, 0.037322838, 1.8692596, 0.53138053, -0.69081926, 0.4454739, -0.20483261, 1599.2438, 1599.2438, 955.3294, 717.7615, , 
65700.952019833, 003635, -4.5636864, 0.03770894, 1.8736993, 0.52980846, -0.69030666, 0.4464578, -0.20845892, 1599.2438, 1599.2438, 955.32855, 717.7635, , 
65700.968688875, 003636, -4.556333, 0.038157884, 1.8785038, 0.52832896, -0.6897094, 0.44712415, -0.21271862, 1599.2438, 1599.2438, 955.32684, 717.76605, , 
65701.002027, 003637, -4.5408874, 0.038935278, 1.8885853, 0.5245597, -0.6901144, 0.4469131, -0.22101538, 1599.6957, 1599.6957, 955.32404, 717.7747, , 
65701.018695833, 003638, -4.532924, 0.039165046, 1.8936069, 0.5217645, -0.691297, 0.44674262, -0.22425711, 1599.6957, 1599.6957, 955.3238, 717.7843, , 
65701.035364916, 003639, -4.5248218, 0.039302353, 1.8985108, 0.5184281, -0.6927494, 0.44712695, -0.22673333, 1599.6957, 1599.6957, 955.3247, 717.79205, , 
65701.068703083, 003640, -4.5095124, 0.039601337, 1.9079345, 0.51162547, -0.69404525, 0.45082736, -0.23085736, 1599.2438, 1599.2438, 955.3288, 717.8043, , 
65701.085372208, 003641, -4.5027146, 0.039814863, 1.9126078, 0.50877625, -0.69327676, 0.45395723, -0.233317, 1599.2438, 1599.2438, 955.3302, 717.80524, , 
65701.118710125, 003642, -4.489756, 0.04042508, 1.9218706, 0.5047061, -0.69042915, 0.45991424, -0.23886867, 1599.2438, 1599.2438, 955.331, 717.8021, , 
65701.135379208, 003643, -4.483604, 0.040565047, 1.9265817, 0.5031869, -0.6889463, 0.46220323, -0.24191771, 1599.2438, 1599.2438, 955.3307, 717.8006, , 
65701.152048208, 003644, -4.4775577, 0.04058246, 1.9313395, 0.50181425, -0.6876215, 0.46399996, -0.24507765, 1599.2438, 1599.2438, 955.32996, 717.79974, , 
65701.18538625, 003645, -4.4657054, 0.0403837, 1.9410272, -0.49927503, 0.68542993, -0.46644863, 0.25166616, 1599.2438, 1599.2438, 955.328, 717.7999, , 
65701.20205525, 003646, -4.459715, 0.040232103, 1.945937, -0.49790266, 0.6846591, -0.4672497, 0.25497553, 1599.6957, 1599.6957, 955.327, 717.8011, , 
65701.218724375, 003647, -4.453697, 0.040037002, 1.9509032, -0.4963164, 0.68405354, -0.46801457, 0.25826925, 1599.6957, 1599.6957, 955.32635, 717.803, , 
65701.25206225, 003648, -4.4416184, 0.03961846, 1.9609375, -0.49193525, 0.6826732, -0.4710676, 0.26467377, 1599.6957, 1599.6957, 955.326, 717.8075, , 
65701.268731333, 003649, -4.435583, 0.03933302, 1.9660554, -0.48886153, 0.6817997, -0.47368193, 0.2679345, 1599.6957, 1599.6957, 955.3266, 717.80896, , 
65701.3020695, 003650, -4.4249125, 0.037724208, 1.9764941, -0.4811837, 0.679656, -0.48017088, 0.2756188, 1599.2438, 1599.2438, 955.3289, 717.8128, , 
65701.318738416, 003651, -4.4192605, 0.037031893, 1.981998, -0.47677448, 0.67841214, -0.48369706, 0.28014308, 1599.2438, 1599.2438, 955.32996, 717.8148, , 
65701.335407458, 003652, -4.413559, 0.03621648, 1.9876182, -0.47199476, 0.67733675, -0.48713073, 0.28484976, 1599.2438, 1599.2438, 955.3317, 717.8187, , 
65701.368745625, 003653, -4.4030213, 0.03388811, 1.9989432, -0.46198612, 0.6751403, -0.49379814, 0.29481825, 1599.2438, 1599.2438, 955.3345, 717.82605, , 
65701.385414458, 003654, -4.398179, 0.03255562, 2.0046053, -0.4571369, 0.6736141, -0.49722746, 0.3000579, 1599.2438, 1599.2438, 955.33563, 717.82935, , 
65701.418752625, 003655, -4.387532, 0.030734789, 2.0160923, -0.4479813, 0.66910654, -0.50504255, 0.31071064, 1599.2438, 1599.2438, 955.3374, 717.83234, , 
65701.43542175, 003656, -4.3822556, 0.030114975, 2.021874, -0.4437586, 0.6659304, -0.50948566, 0.31629, 1599.2438, 1599.2438, 955.3375, 717.83136, , 
65701.468759708, 003657, -4.3726544, 0.028934617, 2.0333421, -0.4360367, 0.6581557, -0.5189225, 0.32775354, 1599.2438, 1599.2438, 955.3361, 717.82434, , 
65701.48542875, 003658, -4.3682246, 0.028384965, 2.0391312, -0.4323661, 0.6537317, -0.523723, 0.33377925, 1599.2438, 1599.2438, 955.3351, 717.82, , 
65701.50209775, 003659, -4.363423, 0.028135788, 2.0451407, -0.4286222, 0.6491319, -0.5284502, 0.34007522, 1599.2438, 1599.2438, 955.3332, 717.8144, , 
65701.535435791, 003660, -4.353486, 0.027938131, 2.0577273, -0.42048123, 0.6399132, -0.5374608, 0.35333043, 1599.2438, 1599.2438, 955.33044, 717.80756, , 
65701.552104833, 003661, -4.3484592, 0.027897716, 2.064223, -0.41596517, 0.6353899, -0.54177874, 0.3601782, 1599.2438, 1599.2438, 955.3289, 717.8046, , 
65701.585442916, 003662, -4.3410187, 0.027447376, 2.0759666, -0.40646118, 0.6258907, -0.5503121, 0.37444183, 1599.6957, 1599.6957, 955.3266, 717.8012, , 
65701.618780916, 003663, -4.3323517, 0.0278402, 2.0889864, -0.39612132, 0.61482435, -0.55945617, 0.38998413, 1599.6957, 1599.6957, 955.32324, 717.7962, , 
65701.63545, 003664, -4.3278613, 0.02813648, 2.095843, -0.39039236, 0.6093806, -0.5639313, 0.397782, 1599.2438, 1599.2438, 955.32196, 717.7947, , 
65701.652119083, 003665, -4.323232, 0.028427672, 2.1028721, -0.38419113, 0.60449594, -0.5681878, 0.40514734, 1599.2438, 1599.2438, 955.3212, 717.7944, , 
65701.668788125, 003666, -4.3196263, 0.02862769, 2.1098497, -0.37755373, 0.6000923, -0.57231814, 0.41206113, 1599.2438, 1599.2438, 955.3212, 717.7954, , 
65701.685457041, 003667, -4.31593, 0.028910149, 2.1168802, -0.3704587, 0.5960039, -0.5764738, 0.41859, 1599.2438, 1599.2438, 955.32196, 717.7969, , 
65701.702126083, 003668, -4.3119025, 0.0293057, 2.1239913, -0.36305884, 0.5919347, -0.5806132, 0.42507634, 1599.6957, 1599.6957, 955.3229, 717.7987, , 
65701.735464208, 003669, -4.3050823, 0.030227516, 2.138193, -0.348172, 0.5823847, -0.58852714, 0.4395908, 1599.6957, 1599.6957, 955.3243, 717.80316, , 
65701.752133291, 003670, -4.302677, 0.030754033, 2.145188, -0.3410262, 0.576355, -0.5922239, 0.4480925, 1599.6957, 1599.6957, 955.3238, 717.80475, , 
65701.78547125, 003671, -4.3010163, 0.03187636, 2.1589687, -0.32699096, 0.56213164, -0.599002, 0.46720585, 1599.2438, 1599.2438, 955.3203, 717.80835, , 
65701.802140333, 003672, -4.3002176, 0.032403827, 2.165872, -0.31989336, 0.5548042, -0.6021042, 0.47679242, 1599.6957, 1599.6957, 955.31854, 717.8103, , 
65701.83547825, 003673, -4.2985334, 0.03326037, 2.1800518, -0.30490384, 0.54151714, -0.6080966, 0.4939751, 1599.6957, 1599.6957, 955.3166, 717.8163, , 
65701.852147375, 003674, -4.2977467, 0.033516232, 2.1874275, -0.29682884, 0.535757, -0.61102676, 0.50150114, 1599.6957, 1599.6957, 955.31683, 717.8196, , 
65701.868816416, 003675, -4.2972846, 0.03372548, 2.1946595, -0.28825596, 0.5303731, -0.61407954, 0.508448, 1599.6957, 1599.6957, 955.3181, 717.82416, , 
65701.902154541, 003676, -4.2969193, 0.033649992, 2.209669, -0.26962942, 0.51985604, -0.62064606, 0.5213906, 1599.2438, 1599.2438, 955.3212, 717.8307, , 
65701.918823375, 003677, -4.2971425, 0.033349086, 2.217442, -0.25987023, 0.5145454, -0.6239395, 0.5276456, 1599.2438, 1599.2438, 955.3239, 717.8347, , 
65701.935492541, 003678, -4.297686, 0.032902937, 2.2253, -0.2500701, 0.50922567, -0.627141, 0.5337119, 1599.2438, 1599.2438, 955.3261, 717.83765, , 
65701.968830625, 003679, -4.2983966, 0.031402554, 2.2409604, -0.23090696, 0.49901634, -0.6331801, 0.54474545, 1599.6957, 1599.6957, 955.3307, 717.8427, , 
65701.985499583, 003680, -4.298726, 0.030442763, 2.2487767, -0.22149862, 0.49399006, -0.63614357, 0.54975766, 1599.6957, 1599.6957, 955.3338, 717.84515, , 
65702.002168625, 003681, -4.3000045, 0.029580418, 2.2567601, -0.21220596, 0.48877013, -0.63908315, 0.55465764, 1599.2438, 1599.2438, 955.3361, 717.8464, , 
65702.035506791, 003682, -4.304059, 0.027773518, 2.2728918, -0.19422132, 0.47745997, -0.6443495, 0.5649103, 1599.2438, 1599.2438, 955.34045, 717.84875, , 
65702.052175833, 003683, -4.3065877, 0.026777502, 2.2810206, -0.18524763, 0.471449, -0.64676017, 0.57019335, 1599.2438, 1599.2438, 955.34204, 717.8498, , 
65702.068844666, 003684, -4.308035, 0.025957014, 2.289602, -0.17616537, 0.46532285, -0.64916974, 0.5753426, 1599.2438, 1599.2438, 955.3437, 717.8507, , 
65702.102182791, 003685, -4.312625, 0.024181183, 2.3064933, -0.15778805, 0.4525623, -0.6541365, 0.58514583, 1599.6957, 1599.6957, 955.3473, 717.8511, , 
65702.118851833, 003686, -4.3157, 0.023244653, 2.314755, -0.14882864, 0.44597527, -0.65666837, 0.5896972, 1599.2438, 1599.2438, 955.3487, 717.85016, , 
65702.135520791, 003687, -4.3189697, 0.022321586, 2.3230329, -0.14008157, 0.43926936, -0.6591584, 0.5940789, 1599.2438, 1599.2438, 955.34985, 717.84875, , 
65702.168858916, 003688, -4.3250732, 0.020000618, 2.3400393, -0.123260416, 0.42569786, -0.6637109, 0.602558, 1599.2438, 1599.2438, 955.3518, 717.8449, , 
65702.185527958, 003689, -4.3279867, 0.018703513, 2.348704, -0.11513426, 0.41876665, -0.6657385, 0.6067707, 1599.2438, 1599.2438, 955.3523, 717.84326, , 
65702.218865958, 003690, -4.335086, 0.016890865, 2.365901, -0.099052764, 0.4048177, -0.66935253, 0.61504334, 1599.2438, 1599.2438, 955.35333, 717.8397, , 
65702.235535041, 003691, -4.338726, 0.016080093, 2.374615, -0.09139749, 0.39826936, -0.6707962, 0.61891866, 1599.2438, 1599.2438, 955.3538, 717.83856, , 
65702.252204125, 003692, -4.3423295, 0.0153183825, 2.3833797, -0.08432063, 0.39199755, -0.67202395, 0.6225847, 1599.2438, 1599.2438, 955.35425, 717.8375, , 
65702.285542041, 003693, -4.3486733, 0.013156015, 2.4007828, -0.072039574, 0.37952682, -0.6741944, 0.6294693, 1599.2438, 1599.2438, 955.3538, 717.83545, , 
65702.302211125, 003694, -4.352138, 0.012516882, 2.4095194, -0.0665861, 0.37298518, -0.675228, 0.63286287, 1599.2438, 1599.2438, 955.35254, 717.83344, , 
65702.335549208, 003695, -4.3591495, 0.011639129, 2.427033, -0.057334106, 0.3597756, -0.67690194, 0.63959205, 1599.2438, 1599.2438, 955.3491, 717.8303, , 
65702.352218083, 003696, -4.3625455, 0.011256777, 2.4357867, -0.053600308, 0.35354054, -0.6772946, 0.6429682, 1599.2438, 1599.2438, 955.3465, 717.82947, , 
65702.368887166, 003697, -4.3655763, 0.010580186, 2.4442785, -0.0503273, 0.34722683, -0.6775019, 0.6464455, 1599.6957, 1599.6957, 955.3441, 717.82947, , 
65702.402225375, 003698, -4.3715754, 0.009806562, 2.46148, -0.044167753, 0.33447906, -0.67746544, 0.6536157, 1599.2438, 1599.2438, 955.3392, 717.83014, , 
65702.418894375, 003699, -4.3743734, 0.009684507, 2.4704528, -0.040656194, 0.32899445, -0.67717, 0.656925, 1599.2438, 1599.2438, 955.33704, 717.832, , 
65702.452232375, 003700, -4.3791223, 0.009751353, 2.488947, -0.032489747, 0.32050765, -0.6765056, 0.6622382, 1599.2438, 1599.2438, 955.33673, 717.83575, , 
65702.468901416, 003701, -4.38169, 0.010257181, 2.49715, -0.028248493, 0.3169915, -0.67636764, 0.66426295, 1599.2438, 1599.2438, 955.3374, 717.8376, , 
65702.502239416, 003702, -4.386205, 0.011524465, 2.513787, -0.020530615, 0.30949003, -0.6766768, 0.66775954, 1599.2438, 1599.2438, 955.3379, 717.838, , 
65702.518908458, 003703, -4.388183, 0.012208652, 2.5223317, -0.01739205, 0.30561942, -0.6769038, 0.6693993, 1599.2438, 1599.2438, 955.3373, 717.8373, , 
65702.552246541, 003704, -4.3917146, 0.013712291, 2.5396066, -0.012459923, 0.29938537, -0.67676747, 0.67245734, 1599.2438, 1599.2438, 955.33636, 717.83765, , 
65702.568915666, 003705, -4.394453, 0.015558619, 2.5467541, -0.010122708, 0.297314, -0.67636925, 0.67381495, 1599.2438, 1599.2438, 955.33673, 717.8394, , 
65702.585584583, 003706, -4.3958254, 0.016550522, 2.5553663, -0.0075857933, 0.2961866, -0.6757692, 0.6749459, 1599.2438, 1599.2438, 955.33777, 717.84155, , 
65702.618922708, 003707, -4.3976493, 0.01853593, 2.572215, 0.002463814, -0.29382846, 0.67517984, -0.6766025, 1599.2438, 1599.2438, 955.34033, 717.8447, , 
65702.63559175, 003708, -4.3982506, 0.019678894, 2.5799272, 0.00029714068, -0.29145664, 0.6757082, -0.6771051, 1599.2438, 1599.2438, 955.3402, 717.8433, , 
65702.66892975, 003709, -4.3991027, 0.022387687, 2.5931046, 0.0029146797, 0.28474718, -0.6780901, 0.6775723, 1599.2438, 1599.2438, 955.3369, 717.8344, , 
65702.68559875, 003710, -4.3993764, 0.02376255, 2.5990927, 0.004032887, 0.2812558, -0.67939264, 0.67772, 1599.2438, 1599.2438, 955.33496, 717.83, , 
65702.702267875, 003711, -4.399474, 0.024860758, 2.6057642, 0.0050367895, 0.27831727, -0.6804689, 0.67784667, 1599.2438, 1599.2438, 955.3333, 717.82605, , 
65702.735605791, 003712, -4.399316, 0.026646491, 2.6202009, 0.0065003536, 0.27477816, -0.68171513, 0.6780259, 1599.2438, 1599.2438, 955.3311, 717.82056, , 
65702.752274875, 003713, -4.3990397, 0.027451683, 2.6277494, 0.0068538045, 0.27400088, -0.68208456, 0.67796546, 1599.2438, 1599.2438, 955.33075, 717.8193, , 
65702.785612958, 003714, -4.3981547, 0.029310863, 2.641739, 0.0080675585, 0.27304003, -0.68312114, 0.6772956, 1599.2438, 1599.2438, 955.33057, 717.8155, , 
65702.802281833, 003715, -4.397462, 0.03011534, 2.6490378, 0.00934921, 0.27260998, -0.6838059, 0.6767612, 1599.2438, 1599.2438, 955.33075, 717.8133, , 
65702.818950958, 003716, -4.3966255, 0.030728947, 2.6567087, 0.0110867815, 0.27220875, -0.684473, 0.67622197, 1599.2438, 1599.2438, 955.33136, 717.811, , 
65702.852289041, 003717, -4.394732, 0.03131939, 2.6727026, 0.015353469, 0.27192536, -0.6851078, 0.67560935, 1599.2438, 1599.2438, 955.33405, 717.808, , 
65702.868958125, 003718, -4.3936663, 0.031463277, 2.68043, 0.017750582, 0.27180684, -0.68514556, 0.6755601, 1599.2438, 1599.2438, 955.3356, 717.80774, , 
65702.885627, 003719, -4.392519, 0.031444807, 2.688249, 0.0201218, 0.2714882, -0.6851293, 0.6756384, 1599.2438, 1599.2438, 955.33704, 717.80774, , 
65702.918965166, 003720, -4.389901, 0.03088579, 2.7045355, 0.024112504, 0.26999748, -0.6852141, 0.67601883, 1599.6957, 1599.6957, 955.33923, 717.8074, , 
65702.935634208, 003721, -4.3884053, 0.030413132, 2.7129138, 0.025907168, 0.26918226, -0.6851873, 0.6763047, 1599.6957, 1599.6957, 955.33997, 717.8071, , 
65702.952303125, 003722, -4.386759, 0.029849526, 2.7214565, 0.027549917, 0.2685047, -0.6851028, 0.6765947, 1599.2438, 1599.2438, 955.3409, 717.8074, , 
65702.98564125, 003723, -4.382981, 0.02847061, 2.7385519, 0.030379735, 0.266998, -0.68528086, 0.6768894, 1599.2438, 1599.2438, 955.3418, 717.80664, , 
65703.002310333, 003724, -4.3808155, 0.027853888, 2.747203, 0.031597015, 0.26596326, -0.685721, 0.67679524, 1599.2438, 1599.2438, 955.34204, 717.80475, , 
65703.018979416, 003725, -4.3784924, 0.027307022, 2.7559547, 0.03257127, 0.26483223, -0.686335, 0.6765701, 1599.2438, 1599.2438, 955.3418, 717.8026, , 
65703.052317375, 003726, -4.373592, 0.026216302, 2.7736936, 0.033441998, 0.2624312, -0.68756485, 0.6762145, 1599.2438, 1599.2438, 955.34045, 717.7974, , 
65703.068986416, 003727, -4.3709064, 0.025295306, 2.7825503, 0.0335812, 0.26117608, -0.6879515, 0.67630017, 1599.6957, 1599.6957, 955.3395, 717.7958, , 
65703.085655416, 003728, -4.368232, 0.02438033, 2.7915695, 0.033654284, 0.2599022, -0.6881692, 0.6765659, 1599.6957, 1599.6957, 955.3387, 717.7948, , 
65703.1189935, 003729, -4.3630424, 0.022941682, 2.810112, 0.03347647, 0.25735986, -0.68817955, 0.67753536, 1599.6957, 1599.6957, 955.3365, 717.7941, , 
65703.1356625, 003730, -4.360409, 0.022310298, 2.8194215, 0.03322128, 0.2559383, -0.6880472, 0.67822045, 1599.2438, 1599.2438, 955.33545, 717.7945, , 
65703.152331541, 003731, -4.357717, 0.021792363, 2.8286152, 0.032863498, 0.2541569, -0.68800694, 0.6789482, 1599.2438, 1599.2438, 955.33405, 717.7947, , 
65703.169000666, 003732, -4.3549695, 0.021430332, 2.837628, 0.032344952, 0.25190794, -0.6881562, 0.67965966, 1599.2438, 1599.2438, 955.33185, 717.79407, , 
65703.202338583, 003733, -4.3492794, 0.020977143, 2.8541293, 0.03073891, 0.2463528, -0.68849343, 0.68142647, 1599.6957, 1599.6957, 955.3273, 717.79254, , 
65703.219007625, 003734, -4.346574, 0.021022115, 2.8630917, 0.030234648, 0.24421659, -0.6883288, 0.6823838, 1599.6957, 1599.6957, 955.3248, 717.7927, , 
65703.235676708, 003735, -4.3438916, 0.021229137, 2.8723373, 0.030160118, 0.24295653, -0.68792874, 0.68323964, 1599.6957, 1599.6957, 955.3239, 717.7938, , 
65703.252345625, 003736, -4.341236, 0.021617342, 2.8816833, 0.030247504, 0.24228626, -0.68745196, 0.6839534, 1599.6957, 1599.6957, 955.32355, 717.7953, , 
65703.28568375, 003737, -4.336262, 0.022777423, 2.90137, 0.030699756, 0.24097241, -0.6867262, 0.68512547, 1599.6957, 1599.6957, 955.3231, 717.79803, , 
65703.302352791, 003738, -4.333837, 0.023631368, 2.910831, 0.031583402, 0.2399916, -0.686506, 0.6856501, 1599.6957, 1599.6957, 955.323, 717.79865, , 
65703.319021916, 003739, -4.331393, 0.024588313, 2.9199824, 0.033291027, 0.2390205, -0.6862623, 0.6861523, 1599.6957, 1599.6957, 955.3234, 717.7993, , 
65703.335690833, 003740, -4.328905, 0.02556521, 2.929031, -0.035783328, -0.23826675, 0.6859311, -0.68661994, 1599.6957, 1599.6957, 955.3245, 717.8001, , 
65703.369028916, 003741, -4.3239217, 0.02758677, 2.9465394, -0.041814376, -0.23623507, 0.6854379, -0.6874732, 1599.2438, 1599.2438, 955.3274, 717.8012, , 
65703.385698, 003742, -4.321894, 0.028254237, 2.9554496, -0.044545155, -0.23457815, 0.6854234, -0.6878835, 1599.2438, 1599.2438, 955.3281, 717.8008, , 
65703.402366875, 003743, -4.3197455, 0.029214386, 2.9637341, -0.046857793, -0.23257469, 0.68561506, -0.68821895, 1599.2438, 1599.2438, 955.3283, 717.79974, , 
65703.419035875, 003744, -4.317677, 0.030278418, 2.971728, -0.048884906, -0.23044252, 0.685932, -0.6884792, 1599.2438, 1599.2438, 955.3281, 717.7978, , 
65703.435705041, 003745, -4.315805, 0.03137796, 2.9795873, -0.050579395, -0.2282013, 0.6862691, -0.68876743, 1599.2438, 1599.2438, 955.32776, 717.7962, , 
65703.452374041, 003746, -4.314189, 0.032428373, 2.9874735, -0.05201627, -0.22611758, 0.6864122, -0.68920493, 1599.2438, 1599.2438, 955.3273, 717.7951, , 
65703.485712, 003747, -4.31172, 0.03349835, 3.0037234, -0.05483129, -0.22443777, 0.6852998, -0.6906413, 1599.2438, 1599.2438, 955.328, 717.7977, , 
65703.502381083, 003748, -4.310649, 0.034070287, 3.0121365, -0.055912476, -0.22462504, 0.6843469, -0.691438, 1599.2438, 1599.2438, 955.32904, 717.80054, , 
65703.519050083, 003749, -4.3096337, 0.034676146, 3.0204759, -0.056585696, -0.22476383, 0.68351233, -0.6921633, 1599.2438, 1599.2438, 955.32996, 717.8034, , 
65703.535719208, 003750, -4.3086495, 0.03530064, 3.0286858, -0.05703291, -0.22469737, 0.68295217, -0.6927009, 1599.2438, 1599.2438, 955.33057, 717.8061, , 
65703.552388166, 003751, -4.3076715, 0.0359318, 3.036799, -0.057510976, -0.22446814, 0.6827346, -0.6929502, 1599.2438, 1599.2438, 955.33075, 717.8068, , 
65703.569057208, 003752, -4.30687, 0.036234442, 3.0451484, -0.058100183, -0.22432527, 0.68280894, -0.6928741, 1599.2438, 1599.2438, 955.331, 717.8067, , 
65703.58572625, 003753, -4.306062, 0.03646681, 3.0535383, -0.05887071, -0.22456902, 0.68297416, -0.69256717, 1599.2438, 1599.2438, 955.3315, 717.8061, , 
65703.619064291, 003754, -4.304469, 0.036859337, 3.070315, -0.060322028, -0.22612609, 0.68311876, -0.6917925, 1599.2438, 1599.2438, 955.33356, 717.80493, , 
65703.63573325, 003755, -4.3038154, 0.03687999, 3.078733, -0.060732294, -0.22693795, 0.6830689, -0.69154, 1599.2438, 1599.2438, 955.33435, 717.80493, , 
65703.652402375, 003756, -4.3032923, 0.036802422, 3.0871286, -0.0610112, -0.22745204, 0.6829661, -0.69144803, 1599.2438, 1599.2438, 955.3352, 717.80524, , 
65703.669071375, 003757, -4.3030343, 0.036454257, 3.0966039, -0.06124166, -0.22748217, 0.682836, -0.69154626, 1599.2438, 1599.2438, 955.3356, 717.80554, , 
65703.6857405, 003758, -4.302921, 0.036068995, 3.1058843, -0.061469343, -0.22705054, 0.68279, -0.6917133, 1599.2438, 1599.2438, 955.33545, 717.8056, , 
65703.702409416, 003759, -4.302862, 0.035702314, 3.1146114, -0.061675724, -0.22652012, 0.6828269, -0.6918324, 1599.2438, 1599.2438, 955.3352, 717.8053, , 
65703.719078458, 003760, -4.302873, 0.03525358, 3.12333, -0.061906077, -0.22621788, 0.6828714, -0.69186676, 1599.2438, 1599.2438, 955.33496, 717.80505, , 
65703.752416583, 003761, -4.303133, 0.034027364, 3.1413364, -0.062298506, -0.22659944, 0.6828793, -0.6916988, 1599.2438, 1599.2438, 955.3356, 717.8047, , 
65703.769085458, 003762, -4.3033104, 0.033361398, 3.1531494, -0.061950557, -0.22724065, 0.6828552, -0.6915436, 1599.2438, 1599.2438, 955.33563, 717.80475, , 
65703.785754583, 003763, -4.3035483, 0.032631136, 3.164698, -0.06094088, -0.22798353, 0.68287015, -0.691374, 1599.2438, 1599.2438, 955.3356, 717.80493, , 
65703.802423583, 003764, -4.30387, 0.03183227, 3.1749163, -0.05937291, -0.22872037, 0.6829833, -0.6911553, 1599.2438, 1599.2438, 955.33484, 717.805, , 
65703.819092666, 003765, -4.3042607, 0.031028617, 3.1847591, -0.05742816, -0.22939219, 0.68322766, -0.69085544, 1599.2438, 1599.2438, 955.33405, 717.8046, , 
65703.852430625, 003766, -4.305217, 0.029442642, 3.2043273, -0.052855093, -0.23084962, 0.6838428, -0.6901259, 1599.2438, 1599.2438, 955.3316, 717.8033, , 
65703.869099708, 003767, -4.305814, 0.02840444, 3.2163856, -0.050221045, -0.23175763, 0.6840855, -0.6897777, 1599.2438, 1599.2438, 955.33044, 717.80286, , 
65703.885768708, 003768, -4.306422, 0.027510714, 3.2280326, -0.04734134, -0.23232277, 0.6843435, -0.6895352, 1599.2438, 1599.2438, 955.3289, 717.8024, , 
65703.902437791, 003769, -4.3070292, 0.026930857, 3.23837, -0.044064492, -0.23234804, 0.6846149, -0.68947446, 1599.6957, 1599.6957, 955.327, 717.80194, , 
65703.919106833, 003770, -4.307616, 0.026539374, 3.2484138, -0.04049138, -0.23243497, 0.68475777, -0.6895225, 1599.6957, 1599.6957, 955.32416, 717.8016, , 
65703.952444833, 003771, -4.3084135, 0.026328307, 3.268911, -0.03354044, -0.23481005, 0.6847504, -0.689098, 1599.2438, 1599.2438, 955.3212, 717.8025, , 
65703.969113875, 003772, -4.3086567, 0.026331965, 3.2809732, -0.030481407, -0.2370558, 0.6849894, -0.6882332, 1599.2438, 1599.2438, 955.32043, 717.80225, , 
65703.985783, 003773, -4.308691, 0.026699033, 3.292561, -0.027734187, -0.23910832, 0.6856148, -0.68701553, 1599.2438, 1599.2438, 955.3198, 717.8007, , 
65704.00245175, 003774, -4.3085356, 0.027552392, 3.302844, 0.025008796, 0.24043551, -0.6866611, 0.6856105, 1599.2438, 1599.2438, 955.31903, 717.7978, , 
65704.019120875, 003775, -4.30833, 0.02873538, 3.3125284, 0.021928879, 0.24113213, -0.6879157, 0.68421227, 1599.2438, 1599.2438, 955.3171, 717.7926, , 
65704.052459, 003776, -4.3078775, 0.03165629, 3.3317049, 0.014998035, 0.24307159, -0.68989843, 0.68171215, 1599.6957, 1599.6957, 955.3138, 717.7855, , 
65704.069127916, 003777, -4.306891, 0.03361311, 3.3426902, 0.011887949, 0.24535243, -0.69040126, 0.68044615, 1599.6957, 1599.6957, 955.31287, 717.7832, , 
65704.085797, 003778, -4.305823, 0.03564765, 3.353698, 0.009515374, 0.2484275, -0.69074154, 0.6790208, 1599.6957, 1599.6957, 955.3131, 717.7822, , 
65704.102466, 003779, -4.3049493, 0.03762802, 3.3640666, 0.0078007383, 0.25170678, -0.69109344, 0.6774752, 1599.6957, 1599.6957, 955.3138, 717.7813, , 
65704.135804208, 003780, -4.3031282, 0.04173558, 3.3831112, 0.0045246975, 0.2560227, -0.69262594, 0.67431533, 1599.2438, 1599.2438, 955.31464, 717.7761, , 
65704.152473083, 003781, -4.30218, 0.04372425, 3.3917956, 0.002356922, 0.2567445, -0.693714, 0.672932, 1599.2438, 1599.2438, 955.3139, 717.7725, , 
65704.169142125, 003782, -4.300745, 0.045244653, 3.4016619, -0.00017153622, 0.2571206, -0.6948209, 0.6716494, 1599.6957, 1599.6957, 955.3123, 717.76746, , 
65704.18581125, 003783, -4.2993593, 0.046561744, 3.411016, -0.0030021793, 0.25751415, -0.6957687, 0.67050976, 1599.6957, 1599.6957, 955.31104, 717.7641, , 
65704.202480291, 003784, -4.2981515, 0.047764983, 3.4195602, -0.006184325, 0.2581615, -0.69653964, 0.66943765, 1599.6957, 1599.6957, 955.30975, 717.7611, , 
65704.235818208, 003785, -4.2955503, 0.049572844, 3.4366496, -0.013588554, 0.26173145, -0.697488, 0.66695005, 1599.6957, 1599.6957, 955.30743, 717.7562, , 
65704.252487333, 003786, -4.2939725, 0.05020747, 3.4456255, -0.017416706, 0.26515695, -0.69770855, 0.6652753, 1599.6957, 1599.6957, 955.30707, 717.755, , 
65704.269156375, 003787, -4.2915926, 0.051238906, 3.4552593, -0.021129139, 0.26957706, -0.69795465, 0.66312975, 1599.6957, 1599.6957, 955.30743, 717.75385, , 
65704.285825416, 003788, -4.289064, 0.052023668, 3.4648945, -0.024595046, 0.27437872, -0.69834757, 0.66062254, 1599.6957, 1599.6957, 955.3082, 717.75183, , 
65704.302494333, 003789, -4.2865386, 0.05246203, 3.474329, -0.027470073, 0.2790891, -0.69893014, 0.6579143, 1599.6957, 1599.6957, 955.30927, 717.7497, , 
65704.3358325, 003790, -4.2812686, 0.05272847, 3.4928648, -0.030757641, 0.28738514, -0.7002828, 0.6527386, 1599.2438, 1599.2438, 955.3121, 717.7447, , 
65704.352501541, 003791, -4.278596, 0.05255165, 3.5020342, -0.031780094, 0.2908691, -0.7006475, 0.6507521, 1599.2438, 1599.2438, 955.31415, 717.7425, , 
65704.369170458, 003792, -4.2759376, 0.052158203, 3.5111716, -0.032823823, 0.2940017, -0.7005988, 0.6493435, 1599.2438, 1599.2438, 955.3154, 717.7422, , 
65704.3858395, 003793, -4.2728014, 0.05156493, 3.5209994, -0.034173973, 0.29691467, -0.700084, 0.6485031, 1599.2438, 1599.2438, 955.31647, 717.74316, , 
65704.402508541, 003794, -4.2699423, 0.050804656, 3.5303547, -0.035859395, 0.29961553, -0.69928926, 0.64802706, 1599.2438, 1599.2438, 955.3174, 717.74603, , 
65704.435846625, 003795, -4.2641163, 0.048932005, 3.5486875, -0.039990865, 0.30433115, -0.6974768, 0.6475409, 1599.2438, 1599.2438, 955.3179, 717.75134, , 
65704.452515583, 003796, -4.260994, 0.04788023, 3.557837, -0.04219447, 0.30643576, -0.69670767, 0.64723647, 1599.2438, 1599.2438, 955.31775, 717.7543, , 
65704.469184625, 003797, -4.257479, 0.046365533, 3.5673869, -0.044560295, 0.30857235, -0.6960995, 0.6467171, 1599.2438, 1599.2438, 955.3176, 717.7559, , 
65704.485853666, 003798, -4.25381, 0.04493689, 3.5769093, -0.04707545, 0.3107384, -0.6956783, 0.6459545, 1599.2438, 1599.2438, 955.3175, 717.75684, , 
65704.502522708, 003799, -4.2499843, 0.043643136, 3.5864022, -0.049716547, 0.3129483, -0.6954702, 0.644913, 1599.2438, 1599.2438, 955.31726, 717.7571, , 
65704.53586075, 003800, -4.2419195, 0.04107764, 3.605634, -0.055258356, 0.31730387, -0.6952677, 0.64254767, 1599.2438, 1599.2438, 955.31696, 717.7561, , 
65704.552529833, 003801, -4.2377768, 0.039745104, 3.6153905, -0.0582653, 0.31934422, -0.695019, 0.6415396, 1599.2438, 1599.2438, 955.31635, 717.7558, , 
65704.569198875, 003802, -4.233577, 0.03772417, 3.6254618, -0.061516155, 0.32129505, -0.6945835, 0.64073324, 1599.2438, 1599.2438, 955.3158, 717.75604, , 
65704.585867875, 003803, -4.2293167, 0.03592376, 3.6355228, -0.06475549, 0.32305902, -0.6940199, 0.6401374, 1599.2438, 1599.2438, 955.31494, 717.7567, , 
65704.619205833, 003804, -4.220429, 0.033061605, 3.6556096, -0.07084393, 0.3261551, -0.6929463, 0.6390848, 1599.2438, 1599.2438, 955.31323, 717.75824, , 
65704.635874916, 003805, -4.2157416, 0.03182864, 3.665659, -0.07400607, 0.32771212, -0.6924154, 0.638505, 1599.6957, 1599.6957, 955.3124, 717.7587, , 
65704.652544, 003806, -4.2109103, 0.03075052, 3.6756191, -0.077307776, 0.3291252, -0.69203204, 0.63780224, 1599.6957, 1599.6957, 955.31146, 717.7589, , 
65704.669212875, 003807, -4.205576, 0.028905746, 3.6852992, -0.08056432, 0.33006638, -0.6920508, 0.6368918, 1599.6957, 1599.6957, 955.31006, 717.75745, , 
65704.685881916, 003808, -4.2003565, 0.02769864, 3.6949067, -0.08365022, 0.33052623, -0.6924401, 0.6358314, 1599.6957, 1599.6957, 955.3089, 717.75494, , 
65704.71922, 003809, -4.1900973, 0.026633013, 3.7144024, -0.089088, 0.33159384, -0.6930593, 0.63385934, 1599.6957, 1599.6957, 955.3066, 717.74896, , 
65704.735889125, 003810, -4.1850023, 0.026444737, 3.724446, -0.091315195, 0.3325305, -0.6929462, 0.6331751, 1599.2438, 1599.2438, 955.3059, 717.748, , 
65704.752558041, 003811, -4.1798844, 0.026411247, 3.7347343, -0.09315463, 0.3340213, -0.6925202, 0.6325881, 1599.2438, 1599.2438, 955.30566, 717.7481, , 
65704.769227166, 003812, -4.174436, 0.02561118, 3.7449603, -0.09458442, 0.33612067, -0.6918947, 0.63194805, 1599.2438, 1599.2438, 955.306, 717.7498, , 
65704.802565166, 003813, -4.1634846, 0.025686558, 3.766004, -0.0967998, 0.34194085, -0.6906493, 0.6298491, 1599.6957, 1599.6957, 955.3076, 717.7531, , 
65704.819234083, 003814, -4.157812, 0.026219707, 3.7765026, -0.09758995, 0.34540844, -0.69033164, 0.6281811, 1599.6957, 1599.6957, 955.3089, 717.7543, , 
65704.835903208, 003815, -4.1520085, 0.026879717, 3.7867763, -0.098251164, 0.34902236, -0.690253, 0.62616354, 1599.6957, 1599.6957, 955.31116, 717.75476, , 
65704.852572291, 003816, -4.146147, 0.02759545, 3.7967122, -0.099022046, 0.3524779, -0.6904126, 0.6239265, 1599.2438, 1599.2438, 955.31287, 717.7542, , 
65704.885910375, 003817, -4.1358743, 0.02999651, 3.8139257, -0.10175095, 0.35839218, -0.6910199, 0.6194298, 1599.2438, 1599.2438, 955.3158, 717.7507, , 
65704.902579291, 003818, -4.1303506, 0.030614808, 3.8229103, -0.10373376, 0.36115092, -0.69108367, 0.61742413, 1599.2438, 1599.2438, 955.31647, 717.7493, , 
65704.919248333, 003819, -4.1249595, 0.031106587, 3.8318217, -0.105968565, 0.36390617, -0.6908962, 0.61563414, 1599.2438, 1599.2438, 955.3171, 717.7486, , 
65704.935917375, 003820, -4.119719, 0.031536315, 3.8406565, -0.10832283, 0.36654487, -0.69054663, 0.61404914, 1599.2438, 1599.2438, 955.3175, 717.7483, , 
65704.9525865, 003821, -4.1146016, 0.03196215, 3.8494172, -0.11077107, 0.3690701, -0.6901307, 0.61256564, 1599.2438, 1599.2438, 955.31775, 717.7483, , 
65704.985924416, 003822, -4.1055527, 0.03210752, 3.867225, -0.11532737, 0.3749394, -0.68866634, 0.6098022, 1599.6957, 1599.6957, 955.3188, 717.75055, , 
65705.0025935, 003823, -4.100703, 0.03230646, 3.876038, -0.11737271, 0.37846047, -0.6876882, 0.6083389, 1599.6957, 1599.6957, 955.3197, 717.7526, , 
65705.019262541, 003824, -4.095838, 0.03244965, 3.8847568, -0.11926958, 0.38209817, -0.686753, 0.6067505, 1599.6957, 1599.6957, 955.3209, 717.75476, , 
65705.035931583, 003825, -4.0909467, 0.03253547, 3.893323, -0.12121311, 0.38575295, -0.685932, 0.60497874, 1599.6957, 1599.6957, 955.3224, 717.7571, , 
65705.052600541, 003826, -4.086013, 0.03255083, 3.901713, -0.12348284, 0.3894861, -0.685165, 0.6029937, 1599.2438, 1599.2438, 955.32355, 717.7584, , 
65705.085938625, 003827, -4.077053, 0.03162544, 3.917778, -0.1289174, 0.3971594, -0.68375015, 0.59844, 1599.2438, 1599.2438, 955.32556, 717.7599, , 
65705.102607708, 003828, -4.0721254, 0.031317953, 3.9257743, -0.13192761, 0.40112135, -0.6830172, 0.59597343, 1599.2438, 1599.2438, 955.32684, 717.7606, , 
65705.119276541, 003829, -4.0671306, 0.030901555, 3.9337156, -0.1352365, 0.40516728, -0.6821743, 0.5934548, 1599.2438, 1599.2438, 955.32764, 717.7611, , 
65705.135945625, 003830, -4.0620656, 0.03034107, 3.9416304, -0.13897212, 0.40941724, -0.6811383, 0.5908594, 1599.2438, 1599.2438, 955.3283, 717.762, , 
65705.152614666, 003831, -4.056942, 0.029644046, 3.9495416, -0.14313495, 0.41378942, -0.67995524, 0.5881764, 1599.2438, 1599.2438, 955.32904, 717.7633, , 
65705.185952666, 003832, -4.0476446, 0.02812643, 3.9657276, -0.15166333, 0.42233753, -0.6778043, 0.58241785, 1599.2438, 1599.2438, 955.32983, 717.76434, , 
65705.202621666, 003833, -4.042335, 0.027268533, 3.9736397, -0.15564165, 0.42637515, -0.676966, 0.57939357, 1599.2438, 1599.2438, 955.33057, 717.764, , 
65705.219290708, 003834, -4.0369463, 0.026350033, 3.98158, -0.15962799, 0.43034673, -0.6760223, 0.5764672, 1599.2438, 1599.2438, 955.3309, 717.76385, , 
65705.235959833, 003835, -4.031484, 0.025364447, 3.989576, -0.16375193, 0.43438736, -0.67490923, 0.5735768, 1599.2438, 1599.2438, 955.33136, 717.7641, , 
65705.252628875, 003836, -4.025908, 0.024338804, 3.997595, -0.16810754, 0.43850198, -0.673751, 0.57053953, 1599.2438, 1599.2438, 955.3317, 717.7645, , 
65705.285966875, 003837, -4.015553, 0.022968125, 4.013767, -0.17772849, 0.44649285, -0.67173177, 0.56376696, 1599.2438, 1599.2438, 955.3319, 717.76306, , 
65705.302635958, 003838, -4.00976, 0.021933556, 4.0217795, -0.18327561, 0.45068097, -0.67062503, 0.5599631, 1599.2438, 1599.2438, 955.3317, 717.7611, , 
65705.319304958, 003839, -4.0038686, 0.020830955, 4.029849, -0.1893406, 0.45517585, -0.6692822, 0.5559014, 1599.2438, 1599.2438, 955.3315, 717.7599, , 
65705.335974083, 003840, -3.9979007, 0.019706607, 4.037964, -0.19577861, 0.45989886, -0.66773844, 0.5516241, 1599.2438, 1599.2438, 955.3311, 717.75867, , 
65705.352642958, 003841, -3.99189, 0.018589038, 4.0460916, -0.20243092, 0.46477956, -0.6660145, 0.5471987, 1599.2438, 1599.2438, 955.3307, 717.7571, , 
65705.369312, 003842, -3.9858572, 0.018727094, 4.0546727, -0.20906822, 0.4697166, -0.6641083, 0.5427863, 1599.2438, 1599.2438, 955.3303, 717.75635, , 
65705.385981041, 003843, -3.979972, 0.017954934, 4.062722, -0.21594594, 0.4744145, -0.66207564, 0.5384737, 1599.2438, 1599.2438, 955.32983, 717.7556, , 
65705.419319, 003844, -3.9684322, 0.016765166, 4.0784707, -0.23105112, 0.48316458, -0.6573399, 0.5301619, 1599.2438, 1599.2438, 955.32684, 717.7534, , 
65705.435988125, 003845, -3.9624047, 0.016379837, 4.086269, -0.23842819, 0.4883913, -0.6548447, 0.52517074, 1599.2438, 1599.2438, 955.326, 717.7527, , 
65705.452657125, 003846, -3.956177, 0.016244058, 4.0938997, -0.24481843, 0.4939381, -0.6529382, 0.5193851, 1599.2438, 1599.2438, 955.32635, 717.75165, , 
65705.46932625, 003847, -3.949949, 0.017061178, 4.101051, -0.25029045, 0.49870887, -0.6520258, 0.51332873, 1599.2438, 1599.2438, 955.32776, 717.7477, , 
65705.485995166, 003848, -3.9440866, 0.017747466, 4.108037, -0.25545406, 0.5024868, -0.6516393, 0.5075592, 1599.2438, 1599.2438, 955.3287, 717.7428, , 
65705.502664125, 003849, -3.9385545, 0.018593315, 4.114964, -0.26095775, 0.50588584, -0.6509095, 0.50229216, 1599.2438, 1599.2438, 955.3293, 717.73773, , 
65705.53600225, 003850, -3.9278066, 0.020492371, 4.1291943, -0.27338862, 0.5144236, -0.6467222, 0.49231842, 1599.2438, 1599.2438, 955.32904, 717.7324, , 
65705.552671333, 003851, -3.9221945, 0.021539997, 4.136462, -0.27954745, 0.5201962, -0.643681, 0.4867482, 1599.2438, 1599.2438, 955.32947, 717.73315, , 
65705.569340291, 003852, -3.9166687, 0.023087043, 4.1441283, -0.2851484, 0.5266542, -0.64056534, 0.4806262, 1599.2438, 1599.2438, 955.33075, 717.73505, , 
65705.586009333, 003853, -3.9109304, 0.024371665, 4.1511073, -0.29041097, 0.53306043, -0.6376031, 0.47431034, 1599.6957, 1599.6957, 955.3333, 717.7378, , 
65705.619347458, 003854, -3.900164, 0.02702817, 4.163607, -0.30079022, 0.54348874, -0.6324663, 0.46274352, 1599.2438, 1599.2438, 955.33636, 717.7393, , 
65705.636016333, 003855, -3.8952916, 0.028290905, 4.169105, -0.30604413, 0.5471764, -0.6302669, 0.45792857, 1599.2438, 1599.2438, 955.3369, 717.7382, , 
65705.652685375, 003856, -3.8906624, 0.029402006, 4.174186, -0.31139064, 0.55008155, -0.6281726, 0.4537018, 1599.2438, 1599.2438, 955.3366, 717.73663, , 
65705.669354458, 003857, -3.885975, 0.029331673, 4.1806736, -0.31679913, 0.5526016, -0.626029, 0.44984162, 1599.2438, 1599.2438, 955.33575, 717.7347, , 
65705.6860235, 003858, -3.8811967, 0.029779073, 4.1855516, -0.32216188, 0.55536604, -0.62366986, 0.44588804, 1599.6957, 1599.6957, 955.3347, 717.7326, , 
65705.719361458, 003859, -3.8706179, 0.030082341, 4.1946564, -0.33170855, 0.5624334, -0.61881286, 0.43670198, 1599.2438, 1599.2438, 955.33484, 717.7318, , 
65705.736030541, 003860, -3.8648071, 0.029987704, 4.1989584, -0.33570758, 0.5663844, -0.6168385, 0.43129945, 1599.2438, 1599.2438, 955.3365, 717.7313, , 
65705.752699625, 003861, -3.8587165, 0.029784624, 4.2030473, -0.3393397, 0.5703736, -0.6152971, 0.425361, 1599.2438, 1599.2438, 955.33856, 717.7303, , 
65705.769368666, 003862, -3.8524761, 0.028347146, 4.2088003, -0.3427778, 0.5742675, -0.614103, 0.4190439, 1599.2438, 1599.2438, 955.3411, 717.7285, , 
65705.7860375, 003863, -3.846139, 0.027837109, 4.212703, -0.3462574, 0.57789826, -0.61309415, 0.41261965, 1599.2438, 1599.2438, 955.34485, 717.72516, , 
65705.819375666, 003864, -3.8334742, 0.026812267, 4.2196946, -0.35341963, 0.58470464, -0.61049664, 0.40063542, 1599.2438, 1599.2438, 955.34973, 717.7206, , 
65705.83604475, 003865, -3.8271892, 0.026145939, 4.2231073, -0.3569619, 0.5880991, -0.60853213, 0.39548233, 1599.2438, 1599.2438, 955.35156, 717.7198, , 
65705.852713833, 003866, -3.8209305, 0.025373358, 4.226539, -0.36031452, 0.59150445, -0.60623056, 0.3908713, 1599.2438, 1599.2438, 955.35345, 717.7207, , 
65705.869382708, 003867, -3.8147078, 0.024520073, 4.2300158, -0.36341554, 0.59466225, -0.6039016, 0.3867929, 1599.2438, 1599.2438, 955.3546, 717.72205, , 
65705.902720833, 003868, -3.8011787, 0.021104451, 4.2386546, -0.36919212, 0.599521, -0.5999299, 0.3799417, 1599.2438, 1599.2438, 955.35614, 717.7239, , 
65705.919389875, 003869, -3.7949414, 0.020140741, 4.2419357, -0.37220064, 0.60142183, -0.59816515, 0.3767717, 1599.2438, 1599.2438, 955.3563, 717.72363, , 
65705.93605875, 003870, -3.7886565, 0.019221213, 4.244977, -0.37533042, 0.60323, -0.59640837, 0.3735475, 1599.2438, 1599.2438, 955.35645, 717.7231, , 
65705.952727875, 003871, -3.7822306, 0.018244024, 4.2478724, -0.37856665, 0.6051245, -0.59454286, 0.3701761, 1599.2438, 1599.2438, 955.35657, 717.7222, , 
65705.969396916, 003872, -3.775921, 0.016691495, 4.2513795, -0.38184285, 0.6071155, -0.59255904, 0.36671585, 1599.2438, 1599.2438, 955.3568, 717.7219, , 
65706.002735041, 003873, -3.76238, 0.014194403, 4.257014, -0.38836643, 0.6114464, -0.5881628, 0.35967937, 1599.2438, 1599.2438, 955.3572, 717.7221, , 
65706.019403958, 003874, -3.7553804, 0.012936521, 4.2597523, -0.39151108, 0.613567, -0.58598447, 0.3561975, 1599.2438, 1599.2438, 955.3574, 717.72235, , 
65706.036072958, 003875, -3.748284, 0.011717502, 4.2624764, -0.39447573, 0.6155064, -0.5839529, 0.35290182, 1599.2438, 1599.2438, 955.3576, 717.72253, , 
65706.052742041, 003876, -3.7411299, 0.010558996, 4.265196, -0.39730626, 0.6172029, -0.58205265, 0.34989, 1599.2438, 1599.2438, 955.3577, 717.7224, , 
65706.069411125, 003877, -3.7339373, 0.009470966, 4.2679152, -0.40004486, 0.61862195, -0.5802626, 0.34722668, 1599.2438, 1599.2438, 955.3576, 717.7221, , 
65706.086079958, 003878, -3.7268915, 0.009215377, 4.2724266, -0.4026143, 0.61977, -0.57862055, 0.3449421, 1599.2438, 1599.2438, 955.3573, 717.7217, , 
65706.102749041, 003879, -3.7196136, 0.008475851, 4.275729, -0.40495002, 0.6208084, -0.5771815, 0.34274447, 1599.2438, 1599.2438, 955.35693, 717.7208, , 
65706.136087125, 003880, -3.7045646, 0.0067163147, 4.281344, -0.4089533, 0.622602, -0.5752123, 0.33801588, 1599.2438, 1599.2438, 955.3574, 717.7187, , 
65706.15275625, 003881, -3.696916, 0.0059041902, 4.284017, -0.4108086, 0.6231862, -0.57464945, 0.33563855, 1599.2438, 1599.2438, 955.35785, 717.71674, , 
65706.169425166, 003882, -3.6893747, 0.005384837, 4.2870455, -0.4125743, 0.6235548, -0.5743222, 0.33334038, 1599.2438, 1599.2438, 955.35846, 717.7135, , 
65706.186094166, 003883, -3.682428, 0.0058614872, 4.2915754, -0.4141703, 0.62392986, -0.57413363, 0.33097598, 1599.2438, 1599.2438, 955.35913, 717.71075, , 
65706.202763208, 003884, -3.6746726, 0.005646255, 4.2949657, -0.4154929, 0.62465245, -0.5739236, 0.32830873, 1599.2438, 1599.2438, 955.3603, 717.70844, , 
65706.219432333, 003885, -3.6663911, 0.005211048, 4.2980275, -0.41641593, 0.6260394, -0.57350105, 0.32522136, 1599.2438, 1599.2438, 955.36273, 717.7072, , 
65706.23610125, 003886, -3.6577156, 0.0047249165, 4.30096, -0.4168341, 0.6281137, -0.5729659, 0.32160956, 1598.7919, 1598.7919, 955.36554, 717.7078, , 
65706.269439333, 003887, -3.6402318, 0.0040003615, 4.306341, -0.4171465, 0.6329479, -0.57188845, 0.31354278, 1599.2438, 1599.2438, 955.37286, 717.71094, , 
65706.286108375, 003888, -3.6327186, 0.0037600063, 4.3088727, -0.41763026, 0.6350321, -0.5714434, 0.30947, 1599.2438, 1599.2438, 955.37775, 717.71216, , 
65706.302777416, 003889, -3.6245143, 0.003819827, 4.3107843, -0.41849118, 0.6368151, -0.57105935, 0.30532414, 1599.2438, 1599.2438, 955.3812, 717.7121, , 
65706.319446333, 003890, -3.6161957, 0.0040890314, 4.3122544, -0.41980687, 0.638365, -0.5705905, 0.30112913, 1598.7919, 1598.7919, 955.3844, 717.7112, , 
65706.336115416, 003891, -3.608001, 0.0045342185, 4.3133945, -0.42163232, 0.6396652, -0.56990767, 0.29708567, 1598.7919, 1598.7919, 955.38776, 717.70917, , 
65706.3527845, 003892, -3.6000223, 0.0051331334, 4.3142853, -0.42406282, 0.64072204, -0.5688141, 0.29342207, 1598.7919, 1598.7919, 955.3893, 717.70734, , 
65706.3694535, 003893, -3.5922844, 0.005829226, 4.315162, -0.4271317, 0.64161366, -0.56715566, 0.290215, 1599.2438, 1599.2438, 955.3897, 717.70544, , 
65706.386122416, 003894, -3.5848083, 0.006497789, 4.316492, -0.4306475, 0.64246523, -0.5649596, 0.28740504, 1598.7919, 1598.7919, 955.3887, 717.7035, , 
65706.419460583, 003895, -3.5694473, 0.008076962, 4.3173547, -0.4377469, 0.6451506, -0.5591224, 0.28202906, 1598.7919, 1598.7919, 955.38586, 717.70337, , 
65706.436129541, 003896, -3.5614374, 0.008810554, 4.3173704, -0.4409192, 0.6474275, -0.5555662, 0.27887997, 1599.2438, 1599.2438, 955.38446, 717.70636, , 
65706.452798666, 003897, -3.5532134, 0.009492125, 4.317108, -0.44375843, 0.6503169, -0.5517795, 0.27514693, 1599.2438, 1599.2438, 955.3843, 717.7102, , 
65706.469467541, 003898, -3.5447001, 0.010148626, 4.3167887, -0.44639277, 0.65345705, -0.5480012, 0.27096492, 1598.7919, 1598.7919, 955.3847, 717.7146, , 
65706.486136541, 003899, -3.535676, 0.010782372, 4.316874, -0.44905764, 0.65645826, -0.5443294, 0.26667413, 1598.7919, 1598.7919, 955.3856, 717.7201, , 
65706.502805708, 003900, -3.5274262, 0.011519443, 4.3159885, -0.45203966, 0.6591742, -0.5406245, 0.2624395, 1598.7919, 1598.7919, 955.386, 717.72345, , 
65706.51947475, 003901, -3.51956, 0.012260389, 4.3146076, -0.45535317, 0.66169345, -0.53676665, 0.25825706, 1598.7919, 1598.7919, 955.38586, 717.72626, , 
65706.536143541, 003902, -3.5118814, 0.012904163, 4.312924, -0.45888677, 0.6642244, -0.5326221, 0.25405234, 1598.7919, 1598.7919, 955.3853, 717.73, , 
65706.552812708, 003903, -3.504264, 0.013401415, 4.3109956, -0.46253443, 0.66685295, -0.528227, 0.24969013, 1599.2438, 1599.2438, 955.3848, 717.73303, , 
65706.569481791, 003904, -3.4961452, 0.013739187, 4.309049, -0.46625468, 0.66949743, -0.5237398, 0.24510466, 1599.2438, 1599.2438, 955.3843, 717.736, , 
65706.602819666, 003905, -3.478306, 0.013870675, 4.3052397, -0.47379518, 0.67464286, -0.5149056, 0.23504746, 1599.2438, 1599.2438, 955.3838, 717.742, , 
65706.619488791, 003906, -3.4701955, 0.0136358775, 4.3027654, -0.4776974, 0.6771777, -0.5104699, 0.22946863, 1599.2438, 1599.2438, 955.3839, 717.744, , 
65706.636157833, 003907, -3.462049, 0.013195399, 4.300131, -0.48166552, 0.6797985, -0.50591844, 0.22342497, 1599.2438, 1599.2438, 955.3844, 717.74603, , 
65706.652826916, 003908, -3.453861, 0.01259106, 4.297408, -0.4857827, 0.6824188, -0.50114995, 0.21718298, 1599.2438, 1599.2438, 955.3851, 717.74866, , 
65706.669495958, 003909, -3.4448962, 0.011788156, 4.2953033, -0.49012902, 0.6849034, -0.49613184, 0.21103072, 1599.2438, 1599.2438, 955.3852, 717.7505, , 
65706.686164875, 003910, -3.4342368, 0.010723043, 4.294669, -0.49464855, 0.6872603, -0.49083078, 0.20513712, 1599.2438, 1599.2438, 955.3847, 717.7524, , 
65706.702833916, 003911, -3.425087, 0.0097843185, 4.292688, -0.4991942, 0.68962413, -0.48529235, 0.19928618, 1599.2438, 1599.2438, 955.3838, 717.755, , 
65706.719502958, 003912, -3.4163218, 0.0088801645, 4.2902555, 0.5036556, -0.6920013, 0.47968614, -0.19330403, 1599.2438, 1599.2438, 955.383, 717.75726, , 
65706.736172, 003913, -3.40762, 0.008000482, 4.2876067, 0.50803185, -0.69435483, 0.47408944, -0.1871207, 1599.2438, 1599.2438, 955.3825, 717.7594, , 
65706.752840875, 003914, -3.3989534, 0.0071791075, 4.28478, 0.512441, -0.6965759, 0.46853372, -0.1807278, 1599.2438, 1599.2438, 955.382, 717.76196, , 
65706.786179041, 003915, -3.378506, 0.004680101, 4.2792406, 0.521854, -0.70016783, 0.45743492, -0.16788857, 1599.2438, 1599.2438, 955.38086, 717.76337, , 
65706.802848125, 003916, -3.369426, 0.0039198287, 4.276129, 0.52705693, -0.701602, 0.45153514, -0.16149768, 1599.2438, 1599.2438, 955.37915, 717.76294, , 
65706.819517083, 003917, -3.3611395, 0.0034726304, 4.272845, 0.5325007, -0.70284104, 0.44537163, -0.15524699, 1599.2438, 1599.2438, 955.3774, 717.7623, , 
65706.836186083, 003918, -3.3533235, 0.0032179686, 4.2695074, 0.53813684, -0.7037816, 0.4391074, -0.1492807, 1599.2438, 1599.2438, 955.3752, 717.7611, , 
65706.852855083, 003919, -3.3458793, 0.003164161, 4.2662296, 0.5440113, -0.7042816, 0.43282884, -0.14386852, 1599.2438, 1599.2438, 955.37146, 717.75824, , 
65706.869524166, 003920, -3.3380806, 0.0030305646, 4.263213, 0.55020165, -0.7043856, 0.42634368, -0.13910471, 1599.6957, 1599.6957, 955.3676, 717.755, , 
65706.88619325, 003921, -3.329255, 0.0024966374, 4.2604046, 0.55647457, -0.70466954, 0.4192932, -0.13405187, 1599.2438, 1599.2438, 955.3636, 717.7519, , 
65706.902862083, 003922, -3.3212152, 0.0025857612, 4.2570415, 0.56250143, -0.7055348, 0.411751, -0.12756905, 1599.2438, 1599.2438, 955.3603, 717.75006, , 
65706.919531208, 003923, -3.3133655, 0.0029713959, 4.253196, 0.568073, -0.70664996, 0.40455794, -0.11946473, 1599.2438, 1599.2438, 955.35846, 717.7487, , 
65706.952869291, 003924, -3.2985811, 0.0047929846, 4.2449102, 0.57902145, -0.7070625, 0.39293793, -0.101963386, 1599.2438, 1599.2438, 955.35925, 717.74225, , 
65706.969538333, 003925, -3.2913804, 0.005944755, 4.240804, 0.5848439, -0.70635986, 0.38755208, -0.093897074, 1599.2438, 1599.2438, 955.3594, 717.73413, , 
65706.986207333, 003926, -3.2837791, 0.006838847, 4.2367177, 0.5905647, -0.70582503, 0.38161752, -0.08609518, 1599.2438, 1599.2438, 955.359, 717.72845, , 
65707.002876291, 003927, -3.2765465, 0.008271601, 4.2327895, 0.5956113, -0.7058882, 0.37537006, -0.07788699, 1599.2438, 1599.2438, 955.3589, 717.7247, , 
65707.019545416, 003928, -3.2692826, 0.009840105, 4.2287674, 0.5995606, -0.70676875, 0.36916414, -0.06872223, 1599.2438, 1599.2438, 955.35986, 717.72345, , 
65707.036214458, 003929, -3.2620397, 0.011433948, 4.2246723, 0.60249496, -0.7083547, 0.36299992, -0.058857642, 1599.2438, 1599.2438, 955.3631, 717.72595, , 
65707.052883333, 003930, -3.2551446, 0.013117563, 4.2207527, 0.60508686, -0.7100814, 0.3566603, -0.049474385, 1598.7919, 1598.7919, 955.36566, 717.7297, , 
65707.069552458, 003931, -3.248631, 0.014965702, 4.2170796, 0.6078704, -0.7115816, 0.34989443, -0.041459236, 1598.7919, 1598.7919, 955.36707, 717.7334, , 
65707.086221416, 003932, -3.2424963, 0.016974587, 4.213665, 0.6110859, -0.7126269, 0.34279794, -0.035021815, 1599.2438, 1599.2438, 955.36633, 717.73706, , 
65707.102890458, 003933, -3.237292, 0.018895965, 4.210752, 0.6147062, -0.713138, 0.33567894, -0.029832833, 1599.2438, 1599.2438, 955.36426, 717.7382, , 
65707.119559583, 003934, -3.2326698, 0.020671327, 4.2080593, 0.6185634, -0.71315724, 0.3288496, -0.025376221, 1599.2438, 1599.2438, 955.3616, 717.738, , 
65707.136228458, 003935, -3.228366, 0.022227462, 4.205388, 0.62253654, -0.71282613, 0.32230175, -0.021178477, 1599.2438, 1599.2438, 955.3576, 717.7359, , 
65707.152897541, 003936, -3.2241333, 0.02349921, 4.202568, 0.62639564, -0.71238124, 0.31600523, -0.016793838, 1599.2438, 1599.2438, 955.3551, 717.73376, , 
65707.186235625, 003937, -3.2154737, 0.025005776, 4.19484, 0.6326463, -0.71233034, 0.30383414, -0.0053655324, 1599.2438, 1599.2438, 955.3523, 717.7322, , 
65707.2029045, 003938, -3.2108266, 0.025267038, 4.1906514, 0.634995, -0.7127468, 0.2979418, 0.0019972408, 1599.2438, 1599.2438, 955.3527, 717.7336, , 
65707.219573625, 003939, -3.2062047, 0.025350675, 4.1862655, 0.6372219, -0.71305954, 0.29221627, 0.0101985745, 1599.2438, 1599.2438, 955.35425, 717.7352, , 
65707.236242625, 003940, -3.2018, 0.025339331, 4.1816983, 0.6395546, -0.71302396, 0.28672707, 0.018824397, 1599.2438, 1599.2438, 955.35693, 717.73663, , 
65707.25291175, 003941, -3.1976988, 0.025263462, 4.1770163, 0.64202064, -0.7125537, 0.28163943, 0.027495751, 1599.2438, 1599.2438, 955.35925, 717.7365, , 
65707.26958075, 003942, -3.1938615, 0.024905901, 4.171897, 0.6445133, -0.71176475, 0.27695337, 0.035921533, 1599.2438, 1599.2438, 955.3618, 717.7355, , 
65707.286249583, 003943, -3.1902106, 0.02422585, 4.166387, 0.6468889, -0.7108738, 0.27252698, 0.043842055, 1599.2438, 1599.2438, 955.3652, 717.7338, , 
65707.302918708, 003944, -3.1867383, 0.023702253, 4.1614413, 0.6489719, -0.7101544, 0.26814845, 0.05111283, 1598.7919, 1598.7919, 955.3674, 717.7331, , 
65707.31958775, 003945, -3.1833622, 0.023128856, 4.1567106, 0.65074766, -0.70972544, 0.26363164, 0.057581, 1599.2438, 1599.2438, 955.369, 717.7333, , 
65707.336256833, 003946, -3.1800416, 0.02244636, 4.152032, 0.65228635, -0.7095815, 0.25886285, 0.06329888, 1599.2438, 1599.2438, 955.3698, 717.73425, , 
65707.352925708, 003947, -3.1767204, 0.021613564, 4.1473, 0.65355104, -0.7097413, 0.25387377, 0.0684587, 1599.2438, 1599.2438, 955.37006, 717.7369, , 
65707.369594833, 003948, -3.1732764, 0.02056871, 4.1424985, 0.65448666, -0.71021503, 0.24871165, 0.073377274, 1599.2438, 1599.2438, 955.36993, 717.74005, , 
65707.402932916, 003949, -3.1662476, 0.01817843, 4.1323266, 0.6557184, -0.7115362, 0.23843816, 0.08304678, 1599.2438, 1599.2438, 955.3694, 717.74976, , 
65707.419602, 003950, -3.162854, 0.017048325, 4.1268263, 0.6563637, -0.7120329, 0.23339784, 0.08786962, 1599.2438, 1599.2438, 955.36926, 717.75366, , 
65707.436270875, 003951, -3.1595502, 0.016031448, 4.1211443, 0.6572397, -0.71225643, 0.22836228, 0.09261369, 1599.2438, 1599.2438, 955.36914, 717.75684, , 
65707.45294, 003952, -3.1563168, 0.015158776, 4.1153517, 0.6583191, -0.71225125, 0.22329998, 0.09721765, 1599.2438, 1599.2438, 955.3685, 717.7599, , 
65707.469609, 003953, -3.152786, 0.01451331, 4.1096287, 0.65951896, -0.712124, 0.21818195, 0.10154207, 1598.7919, 1598.7919, 955.36786, 717.76154, , 
65707.486278041, 003954, -3.1490083, 0.014121268, 4.1039906, 0.6608332, -0.7118915, 0.2130401, 0.105469555, 1599.2438, 1599.2438, 955.3667, 717.76263, , 
65707.502946875, 003955, -3.1457798, 0.013864186, 4.098148, 0.66228026, -0.71152407, 0.20792258, 0.10902555, 1599.2438, 1599.2438, 955.36487, 717.7635, , 
65707.519616041, 003956, -3.14279, 0.013804477, 4.0922213, 0.6639099, -0.7109955, 0.20283566, 0.11210125, 1599.2438, 1599.2438, 955.363, 717.7633, , 
65707.552954125, 003957, -3.136961, 0.014184196, 4.0801306, 0.6672522, -0.7097523, 0.19309492, 0.117219694, 1599.2438, 1599.2438, 955.35785, 717.76135, , 
65707.569623208, 003958, -3.1340153, 0.014742006, 4.0737414, 0.66895235, -0.70896584, 0.18873268, 0.119373955, 1599.2438, 1599.2438, 955.3558, 717.7599, , 
65707.586292125, 003959, -3.1310315, 0.015554596, 4.067115, 0.6707403, -0.7079508, 0.1849445, 0.121278614, 1599.2438, 1599.2438, 955.3539, 717.7577, , 
65707.602961166, 003960, -3.1280599, 0.016238984, 4.0606275, 0.67257005, -0.70677316, 0.1815011, 0.12320127, 1599.2438, 1599.2438, 955.3518, 717.7539, , 
65707.619630208, 003961, -3.125079, 0.016905766, 4.054106, 0.67447656, -0.70544684, 0.17817268, 0.12522285, 1599.2438, 1599.2438, 955.3504, 717.75055, , 
65707.652968166, 003962, -3.1189392, 0.01831073, 4.0408535, 0.67810327, -0.7028667, 0.17140515, 0.1295164, 1599.2438, 1599.2438, 955.34796, 717.744, , 
65707.669637166, 003963, -3.1156507, 0.019167468, 4.034019, 0.6796523, -0.70178914, 0.16825117, 0.13136308, 1599.2438, 1599.2438, 955.3465, 717.74054, , 
65707.68630625, 003964, -3.1122172, 0.020194668, 4.0270443, 0.6810302, -0.70080817, 0.16545087, 0.13301031, 1599.2438, 1599.2438, 955.3455, 717.7382, , 
65707.702975375, 003965, -3.1087625, 0.021368217, 4.0201907, 0.682305, -0.6998312, 0.16287282, 0.13479102, 1599.2438, 1599.2438, 955.3447, 717.736, , 
65707.736313291, 003966, -3.1020226, 0.024137285, 4.006521, 0.6848425, -0.69752675, 0.15853187, 0.13897765, 1599.2438, 1599.2438, 955.3441, 717.73047, , 
65707.752982375, 003967, -3.0988588, 0.02566297, 3.9998572, 0.6862006, -0.6961715, 0.1567344, 0.1410964, 1599.2438, 1599.2438, 955.34436, 717.72754, , 
65707.769651416, 003968, -3.0958717, 0.027234208, 3.9935412, 0.68776023, -0.69473475, 0.15489215, 0.1426109, 1599.2438, 1599.2438, 955.34436, 717.72406, , 
65707.786320458, 003969, -3.0939171, 0.02800573, 3.9870918, 0.6896738, -0.69322777, 0.15271643, 0.14304897, 1599.2438, 1599.2438, 955.3431, 717.7183, , 
65707.819658375, 003970, -3.0889363, 0.030699614, 3.9763796, 0.6938144, -0.69064605, 0.14717093, 0.14131597, 1599.2438, 1599.2438, 955.3374, 717.7063, , 
65707.8363275, 003971, -3.0861864, 0.03203835, 3.971507, 0.695645, -0.68975544, 0.14417535, 0.13974565, 1599.6957, 1599.6957, 955.33435, 717.7018, , 
65707.852996583, 003972, -3.0832372, 0.033264957, 3.9667013, 0.6971181, -0.68915105, 0.14136778, 0.1382472, 1599.2438, 1599.2438, 955.3315, 717.6982, , 
65707.869665583, 003973, -3.0802524, 0.033937994, 3.9613948, 0.6982337, -0.68879676, 0.13881984, 0.13695872, 1599.2438, 1599.2438, 955.3289, 717.6955, , 
65707.886334458, 003974, -3.0771914, 0.034216832, 3.9556842, 0.69894075, -0.6887257, 0.1364224, 0.13611586, 1599.2438, 1599.2438, 955.326, 717.6937, , 
65707.919672583, 003975, -3.069958, 0.03545204, 3.9447443, 0.6986777, -0.6896443, 0.13200429, 0.13716769, 1599.2438, 1599.2438, 955.3234, 717.6963, , 
65707.936341666, 003976, -3.0660105, 0.035976205, 3.9391015, 0.69784755, -0.690453, 0.13022654, 0.13901252, 1599.2438, 1599.2438, 955.3231, 717.7012, , 
65707.953010583, 003977, -3.0619802, 0.03643881, 3.9334462, 0.69690317, -0.6912354, 0.12870179, 0.14126338, 1599.2438, 1599.2438, 955.3234, 717.7054, , 
65707.969679625, 003978, -3.0575702, 0.036591496, 3.928192, 0.6961766, -0.6917729, 0.127216, 0.14354256, 1599.2438, 1599.2438, 955.3239, 717.7092, , 
65707.986348666, 003979, -3.053022, 0.036563557, 3.9233117, 0.6957689, -0.69203925, 0.12573157, 0.14552999, 1599.2438, 1599.2438, 955.3244, 717.7129, , 
65708.003017791, 003980, -3.0489533, 0.036820073, 3.9182165, 0.69549227, -0.6922067, 0.12415898, 0.14739357, 1599.2438, 1599.2438, 955.3246, 717.7149, , 
65708.036355708, 003981, -3.0410504, 0.037401345, 3.9079432, 0.69489217, -0.69272923, 0.12055826, 0.15072098, 1599.2438, 1599.2438, 955.3245, 717.71967, , 
65708.05302475, 003982, -3.036985, 0.03765585, 3.9027565, 0.6944869, -0.69315803, 0.11864239, 0.15213093, 1599.2438, 1599.2438, 955.32416, 717.72205, , 
65708.069693833, 003983, -3.0316868, 0.038081888, 3.896404, 0.69403124, -0.6936056, 0.116884135, 0.15352531, 1599.2438, 1599.2438, 955.3238, 717.7246, , 
65708.086362833, 003984, -3.0257316, 0.038577486, 3.8893359, 0.6935473, -0.6940004, 0.115392305, 0.15504901, 1599.2438, 1599.2438, 955.3238, 717.7272, , 
65708.10303175, 003985, -3.020753, 0.038841743, 3.8831816, 0.6930338, -0.69436365, 0.11418172, 0.15660691, 1599.2438, 1599.2438, 955.3239, 717.73047, , 
65708.136369875, 003986, -3.011281, 0.03922412, 3.8714354, 0.6923157, -0.6948165, 0.11198809, 0.15933524, 1599.2438, 1599.2438, 955.3245, 717.73456, , 
65708.153038875, 003987, -3.0065482, 0.0394522, 3.8657439, 0.6923722, -0.69480395, 0.11071454, 0.1600327, 1599.2438, 1599.2438, 955.32416, 717.7355, , 
65708.169707833, 003988, -3.0017762, 0.039701466, 3.8601859, 0.69276094, -0.69462085, 0.109293945, 0.16012177, 1599.2438, 1599.2438, 955.3234, 717.7351, , 
65708.186376875, 003989, -2.994498, 0.0407726, 3.8523748, 0.6934057, -0.69425136, 0.107971065, 0.15983069, 1599.6957, 1599.6957, 955.3224, 717.7339, , 
65708.203045916, 003990, -2.988729, 0.04122528, 3.8460581, 0.6940215, -0.6939328, 0.106622785, 0.15944564, 1599.6957, 1599.6957, 955.321, 717.73193, , 
65708.236384041, 003991, -2.9779294, 0.041518945, 3.834434, 0.69499886, -0.69368184, 0.103313886, 0.15845586, 1599.6957, 1599.6957, 955.31854, 717.7299, , 
65708.253052916, 003992, -2.9724555, 0.041530047, 3.8287027, 0.6953921, -0.6937843, 0.10111698, 0.15769781, 1599.2438, 1599.2438, 955.31635, 717.72925, , 
65708.269721958, 003993, -2.966889, 0.041458983, 3.8229132, 0.69568443, -0.69403154, 0.098490745, 0.15698072, 1599.2438, 1599.2438, 955.31464, 717.7292, , 
65708.286391125, 003994, -2.960633, 0.04324891, 3.8149621, 0.69594294, -0.6942865, 0.09556024, 0.15651777, 1599.2438, 1599.2438, 955.3126, 717.72955, , 
65708.303060125, 003995, -2.9547327, 0.043691132, 3.8083494, 0.6961151, -0.69467777, 0.092105016, 0.15608725, 1599.6957, 1599.6957, 955.30994, 717.7306, , 
65708.319729041, 003996, -2.94895, 0.04373825, 3.8022182, 0.69639385, -0.69500715, 0.08844809, 0.15549147, 1599.6957, 1599.6957, 955.30786, 717.7312, , 
65708.353067083, 003997, -2.9376807, 0.04385638, 3.7903843, 0.6978295, -0.69493216, 0.081068285, 0.15339825, 1599.2438, 1599.2438, 955.30347, 717.7294, , 
65708.369736166, 003998, -2.931907, 0.0441547, 3.783699, 0.6987424, -0.69466466, 0.07722138, 0.15243673, 1599.6957, 1599.6957, 955.30054, 717.7267, , 
65708.38640525, 003999, -2.926082, 0.04456724, 3.7764235, 0.69939715, -0.69442123, 0.07345391, 0.15240483, 1599.6957, 1599.6957, 955.29895, 717.72534, , 
65708.403074125, 004000, -2.9205105, 0.04502364, 3.769353, 0.69971746, -0.69417083, 0.06998897, 0.15369982, 1599.6957, 1599.6957, 955.2977, 717.725, , 
65708.43641225, 004001, -2.9100752, 0.04639149, 3.7553585, 0.7006277, -0.692721, 0.0641679, 0.15855901, 1599.6957, 1599.6957, 955.2972, 717.7244, , 
65708.453081333, 004002, -2.9052622, 0.047401216, 3.7489474, 0.701967, -0.69125974, 0.061015345, 0.1602478, 1599.6957, 1599.6957, 955.2968, 717.7215, , 
65708.469750166, 004003, -2.900582, 0.04861154, 3.7430406, 0.70384294, -0.68954617, 0.05747862, 0.16070892, 1599.2438, 1599.2438, 955.29553, 717.71466, , 
65708.486419208, 004004, -2.8958292, 0.048389915, 3.7359421, 0.7057123, -0.6879385, 0.05355946, 0.16075434, 1599.6957, 1599.6957, 955.2944, 717.7089, , 
65708.519757416, 004005, -2.886222, 0.05052877, 3.7230086, 0.70774966, -0.68603677, 0.04527341, 0.16246277, 1599.6957, 1599.6957, 955.2922, 717.7021, , 
65708.536426375, 004006, -2.8814514, 0.05195025, 3.716179, 0.70772904, -0.68571657, 0.04111096, 0.16499172, 1599.6957, 1599.6957, 955.2914, 717.70245, , 
65708.569764375, 004007, -2.8725076, 0.055310432, 3.7026265, 0.70713204, -0.68531185, 0.03325051, 0.17089814, 1599.6957, 1599.6957, 955.2908, 717.70593, , 
65708.586433416, 004008, -2.8687906, 0.05721022, 3.6967285, 0.7070086, -0.6851258, 0.029695809, 0.17279881, 1599.6957, 1599.6957, 955.2902, 717.70734, , 
65708.6031025, 004009, -2.8650062, 0.059120353, 3.6910806, 0.7070812, -0.684922, 0.02643627, 0.17383605, 1599.6957, 1599.6957, 955.2896, 717.70746, , 
65708.636440416, 004010, -2.8578432, 0.06268056, 3.68061, 0.70751023, -0.68460333, 0.019931227, 0.17421332, 1599.6957, 1599.6957, 955.2879, 717.7064, , 
65708.6531095, 004011, -2.8545182, 0.064317726, 3.6756923, 0.707905, -0.6844139, 0.016302738, 0.17373084, 1599.6957, 1599.6957, 955.2869, 717.7053, , 
65708.686447625, 004012, -2.8488948, 0.06706555, 3.666232, 0.70873684, -0.6839622, 0.0077533894, 0.17270693, 1599.6957, 1599.6957, 955.2847, 717.7021, , 
65708.7031165, 004013, -2.8460188, 0.0684436, 3.661087, 0.7090661, -0.6836248, 0.0032535198, 0.17283465, 1599.6957, 1599.6957, 955.28394, 717.70087, , 
65708.719785583, 004014, -2.8431559, 0.06989945, 3.6555538, 0.7093149, -0.6831609, -0.00090561574, 0.17367393, 1599.6957, 1599.6957, 955.2833, 717.6999, , 
65708.753123708, 004015, -2.837776, 0.07311489, 3.643423, 0.7095795, -0.6818869, -0.007358705, 0.17740609, 1599.6957, 1599.6957, 955.2829, 717.6985, , 
65708.769792583, 004016, -2.8352988, 0.07505295, 3.6369185, 0.70988536, -0.68111145, -0.009699599, 0.17904152, 1599.6957, 1599.6957, 955.2829, 717.6976, , 
65708.80313075, 004017, -2.8307045, 0.079188555, 3.6250558, 0.7110986, -0.6797853, -0.014435803, 0.1789472, 1599.6957, 1599.6957, 955.2824, 717.69244, , 
65708.81979975, 004018, -2.8284795, 0.08110674, 3.619669, 0.71158254, -0.679533, -0.016886914, 0.17776342, 1600.1476, 1600.1476, 955.28204, 717.69025, , 
65708.853137625, 004019, -2.8241231, 0.084545165, 3.6088428, 0.7116804, -0.6800239, -0.02174429, 0.1749445, 1599.6957, 1599.6957, 955.2815, 717.6883, , 
65708.869806791, 004020, -2.8215802, 0.086186126, 3.602518, 0.7113011, -0.68065333, -0.024547508, 0.17366381, 1599.6957, 1599.6957, 955.28125, 717.6889, , 
65708.886475833, 004021, -2.8190706, 0.08783351, 3.5960488, 0.7107431, -0.6814598, -0.027745904, 0.17229885, 1599.6957, 1599.6957, 955.281, 717.69, , 
65708.919813791, 004022, -2.8152468, 0.091086894, 3.5845327, 0.7097113, -0.6832067, -0.034942377, 0.16827793, 1599.6957, 1599.6957, 955.281, 717.69257, , 
65708.936482791, 004023, -2.8136535, 0.09265298, 3.5789657, 0.7094324, -0.68390906, -0.03868222, 0.16576399, 1600.1476, 1600.1476, 955.28125, 717.69275, , 
65708.969820958, 004024, -2.8109293, 0.095450856, 3.567529, 0.7091807, -0.68490607, -0.04514763, 0.16102189, 1599.6957, 1599.6957, 955.2824, 717.6919, , 
65708.98649, 004025, -2.8090718, 0.09675774, 3.5602217, 0.7092133, -0.68517274, -0.047207747, 0.159142, 1599.6957, 1599.6957, 955.283, 717.69116, , 
65709.019827916, 004026, -2.8067927, 0.098608054, 3.5466046, 0.7094651, -0.68541557, -0.048544776, 0.15655044, 1600.1476, 1600.1476, 955.28394, 717.68945, , 
65709.036497041, 004027, -2.8059192, 0.099119514, 3.5395632, 0.70968586, -0.6853578, -0.048163418, 0.15591972, 1600.1476, 1600.1476, 955.28394, 717.6888, , 
65709.069834958, 004028, -2.8043582, 0.098828614, 3.524448, 0.71030295, -0.68488896, -0.046368014, 0.15571395, 1600.1476, 1600.1476, 955.2838, 717.6869, , 
65709.086504, 004029, -2.8036306, 0.09793235, 3.5163054, 0.71058846, -0.6846204, -0.044870682, 0.15603082, 1599.6957, 1599.6957, 955.28357, 717.6863, , 
65709.119842083, 004030, -2.8023734, 0.09579131, 3.4998968, 0.7106284, -0.68443245, -0.039857887, 0.15802176, 1599.6957, 1599.6957, 955.28253, 717.687, , 
65709.136511208, 004031, -2.8017576, 0.09434603, 3.491448, 0.71034247, -0.6846149, -0.03690256, 0.15923019, 1600.1476, 1600.1476, 955.28204, 717.68854, , 
65709.169849125, 004032, -2.8003187, 0.090752155, 3.4741187, 0.7090731, -0.6857336, -0.031147975, 0.16128972, 1599.6957, 1599.6957, 955.28125, 717.6946, , 
65709.186518166, 004033, -2.7989047, 0.08848392, 3.4644256, 0.7082302, -0.68637943, -0.028390005, 0.16274899, 1599.6957, 1599.6957, 955.2809, 717.698, , 
65709.219856166, 004034, -2.7975774, 0.08435808, 3.4458532, 0.7069119, -0.68713546, -0.023192627, 0.16607969, 1600.1476, 1600.1476, 955.28064, 717.7046, , 
65709.236525166, 004035, -2.7972293, 0.08240457, 3.4366598, 0.70648414, -0.6872413, -0.020441288, 0.16781428, 1599.6957, 1599.6957, 955.28064, 717.7066, , 
65709.25319425, 004036, -2.796993, 0.080557615, 3.427565, 0.7062813, -0.68716675, -0.017486675, 0.16930066, 1599.6957, 1599.6957, 955.28076, 717.70795, , 
65709.286532291, 004037, -2.7968066, 0.07523381, 3.409329, 0.7062379, -0.68686134, -0.012502489, 0.1711522, 1599.6957, 1599.6957, 955.28125, 717.70905, , 
65709.303201291, 004038, -2.7967064, 0.07312574, 3.4001637, 0.706005, -0.6869228, -0.010169522, 0.1720186, 1600.1476, 1600.1476, 955.2815, 717.70984, , 
65709.336539333, 004039, -2.7963462, 0.07008773, 3.3812025, 0.70444655, -0.6876784, -0.003787155, 0.17561084, 1599.6957, 1599.6957, 955.28265, 717.716, , 
65709.353208416, 004040, -2.7961557, 0.06873833, 3.3715403, 0.70341176, -0.6881079, 0.00016931939, 0.17809904, 1599.6957, 1599.6957, 955.28357, 717.7199, , 
65709.386546291, 004041, -2.7971134, 0.0651332, 3.3525045, 0.7017627, -0.6885422, 0.008591073, 0.18266053, 1599.6957, 1599.6957, 955.2865, 717.7269, , 
65709.403215416, 004042, -2.7971523, 0.06377156, 3.3434978, 0.70132846, -0.6885998, 0.01310142, 0.18383947, 1599.6957, 1599.6957, 955.2879, 717.72864, , 
65709.436553333, 004043, -2.7965996, 0.061220963, 3.3265338, 0.70054936, -0.68919206, 0.02201844, 0.18373917, 1599.6957, 1599.6957, 955.2908, 717.73114, , 
65709.453222458, 004044, -2.7960043, 0.05978213, 3.3183281, 0.6997285, -0.6900381, 0.026101928, 0.18315598, 1599.6957, 1599.6957, 955.2918, 717.7333, , 
65709.4698915, 004045, -2.7951314, 0.05818929, 3.3101273, 0.6984788, -0.6913006, 0.029922133, 0.18257964, 1599.6957, 1599.6957, 955.29285, 717.7367, , 
65709.503229583, 004046, -2.7937725, 0.05276661, 3.2941887, 0.69503576, -0.6944176, 0.03693702, 0.18260625, 1599.2438, 1599.2438, 955.2958, 717.7487, , 
65709.519898416, 004047, -2.792391, 0.05069877, 3.2856798, 0.6931489, -0.6959136, 0.039990824, 0.18343805, 1599.2438, 1599.2438, 955.2974, 717.7547, , 
65709.553236625, 004048, -2.7894208, 0.046719577, 3.2682443, 0.6898201, -0.69808745, 0.04606098, 0.18628068, 1599.6957, 1599.6957, 955.30194, 717.7672, , 
65709.569905666, 004049, -2.7879312, 0.04467005, 3.2602348, 0.6884693, -0.6987168, 0.049516916, 0.18802316, 1599.2438, 1599.2438, 955.30426, 717.7713, , 
65709.5865745, 004050, -2.7864182, 0.04258133, 3.252287, 0.68730265, -0.69909614, 0.053144258, 0.18988252, 1599.2438, 1599.2438, 955.30695, 717.7747, , 
65709.619912666, 004051, -2.7832623, 0.038382087, 3.2348828, 0.6853202, -0.6994345, 0.059820395, 0.19377577, 1599.2438, 1599.2438, 955.31335, 717.78125, , 
65709.636581666, 004052, -2.7816103, 0.03622305, 3.2259724, 0.68443555, -0.6995367, 0.06266169, 0.1956268, 1599.2438, 1599.2438, 955.3161, 717.7837, , 
65709.653250791, 004053, -2.7799277, 0.03402401, 3.216984, 0.6836624, -0.699567, 0.06532766, 0.19734213, 1599.2438, 1599.2438, 955.3195, 717.78656, , 
65709.68658875, 004054, -2.776316, 0.029440116, 3.198898, 0.68270826, -0.6992455, 0.07107661, 0.19978258, 1599.6957, 1599.6957, 955.3245, 717.78864, , 
65709.703257791, 004055, -2.7743442, 0.02722631, 3.1898274, 0.6824527, -0.69897866, 0.07408814, 0.20049448, 1599.2438, 1599.2438, 955.3275, 717.7888, , 
65709.719926833, 004056, -2.7722437, 0.025033347, 3.1807306, 0.6822816, -0.69872254, 0.07662573, 0.20101511, 1599.2438, 1599.2438, 955.3296, 717.7887, , 
65709.736595666, 004057, -2.7700493, 0.022871006, 3.1715782, 0.6822093, -0.6984593, 0.07859911, 0.20141286, 1599.2438, 1599.2438, 955.3311, 717.7883, , 
65709.769933875, 004058, -2.7656155, 0.018245999, 3.1529984, 0.6822429, -0.6978076, 0.081904985, 0.20223919, 1599.2438, 1599.2438, 955.3343, 717.787, , 
65709.786602875, 004059, -2.7634397, 0.015745364, 3.143502, 0.68233764, -0.6973373, 0.08344443, 0.20291114, 1599.6957, 1599.6957, 955.33563, 717.78625, , 
65709.803272, 004060, -2.7611072, 0.013721865, 3.1337347, 0.68261135, -0.6966785, 0.08479127, 0.2036937, 1599.6957, 1599.6957, 955.3375, 717.7846, , 
65709.836609833, 004061, -2.7564228, 0.010443475, 3.113991, 0.68399197, -0.6948008, 0.08702385, 0.20453282, 1599.2438, 1599.2438, 955.33936, 717.7796, , 
65709.853278958, 004062, -2.7539482, 0.008977395, 3.1040616, 0.68479335, -0.69390166, 0.08771945, 0.20460643, 1599.2438, 1599.2438, 955.33997, 717.77655, , 
65709.869948, 004063, -2.751284, 0.0074736807, 3.0940163, 0.68537444, -0.69324577, 0.08794629, 0.20478621, 1599.2438, 1599.2438, 955.3402, 717.77344, , 
65709.886616875, 004064, -2.7488155, 0.0063486956, 3.0830336, 0.68563664, -0.69287974, 0.08774187, 0.20523475, 1599.2438, 1599.2438, 955.34033, 717.77234, , 
65709.919954958, 004065, -2.7429686, 0.0032025687, 3.0619473, 0.685947, -0.6924328, 0.08650173, 0.20623016, 1599.2438, 1599.2438, 955.3402, 717.77167, , 
65709.936624041, 004066, -2.7397494, 0.0016444102, 3.051569, 0.68624365, -0.6922939, 0.08601478, 0.20591325, 1599.2438, 1599.2438, 955.3396, 717.77094, , 
65709.953293125, 004067, -2.7363045, 0.00016955995, 3.0410962, 0.68647504, -0.69229203, 0.08549081, 0.20536508, 1599.2438, 1599.2438, 955.3388, 717.77, , 
65709.969962, 004068, -2.7327113, -0.00122815, 3.030365, 0.68640995, -0.69245356, 0.08479752, 0.20532584, 1599.2438, 1599.2438, 955.338, 717.7702, , 
65710.003300125, 004069, -2.7266817, -0.0029604174, 3.009249, 0.6855805, -0.69284827, 0.083490714, 0.20729187, 1599.2438, 1599.2438, 955.3383, 717.7736, , 
65710.019969166, 004070, -2.7232153, -0.0034716725, 2.9980283, 0.6851095, -0.6930096, 0.08294034, 0.20852691, 1599.2438, 1599.2438, 955.3389, 717.77563, , 
65710.036638041, 004071, -2.7197683, -0.003603384, 2.9867635, 0.68474096, -0.6930925, 0.08258715, 0.2095988, 1599.2438, 1599.2438, 955.3397, 717.7777, , 
65710.053307083, 004072, -2.7164352, -0.0033177733, 2.9755304, 0.6845609, -0.69301486, 0.08268135, 0.21040559, 1599.2438, 1599.2438, 955.34033, 717.7785, , 
65710.08664525, 004073, -2.7108536, -0.0018891993, 2.953692, 0.68447363, -0.6925773, 0.08432397, 0.21147539, 1599.2438, 1599.2438, 955.3425, 717.7787, , 
65710.103314333, 004074, -2.7080724, -0.00089558586, 2.9426284, 0.6842791, -0.69240046, 0.08558237, 0.21217772, 1599.2438, 1599.2438, 955.34406, 717.779, , 
65710.119983166, 004075, -2.7053823, 8.643791e-05, 2.9315891, 0.6840548, -0.69225633, 0.08668133, 0.21292366, 1599.2438, 1599.2438, 955.3454, 717.7794, , 
65710.153321291, 004076, -2.7005706, 0.0017090626, 2.9099803, 0.6841577, -0.69155186, 0.08842708, 0.21416068, 1599.2438, 1599.2438, 955.3481, 717.77893, , 
65710.169990375, 004077, -2.69914, 0.0018957149, 2.8996875, 0.6845859, -0.6908899, 0.08920977, 0.21460404, 1599.2438, 1599.2438, 955.349, 717.77747, , 
65710.186659291, 004078, -2.697962, 0.0018551946, 2.8896337, 0.6850346, -0.6901824, 0.08983794, 0.21518587, 1599.2438, 1599.2438, 955.3503, 717.77527, , 
65710.203328333, 004079, -2.696493, 0.0019465234, 2.8796382, 0.68543726, -0.689577, 0.09000535, 0.21577361, 1599.6957, 1599.6957, 955.3509, 717.77386, , 
65710.236666416, 004080, -2.69356, 0.0020450577, 2.8600237, 0.68607265, -0.68893504, 0.088879235, 0.21627113, 1599.6957, 1599.6957, 955.3504, 717.7717, , 
65710.253335458, 004081, -2.6922174, 0.0019901171, 2.8501596, 0.68610954, -0.6887573, 0.08797878, 0.21708699, 1599.2438, 1599.2438, 955.3502, 717.7718, , 
65710.270004291, 004082, -2.6908455, 0.0015904568, 2.8398128, 0.6857557, -0.6885629, 0.08703014, 0.21919385, 1599.6957, 1599.6957, 955.3509, 717.77295, , 
65710.303342416, 004083, -2.6888146, 0.0010693744, 2.8190114, 0.684877, -0.6873772, 0.0844931, 0.22653264, 1599.2438, 1599.2438, 955.3553, 717.7781, , 
65710.320011458, 004084, -2.6882577, 0.0011534803, 2.8090396, 0.68486625, -0.68623203, 0.082766354, 0.23063727, 1599.2438, 1599.2438, 955.3574, 717.7793, , 
65710.336680458, 004085, -2.6878734, 0.0013431422, 2.7994962, 0.6851409, -0.6849342, 0.08077469, 0.2343554, 1599.2438, 1599.2438, 955.359, 717.77954, , 
65710.353349458, 004086, -2.6875277, 0.0015130267, 2.7903845, 0.68549556, -0.68375987, 0.07873455, 0.23742189, 1599.2438, 1599.2438, 955.3604, 717.77924, , 
65710.386687541, 004087, -2.6856215, 0.0018654056, 2.7707872, 0.6854492, -0.6824958, 0.075759545, 0.2421143, 1599.2438, 1599.2438, 955.3617, 717.77997, , 
65710.403356625, 004088, -2.6849492, 0.001639735, 2.761731, 0.6850828, -0.6822747, 0.07489234, 0.2440363, 1599.2438, 1599.2438, 955.36285, 717.78186, , 
65710.420025541, 004089, -2.6843839, 0.0012542084, 2.7529478, 0.6845829, -0.6822613, 0.07420673, 0.24568085, 1599.2438, 1599.2438, 955.3638, 717.7838, , 
65710.453363708, 004090, -2.6833222, 0.0002940111, 2.7357612, 0.6837179, -0.6825261, 0.07271335, 0.24779135, 1599.2438, 1599.2438, 955.36475, 717.7875, , 
65710.470032708, 004091, -2.6828587, -0.00023798272, 2.7272356, 0.68350136, -0.6826276, 0.07170903, 0.24840125, 1599.2438, 1599.2438, 955.3645, 717.7891, , 
65710.486701583, 004092, -2.6820755, -0.0001578927, 2.719662, 0.68348247, -0.6825674, 0.07054186, 0.24895227, 1599.2438, 1599.2438, 955.364, 717.7897, , 
65710.520039625, 004093, -2.6815972, -0.0011038817, 2.7023723, 0.6838942, -0.6819421, 0.06844198, 0.25011876, 1599.2438, 1599.2438, 955.363, 717.78906, , 
65710.536708791, 004094, -2.6815739, -0.0018248297, 2.6931212, 0.68418616, -0.6813841, 0.06779431, 0.25101563, 1599.2438, 1599.2438, 955.363, 717.7883, , 
65710.570046708, 004095, -2.681752, -0.003552668, 2.6738386, 0.68517876, -0.6797968, 0.06735469, 0.25272438, 1599.2438, 1599.2438, 955.364, 717.7852, , 
65710.58671575, 004096, -2.6810544, -0.0040147267, 2.6634676, 0.68590856, -0.6788053, 0.06749898, 0.2533705, 1599.2438, 1599.2438, 955.3646, 717.7827, , 
65710.603384875, 004097, -2.6809816, -0.0049009994, 2.6531935, 0.6866729, -0.677858, 0.06774491, 0.25377044, 1599.2438, 1599.2438, 955.36505, 717.78, , 
65710.63672275, 004098, -2.6811626, -0.007214308, 2.6323302, 0.68769896, -0.6765822, 0.06847907, 0.2541991, 1599.2438, 1599.2438, 955.3661, 717.7754, , 
65710.653391833, 004099, -2.6813023, -0.008467369, 2.6217496, 0.68806803, -0.67613167, 0.06880859, 0.25431013, 1599.2438, 1599.2438, 955.3666, 717.7741, , 
65710.670060875, 004100, -2.6814876, -0.009721447, 2.6111264, 0.6884645, -0.67566085, 0.069017425, 0.25443158, 1599.2438, 1599.2438, 955.36694, 717.7723, , 
65710.703399, 004101, -2.6813982, -0.011044253, 2.589693, 0.6896876, -0.6742795, 0.06894787, 0.25480232, 1599.2438, 1599.2438, 955.3672, 717.7684, , 
65710.720067875, 004102, -2.6815908, -0.011904117, 2.5788677, 0.6903153, -0.67350876, 0.06877967, 0.25518614, 1599.2438, 1599.2438, 955.3673, 717.76544, , 
65710.736736916, 004103, -2.6817558, -0.012721065, 2.567843, 0.690658, -0.6728035, 0.06886146, 0.2560957, 1598.7919, 1598.7919, 955.3681, 717.7642, , 
65710.770075083, 004104, -2.6818156, -0.013583548, 2.5453017, 0.6909086, -0.6714054, 0.07060562, 0.258602, 1599.2438, 1599.2438, 955.37146, 717.763, , 
65710.786743875, 004105, -2.6817377, -0.013532501, 2.53393, 0.6910067, -0.6706765, 0.07199912, 0.25984383, 1599.2438, 1599.2438, 955.3745, 717.7622, , 
65710.803413, 004106, -2.6817398, -0.013493113, 2.5226572, 0.69104135, -0.66998976, 0.07372736, 0.2610359, 1599.2438, 1599.2438, 955.3771, 717.76154, , 
65710.836751083, 004107, -2.6816573, -0.013331991, 2.499861, 0.69009733, -0.66883326, 0.07855711, 0.2650593, 1598.7919, 1598.7919, 955.3861, 717.76324, , 
65710.85342, 004108, -2.6815941, -0.0131518245, 2.488472, 0.6891605, -0.6682591, 0.08136014, 0.26808205, 1599.2438, 1599.2438, 955.3918, 717.76575, , 
65710.870089041, 004109, -2.681595, -0.012884952, 2.477662, 0.68845576, -0.6675767, 0.08380577, 0.27082568, 1599.2438, 1599.2438, 955.3975, 717.768, , 
65710.903427166, 004110, -2.6815293, -0.011566352, 2.4578266, 0.6887859, -0.66594744, 0.08711289, 0.27294546, 1599.2438, 1599.2438, 955.4055, 717.7674, , 
65710.920096166, 004111, -2.6813338, -0.010633927, 2.4486012, 0.6895673, -0.6652097, 0.08815136, 0.2724375, 1599.2438, 1599.2438, 955.40643, 717.7646, , 
65710.936765083, 004112, -2.6809092, -0.0097188465, 2.439672, 0.6903084, -0.66479534, 0.08903792, 0.27128157, 1599.2438, 1599.2438, 955.4064, 717.7606, , 
65710.953434166, 004113, -2.680218, -0.008874886, 2.4309008, 0.6908419, -0.6647887, 0.08980649, 0.26968145, 1599.2438, 1599.2438, 955.4055, 717.7582, , 
65710.986772333, 004114, -2.6788876, -0.009418804, 2.4145782, 0.69074833, -0.66610205, 0.090949014, 0.2662763, 1599.2438, 1599.2438, 955.4027, 717.7569, , 
65711.003441333, 004115, -2.677567, -0.009360537, 2.4057462, 0.6898672, -0.66729087, 0.091635644, 0.2653468, 1599.2438, 1599.2438, 955.40216, 717.7591, , 
65711.020110125, 004116, -2.6760113, -0.009272847, 2.396543, 0.6885069, -0.6685851, 0.09259472, 0.26528892, 1599.2438, 1599.2438, 955.40265, 717.76294, , 
65711.03677925, 004117, -2.6743717, -0.009194247, 2.3872163, 0.6870172, -0.66974163, 0.09381647, 0.26580447, 1599.2438, 1599.2438, 955.4041, 717.76746, , 
65711.070117416, 004118, -2.671544, -0.009558454, 2.3696785, 0.6848537, -0.67113554, 0.09624209, 0.26700166, 1598.7919, 1598.7919, 955.4087, 717.77576, , 
65711.086786291, 004119, -2.6704683, -0.010040801, 2.3617342, 0.6844393, -0.6712941, 0.09720973, 0.26731482, 1598.7919, 1598.7919, 955.41016, 717.7773, , 
65711.103455333, 004120, -2.6691267, -0.009972002, 2.3534796, 0.6843205, -0.671204, 0.09789728, 0.26759434, 1598.7919, 1598.7919, 955.4117, 717.7777, , 
65711.136793458, 004121, -2.6661072, -0.00964953, 2.3367639, 0.6841535, -0.67089367, 0.0984832, 0.26858264, 1598.7919, 1598.7919, 955.41345, 717.77795, , 
65711.153462333, 004122, -2.6644285, -0.009646814, 2.3282769, 0.6838465, -0.6708878, 0.09846613, 0.2693846, 1598.7919, 1598.7919, 955.4145, 717.7791, , 
65711.170131375, 004123, -2.6627254, -0.009788621, 2.3200252, 0.6833134, -0.6710764, 0.09814714, 0.27038178, 1598.7919, 1598.7919, 955.4153, 717.7809, , 
65711.203469458, 004124, -2.6589243, -0.010411613, 2.3032105, 0.68196625, -0.671986, 0.09637939, 0.27215412, 1598.7919, 1598.7919, 955.4159, 717.7861, , 
65711.220138583, 004125, -2.6568727, -0.0107856095, 2.2945647, 0.6814447, -0.6725128, 0.09523196, 0.2725627, 1598.7919, 1598.7919, 955.41504, 717.78925, , 
65711.236807458, 004126, -2.6548202, -0.011158306, 2.2858195, 0.6810922, -0.67297035, 0.094127685, 0.27269787, 1598.7919, 1598.7919, 955.414, 717.791, , 
65711.253476458, 004127, -2.652807, -0.011534546, 2.276927, 0.6808643, -0.6733047, 0.09301484, 0.27282402, 1598.7919, 1598.7919, 955.41296, 717.7923, , 
65711.286814583, 004128, -2.649226, -0.012110263, 2.2595038, 0.6809334, -0.6733986, 0.089968085, 0.27344054, 1598.7919, 1598.7919, 955.41016, 717.7937, , 
65711.303483541, 004129, -2.6476128, -0.012370747, 2.2505162, 0.68129253, -0.67320526, 0.08783252, 0.2737163, 1599.2438, 1599.2438, 955.4083, 717.7934, , 
65711.320152541, 004130, -2.6460948, -0.0126922615, 2.2412694, 0.6817333, -0.67292565, 0.08531811, 0.27410117, 1599.2438, 1599.2438, 955.4054, 717.7926, , 
65711.353490625, 004131, -2.643238, -0.013532218, 2.222413, 0.68254244, -0.6724051, 0.07916852, 0.2752079, 1599.2438, 1599.2438, 955.4004, 717.79175, , 
65711.370159708, 004132, -2.6420326, -0.014158022, 2.2125635, 0.68285376, -0.6721391, 0.07579516, 0.27603403, 1599.2438, 1599.2438, 955.3968, 717.7917, , 
65711.386828625, 004133, -2.6408865, -0.014833018, 2.2026186, 0.68313855, -0.6718415, 0.07242105, 0.27695832, 1599.2438, 1599.2438, 955.3942, 717.79175, , 
65711.403497583, 004134, -2.6395962, -0.015361078, 2.1929953, 0.6835737, -0.6714604, 0.06905931, 0.2776664, 1598.7919, 1598.7919, 955.3917, 717.7915, , 
65711.436835791, 004135, -2.6369562, -0.016226918, 2.173837, 0.68445307, -0.670467, 0.062362306, 0.2794797, 1599.2438, 1599.2438, 955.38586, 717.78986, , 
65711.453504708, 004136, -2.6357698, -0.016570479, 2.1640246, 0.68465614, -0.66974235, 0.05914504, 0.2814124, 1599.2438, 1599.2438, 955.38446, 717.79, , 
65711.47017375, 004137, -2.6351767, -0.017097205, 2.153746, 0.685019, -0.66863054, 0.056426074, 0.28372216, 1599.2438, 1599.2438, 955.3838, 717.7897, , 
65711.50351175, 004138, -2.634514, -0.017217368, 2.1334393, 0.6870057, -0.66506463, 0.051915728, 0.28812638, 1599.2438, 1599.2438, 955.3839, 717.7852, , 
65711.520180875, 004139, -2.6340811, -0.016672235, 2.1236262, 0.68836254, -0.6629543, 0.049722243, 0.29013124, 1599.2438, 1599.2438, 955.3839, 717.7814, , 
65711.536849791, 004140, -2.633708, -0.01596471, 2.1137168, 0.6896373, -0.6608159, 0.047606897, 0.29232892, 1599.2438, 1599.2438, 955.38403, 717.7762, , 
65711.553518791, 004141, -2.6334214, -0.015204266, 2.1035273, 0.6905893, -0.6586867, 0.04588836, 0.29514837, 1599.2438, 1599.2438, 955.38495, 717.77325, , 
65711.586856916, 004142, -2.6332822, -0.014856789, 2.0812802, 0.6910131, -0.6543385, 0.04517718, 0.30381086, 1599.2438, 1599.2438, 955.39355, 717.77167, , 
65711.603525833, 004143, -2.6332226, -0.01425565, 2.0704975, 0.6909823, -0.6520642, 0.045593288, 0.30866945, 1599.2438, 1599.2438, 955.39923, 717.7722, , 
65711.620194875, 004144, -2.63311, -0.013333518, 2.060395, 0.6911832, -0.64991117, 0.04557866, 0.31273615, 1599.2438, 1599.2438, 955.40436, 717.7722, , 
65711.636863916, 004145, -2.6329207, -0.012157671, 2.0511053, 0.6917198, -0.6480016, 0.044765916, 0.31561637, 1598.7919, 1598.7919, 955.40845, 717.7709, , 
65711.670202, 004146, -2.632358, -0.009293076, 2.03488, 0.6939132, -0.644897, 0.040711198, 0.3177026, 1598.7919, 1598.7919, 955.40784, 717.7648, , 
65711.686870916, 004147, -2.6318288, -0.008074377, 2.0273552, 0.6951324, -0.6437714, 0.037591375, 0.31770453, 1599.2438, 1599.2438, 955.40424, 717.7597, , 
65711.703539958, 004148, -2.6314073, -0.0069467686, 2.0200205, 0.69598174, -0.64295614, 0.034000352, 0.3179004, 1599.2438, 1599.2438, 955.401, 717.7569, , 
65711.736878125, 004149, -2.6308649, -0.0054937713, 2.004577, 0.69607747, -0.6415641, 0.026891612, 0.32116717, 1599.2438, 1599.2438, 955.39624, 717.75665, , 
65711.753546916, 004150, -2.6308992, -0.0051214024, 1.996281, 0.6956421, -0.64042425, 0.023980826, 0.32459778, 1599.2438, 1599.2438, 955.39667, 717.7586, , 
65711.770216041, 004151, -2.6313725, -0.0051343995, 1.9879448, 0.6953454, -0.63874835, 0.021634365, 0.32867497, 1599.2438, 1599.2438, 955.39844, 717.76025, , 
65711.786885083, 004152, -2.6322155, -0.005290162, 1.979733, 0.69537294, -0.6366143, 0.019645056, 0.3328555, 1599.2438, 1599.2438, 955.401, 717.76105, , 
65711.82022325, 004153, -2.6342316, -0.004698098, 1.9636855, 0.6966116, -0.6316174, 0.016596977, 0.33987656, 1598.7919, 1598.7919, 955.4073, 717.758, , 
65711.836892083, 004154, -2.6353137, -0.004300792, 1.9560522, 0.6973972, -0.6294798, 0.015434879, 0.3422777, 1598.7919, 1598.7919, 955.40936, 717.7555, , 
65711.853561083, 004155, -2.6363177, -0.0039846487, 1.948583, 0.6978574, -0.6280308, 0.014293829, 0.3440468, 1598.7919, 1598.7919, 955.41113, 717.75323, , 
65711.886899291, 004156, -2.6383915, -0.004832115, 1.9329433, 0.6972805, -0.62737554, 0.011954482, 0.3464921, 1598.7919, 1598.7919, 955.41144, 717.75464, , 
65711.903568125, 004157, -2.6392934, -0.0051969253, 1.9253215, 0.69654137, -0.62772036, 0.0109301815, 0.34738708, 1598.7919, 1598.7919, 955.41113, 717.7579, , 
65711.920237208, 004158, -2.6402178, -0.0055261403, 1.9177985, 0.69583166, -0.62816155, 0.009917269, 0.3480416, 1598.7919, 1598.7919, 955.41064, 717.7603, , 
65711.953575333, 004159, -2.6424458, -0.0063303565, 1.9026641, 0.694865, -0.62871677, 0.0074901134, 0.3490295, 1598.7919, 1598.7919, 955.4089, 717.76385, , 
65711.970244375, 004160, -2.643717, -0.007231477, 1.8942583, 0.69455254, -0.62864107, 0.0061815726, 0.34981284, 1598.7919, 1598.7919, 955.40784, 717.7654, , 
65711.986913291, 004161, -2.645111, -0.008545674, 1.8851217, 0.69429517, -0.62827605, 0.0049453615, 0.35099703, 1598.7919, 1598.7919, 955.4076, 717.7663, , 
65712.003582291, 004162, -2.6468496, -0.009551916, 1.8764794, 0.6940948, -0.6277225, 0.003799374, 0.3523953, 1598.7919, 1598.7919, 955.40784, 717.7671, , 
65712.036920416, 004163, -2.6508346, -0.011385359, 1.8593314, 0.69408095, -0.6264379, 0.0019023387, 0.3547162, 1598.7919, 1598.7919, 955.4088, 717.76764, , 
65712.053589333, 004164, -2.65297, -0.012273774, 1.8507311, 0.6942842, -0.6259422, 0.0011814317, 0.3551964, 1598.7919, 1598.7919, 955.4088, 717.7672, , 
65712.070258375, 004165, -2.6551173, -0.013365749, 1.8416412, 0.69454753, -0.6256318, 0.0006284127, 0.35522974, 1598.7919, 1598.7919, 955.4083, 717.76587, , 
65712.103596416, 004166, -2.65957, -0.015797373, 1.8228254, 0.6949856, -0.62551993, 0.00031282366, 0.35456964, 1598.7919, 1598.7919, 955.4074, 717.764, , 
65712.1202655, 004167, -2.6619751, -0.016861994, 1.8137145, 0.6950662, -0.6257035, 0.00038997663, 0.35408747, 1598.7919, 1598.7919, 955.4068, 717.76337, , 
65712.136934333, 004168, -2.6644702, -0.017908465, 1.8045512, 0.695111, -0.6259277, 0.0003773465, 0.353603, 1599.2438, 1599.2438, 955.4064, 717.7632, , 
65712.170272541, 004169, -2.6702836, -0.020790465, 1.7843484, 0.69527334, -0.62602466, -0.00043841483, 0.35311162, 1599.2438, 1599.2438, 955.4047, 717.7623, , 
65712.186941625, 004170, -2.6732376, -0.021769758, 1.7747928, 0.6955094, -0.62583727, -0.001440262, 0.35297644, 1599.2438, 1599.2438, 955.4037, 717.7615, , 
65712.2036105, 004171, -2.676275, -0.022599153, 1.7652308, 0.69569373, -0.62554127, -0.0026231806, 0.35313082, 1599.2438, 1599.2438, 955.4025, 717.7607, , 
65712.236948583, 004172, -2.6826391, -0.024033934, 1.7455153, 0.6954605, -0.62456083, -0.004678341, 0.35529774, 1599.2438, 1599.2438, 955.4024, 717.7611, , 
65712.253617625, 004173, -2.6859078, -0.024579022, 1.735503, 0.6953131, -0.62382287, -0.005271618, 0.356871, 1599.2438, 1599.2438, 955.40344, 717.76184, , 
65712.2702865, 004174, -2.6890452, -0.025220532, 1.7243229, 0.695426, -0.62288034, -0.0055485466, 0.35829037, 1599.2438, 1599.2438, 955.40485, 717.7621, , 
65712.2869555, 004175, -2.6922338, -0.025458004, 1.7143158, 0.69564813, -0.62203294, -0.005393907, 0.35933223, 1598.7919, 1598.7919, 955.4067, 717.7614, , 
65712.320293666, 004176, -2.6982634, -0.025644336, 1.6946287, 0.69581294, -0.6209786, -0.0039662095, 0.36085203, 1598.7919, 1598.7919, 955.41, 717.76056, , 
65712.33696275, 004177, -2.7010798, -0.02577291, 1.6847615, 0.6952895, -0.6209242, -0.002747948, 0.36196426, 1598.7919, 1598.7919, 955.41284, 717.7626, , 
65712.353631666, 004178, -2.703818, -0.025903132, 1.674955, 0.6944749, -0.6210157, -0.0012266921, 0.3633767, 1599.2438, 1599.2438, 955.4158, 717.7655, , 
65712.38696975, 004179, -2.7091997, -0.026209295, 1.6537933, 0.69341725, -0.6211926, 0.0015975264, 0.36508876, 1599.2438, 1599.2438, 955.4217, 717.77057, , 
65712.40363875, 004180, -2.7117085, -0.025854882, 1.6450001, 0.69345444, -0.62130404, 0.0026081433, 0.36482245, 1599.2438, 1599.2438, 955.4226, 717.7707, , 
65712.420307833, 004181, -2.714085, -0.02535192, 1.6366245, 0.6937812, -0.6214326, 0.0034353926, 0.3639744, 1599.2438, 1599.2438, 955.42285, 717.7698, , 
65712.436976708, 004182, -2.7162652, -0.024776626, 1.6285383, 0.69418275, -0.6217231, 0.0040854067, 0.36270374, 1599.2438, 1599.2438, 955.4222, 717.7679, , 
65712.470314833, 004183, -2.719818, -0.02342588, 1.6120307, 0.694524, -0.6230495, 0.0046589244, 0.35975528, 1599.2438, 1599.2438, 955.4194, 717.766, , 
65712.486983875, 004184, -2.7212589, -0.022631899, 1.6029828, 0.69423, -0.6237799, 0.004741893, 0.35905534, 1599.2438, 1599.2438, 955.41797, 717.7668, , 
65712.503652791, 004185, -2.7227526, -0.022070348, 1.5943166, 0.69360936, -0.6242833, 0.0049720136, 0.35937688, 1599.2438, 1599.2438, 955.4181, 717.7687, , 
65712.520321833, 004186, -2.7242362, -0.021578223, 1.5857196, 0.692898, -0.62446856, 0.0054545635, 0.3604187, 1599.2438, 1599.2438, 955.4195, 717.7712, , 
65712.553659916, 004187, -2.7272987, -0.0203133, 1.5690372, 0.6923094, -0.6238622, 0.0055411747, 0.3625921, 1599.2438, 1599.2438, 955.4227, 717.7745, , 
65712.570328875, 004188, -2.7286031, -0.01978571, 1.5611414, 0.69250506, -0.6232162, 0.00469268, 0.36334056, 1599.2438, 1599.2438, 955.4231, 717.774, , 
65712.586997833, 004189, -2.7297435, -0.019418523, 1.5534654, 0.6927907, -0.6225563, 0.003485118, 0.36394018, 1599.2438, 1599.2438, 955.4227, 717.7731, , 
65712.620335916, 004190, -2.7323055, -0.018828228, 1.5379505, 0.69288075, -0.62138706, 0.001368347, 0.36577642, 1599.2438, 1599.2438, 955.42224, 717.7721, , 
65712.637005, 004191, -2.7335715, -0.018985, 1.5299418, 0.69252336, -0.62078583, 0.0007000943, 0.36747223, 1599.2438, 1599.2438, 955.4232, 717.77325, , 
65712.653673958, 004192, -2.7348466, -0.019463364, 1.5217999, 0.6919944, -0.6201038, 1.8949606e-05, 0.3696146, 1599.2438, 1599.2438, 955.4254, 717.77563, , 
65712.670343, 004193, -2.7359726, -0.020087894, 1.513706, 0.6914951, -0.6192272, -0.0009478089, 0.37200984, 1599.2438, 1599.2438, 955.4271, 717.7775, , 
65712.703681125, 004194, -2.7382154, -0.021608606, 1.4978621, 0.6912284, -0.6171939, -0.0033991984, 0.37585017, 1599.2438, 1599.2438, 955.42957, 717.7791, , 
65712.72035, 004195, -2.7393968, -0.022532012, 1.4900122, 0.69131446, -0.61619884, -0.004710731, 0.3773078, 1599.2438, 1599.2438, 955.4303, 717.7789, , 
65712.737019, 004196, -2.740577, -0.023565724, 1.4821221, 0.691338, -0.6152232, -0.006103191, 0.37883344, 1598.7919, 1598.7919, 955.43066, 717.7787, , 
65712.770357125, 004197, -2.7427676, -0.025363058, 1.4658011, 0.69106334, -0.6132982, -0.009575404, 0.38236767, 1598.7919, 1598.7919, 955.43146, 717.77954, , 
65712.787026208, 004198, -2.7437377, -0.025919821, 1.457384, 0.69087416, -0.61227375, -0.0116903875, 0.38428777, 1598.7919, 1598.7919, 955.43146, 717.7801, , 
65712.803695125, 004199, -2.7448754, -0.026609175, 1.4493682, 0.6907546, -0.6110492, -0.014324661, 0.38635695, 1598.7919, 1598.7919, 955.43134, 717.7805, , 
65712.820364083, 004200, -2.7460988, -0.027130984, 1.4416488, 0.6908384, -0.6096021, -0.017621607, 0.38835177, 1599.2438, 1599.2438, 955.4303, 717.78, , 
65712.853702291, 004201, -2.7486622, -0.027284846, 1.4268892, 0.69145745, -0.60631573, -0.026669689, 0.3918629, 1599.2438, 1599.2438, 955.42554, 717.7769, , 
65712.870371125, 004202, -2.7497177, -0.026768032, 1.4192665, 0.69159406, -0.6045364, -0.031786844, 0.39398333, 1599.2438, 1599.2438, 955.4216, 717.7747, , 
65712.887040166, 004203, -2.7508674, -0.026044503, 1.4114846, 0.6914661, -0.6025562, -0.03667521, 0.39680663, 1599.2438, 1599.2438, 955.41974, 717.774, , 
65712.903709208, 004204, -2.752335, -0.025222179, 1.403825, 0.6911999, -0.6003994, -0.041246697, 0.40007734, 1599.2438, 1599.2438, 955.41864, 717.7739, , 
65712.937047333, 004205, -2.7555637, -0.022716329, 1.3891938, 0.69113684, -0.59599113, -0.049923863, 0.40574872, 1599.2438, 1599.2438, 955.4167, 717.7725, , 
65712.95371625, 004206, -2.7571175, -0.02097898, 1.3824421, 0.69164467, -0.5939708, -0.054337192, 0.407276, 1598.7919, 1598.7919, 955.41473, 717.77, , 
65712.97038525, 004207, -2.7582362, -0.018761598, 1.3759273, 0.69231087, -0.5923461, -0.05904837, 0.40785417, 1598.7919, 1598.7919, 955.41144, 717.7663, , 
65713.003723333, 004208, -2.7607305, -0.0143320635, 1.3630873, 0.69288474, -0.5896406, -0.068646625, 0.4092949, 1599.2438, 1599.2438, 955.4025, 717.7589, , 
65713.020392291, 004209, -2.762375, -0.012298368, 1.3565111, 0.6925669, -0.5881462, -0.0728318, 0.41125488, 1599.2438, 1599.2438, 955.40027, 717.7579, , 
65713.037061291, 004210, -2.7642145, -0.010305714, 1.3498999, 0.6919805, -0.58641547, -0.0767155, 0.41399825, 1599.2438, 1599.2438, 955.3989, 717.7584, , 
65713.070399416, 004211, -2.7682014, -0.005916379, 1.3368319, 0.69106126, -0.5822018, -0.08564244, 0.41969138, 1599.2438, 1599.2438, 955.3973, 717.7585, , 
65713.087068541, 004212, -2.7700963, -0.0034416015, 1.3307567, 0.6910881, -0.58000743, -0.09095016, 0.42156464, 1599.2438, 1599.2438, 955.3942, 717.7556, , 
65713.103737333, 004213, -2.7719278, -0.00095193426, 1.3255696, 0.6913873, -0.5777951, -0.0964534, 0.42288658, 1599.2438, 1599.2438, 955.3911, 717.75214, , 
65713.120406458, 004214, -2.7737553, 0.0015110408, 1.3208606, 0.69174564, -0.5755552, -0.10199065, 0.42405424, 1598.7919, 1598.7919, 955.3879, 717.748, , 
65713.153744625, 004215, -2.7774322, 0.0062159784, 1.3124186, 0.69196814, -0.5712724, -0.11378412, 0.4264752, 1599.2438, 1599.2438, 955.3802, 717.73914, , 
65713.170413416, 004216, -2.7800822, 0.0074194334, 1.3091376, 0.6918277, -0.5691876, -0.120370686, 0.42768064, 1599.2438, 1599.2438, 955.3762, 717.73566, , 
65713.187082416, 004217, -2.7825916, 0.008622881, 1.305993, 0.6915551, -0.5672573, -0.12712058, 0.4287319, 1599.2438, 1599.2438, 955.37067, 717.73114, , 
65713.220420541, 004218, -2.7865403, 0.011923607, 1.2991762, 0.69074875, -0.56376654, -0.13980609, 0.4306827, 1599.2438, 1599.2438, 955.36273, 717.72485, , 
65713.237089625, 004219, -2.7886605, 0.013436656, 1.2955401, 0.6899867, -0.5618153, -0.14566183, 0.43250957, 1599.2438, 1599.2438, 955.3589, 717.7222, , 
65713.253758541, 004220, -2.7910578, 0.014771488, 1.2917197, 0.68894345, -0.5594886, -0.15104418, 0.43533337, 1599.2438, 1599.2438, 955.3572, 717.7217, , 
65713.270427625, 004221, -2.7938094, 0.016062435, 1.2875718, 0.6878204, -0.55677235, -0.15560187, 0.43897116, 1599.2438, 1599.2438, 955.3568, 717.72205, , 
65713.303765708, 004222, -2.7996907, 0.018517163, 1.2797912, 0.68607634, -0.5508041, -0.16337089, 0.4463452, 1599.2438, 1599.2438, 955.3581, 717.72235, , 
65713.320434583, 004223, -2.8026521, 0.019816075, 1.2764019, 0.68533504, -0.54789907, -0.16776337, 0.4494195, 1599.2438, 1599.2438, 955.3581, 717.72156, , 
65713.337103666, 004224, -2.8055646, 0.021207996, 1.2732878, 0.68466884, -0.5451863, -0.1724208, 0.45196405, 1599.2438, 1599.2438, 955.35754, 717.72003, , 
65713.37044175, 004225, -2.8112614, 0.023666393, 1.268517, 0.6835016, -0.5409559, -0.18095623, 0.45546368, 1599.2438, 1599.2438, 955.35474, 717.71594, , 
65713.387110833, 004226, -2.8139694, 0.024736177, 1.2665842, 0.6827796, -0.539701, -0.18472369, 0.4565216, 1599.2438, 1599.2438, 955.3532, 717.7147, , 
65713.403779708, 004227, -2.816373, 0.026028235, 1.2640835, 0.6817571, -0.53908336, -0.1882058, 0.45735648, 1599.2438, 1599.2438, 955.3505, 717.7144, , 
65713.43711775, 004228, -2.8207397, 0.02853106, 1.2585398, 0.67935395, -0.5389805, -0.19387557, 0.4586834, 1599.2438, 1599.2438, 955.3467, 717.71655, , 
65713.453786791, 004229, -2.82274, 0.02966049, 1.2557132, 0.6782197, -0.5392097, -0.19624612, 0.4590843, 1599.2438, 1599.2438, 955.34485, 717.718, , 
65713.47045575, 004230, -2.8244314, 0.030787122, 1.2530966, 0.67718166, -0.5395341, -0.19867124, 0.45919234, 1599.2438, 1599.2438, 955.3423, 717.71936, , 
65713.50379375, 004231, -2.827699, 0.03277127, 1.247603, 0.6758474, -0.5402238, -0.20273145, 0.4585722, 1599.2438, 1599.2438, 955.3383, 717.71954, , 
65713.520462791, 004232, -2.829248, 0.033571955, 1.2445312, 0.6756632, -0.540739, -0.20325431, 0.45800465, 1599.2438, 1599.2438, 955.3368, 717.7193, , 
65713.537131916, 004233, -2.8306575, 0.03423674, 1.2412049, 0.6755183, -0.5416415, -0.20284605, 0.45733258, 1599.2438, 1599.2438, 955.33636, 717.7198, , 
65713.570469833, 004234, -2.8328748, 0.03500506, 1.233928, 0.67486835, -0.5449703, -0.20103307, 0.45513275, 1599.6957, 1599.6957, 955.3346, 717.72375, , 
65713.587138916, 004235, -2.8335354, 0.03519026, 1.2301018, 0.6746715, -0.54737514, -0.19942454, 0.45324242, 1599.6957, 1599.6957, 955.33356, 717.7258, , 
65713.603807958, 004236, -2.8338373, 0.035489134, 1.2262967, 0.67472404, -0.55026287, -0.19720034, 0.45063326, 1599.6957, 1599.6957, 955.3325, 717.72766, , 
65713.637145916, 004237, -2.833543, 0.03580175, 1.2182484, 0.67492807, -0.5572463, -0.19119212, 0.44429067, 1599.2438, 1599.2438, 955.32983, 717.7324, , 
65713.653815, 004238, -2.8330605, 0.035636757, 1.213787, 0.6746485, -0.56135726, -0.18739799, 0.44114563, 1599.2438, 1599.2438, 955.32904, 717.73615, , 
65713.687152958, 004239, -2.831769, 0.03475811, 1.2037609, 0.6734935, -0.5705884, -0.17807652, 0.434884, 1599.2438, 1599.2438, 955.328, 717.74927, , 
65713.703821958, 004240, -2.8304093, 0.034093477, 1.1986337, 0.67298955, -0.5757265, -0.17252131, 0.43111536, 1599.2438, 1599.2438, 955.3279, 717.7555, , 
65713.720491, 004241, -2.8285291, 0.033308882, 1.1934721, 0.67271626, -0.58121204, -0.16634639, 0.42658436, 1599.2438, 1599.2438, 955.32776, 717.7614, , 
65713.753829125, 004242, -2.823556, 0.031419333, 1.183138, 0.672763, -0.5925369, -0.1531795, 0.41572338, 1599.2438, 1599.2438, 955.327, 717.7732, , 
65713.770498, 004243, -2.8209467, 0.029908542, 1.1779546, 0.67322195, -0.5980182, -0.14630571, 0.40956205, 1599.2438, 1599.2438, 955.3267, 717.777, , 
65713.787167041, 004244, -2.8180852, 0.02842025, 1.1728442, 0.6741055, -0.6031759, -0.13904022, 0.40302405, 1599.2438, 1599.2438, 955.32635, 717.78015, , 
65713.820505166, 004245, -2.8111548, 0.025874559, 1.1627358, 0.67674446, -0.6129446, -0.122527175, 0.3889765, 1599.2438, 1599.2438, 955.3266, 717.782, , 
65713.837174041, 004246, -2.8071856, 0.024637934, 1.1576436, 0.6781836, -0.6178056, -0.113619536, 0.38141027, 1599.2438, 1599.2438, 955.32697, 717.7824, , 
65713.870512125, 004247, -2.7985291, 0.021819156, 1.1474494, 0.6806381, -0.62755185, -0.09547322, 0.3657802, 1599.2438, 1599.2438, 955.3274, 717.7831, , 
65713.887181208, 004248, -2.7939079, 0.020301297, 1.1422423, 0.681545, -0.63231164, -0.08565257, 0.35824844, 1599.2438, 1599.2438, 955.3284, 717.78455, , 
65713.90385025, 004249, -2.789059, 0.01898988, 1.1368356, 0.68228084, -0.63692135, -0.07466689, 0.3510682, 1599.2438, 1599.2438, 955.3302, 717.7864, , 
65713.937188125, 004250, -2.778413, 0.016524773, 1.1263335, 0.68331563, -0.64600724, -0.050098483, 0.3365181, 1599.6957, 1599.6957, 955.3369, 717.7914, , 
65713.953857208, 004251, -2.7725282, 0.015350919, 1.121619, 0.6836323, -0.6506995, -0.037688576, 0.32835445, 1599.2438, 1599.2438, 955.3396, 717.7931, , 
65713.987195166, 004252, -2.7597952, 0.011732589, 1.1143831, 0.6835002, -0.660809, -0.013534, 0.30979952, 1599.2438, 1599.2438, 955.3437, 717.79706, , 
65714.00386425, 004253, -2.752895, 0.01036175, 1.1111091, 0.68291557, -0.6662084, -0.0011901237, 0.2996518, 1599.2438, 1599.2438, 955.345, 717.79926, , 
65714.02053325, 004254, -2.7456694, 0.009091418, 1.1082002, 0.68191385, -0.67183805, 0.011475497, 0.2889555, 1599.2438, 1599.2438, 955.34625, 717.80206, , 
65714.037202291, 004255, -2.7381475, 0.007857006, 1.1057273, 0.6805103, -0.67761934, 0.024329605, 0.27775136, 1599.2438, 1599.2438, 955.34753, 717.80536, , 
65714.070540291, 004256, -2.7237246, 0.0046203434, 1.1016711, 0.67675734, -0.6891102, 0.0495693, 0.25430194, 1599.2438, 1599.2438, 955.3496, 717.81415, , 
65714.087209291, 004257, -2.7163968, 0.0028724414, 1.1002634, 0.67449576, -0.6945719, 0.06196375, 0.24245784, 1599.2438, 1599.2438, 955.3504, 717.8181, , 
65714.120547458, 004258, -2.6997669, 0.00015091524, 1.0991771, 0.66920096, -0.7046922, 0.086206436, 0.21942507, 1599.2438, 1599.2438, 955.35297, 717.8278, , 
65714.137216333, 004259, -2.6910925, -0.0011907856, 1.0992515, 0.6661292, -0.70941263, 0.0982742, 0.20820121, 1599.2438, 1599.2438, 955.3545, 717.83234, , 
65714.153885375, 004260, -2.682285, -0.002547644, 1.0997614, 0.66276246, -0.71394116, 0.110570356, 0.19699767, 1599.2438, 1599.2438, 955.35706, 717.8385, , 
65714.170554416, 004261, -2.6739874, -0.0047052354, 1.0998353, 0.6592184, -0.7182082, 0.12259961, 0.18594974, 1599.2438, 1599.2438, 955.35913, 717.84326, , 
65714.203892583, 004262, -2.656736, -0.007985447, 1.1024659, 0.65152705, -0.72641295, 0.14629525, 0.16258624, 1599.6957, 1599.6957, 955.36285, 717.85266, , 
65714.220561416, 004263, -2.6480517, -0.009225115, 1.1047456, 0.6477037, -0.73002136, 0.15793405, 0.15035151, 1599.2438, 1599.2438, 955.3646, 717.8577, , 
65714.2372305, 004264, -2.6394722, -0.010330148, 1.1073393, 0.6439315, -0.7331159, 0.16971959, 0.13816158, 1599.2438, 1599.2438, 955.3658, 717.8605, , 
65714.253899458, 004265, -2.631032, -0.011337604, 1.1101141, 0.640167, -0.73568803, 0.18166913, 0.12627518, 1599.2438, 1599.2438, 955.3673, 717.8624, , 
65714.270568583, 004266, -2.6242075, -0.013556741, 1.1121478, 0.6364307, -0.73777527, 0.19359185, 0.11474245, 1599.2438, 1599.2438, 955.3694, 717.86383, , 
65714.303906541, 004267, -2.608607, -0.0153703205, 1.1178626, 0.62969565, -0.7404114, 0.21602789, 0.09276989, 1599.2438, 1599.2438, 955.3721, 717.86304, , 
65714.3205755, 004268, -2.6009655, -0.016077548, 1.1208241, 0.6265384, -0.7411398, 0.2266497, 0.08240947, 1599.2438, 1599.2438, 955.37354, 717.86096, , 
65714.337244625, 004269, -2.59344, -0.016734432, 1.1238177, 0.6233834, -0.74164706, 0.23685476, 0.072474174, 1599.2438, 1599.2438, 955.37463, 717.85913, , 
65714.353913708, 004270, -2.5860474, -0.017332938, 1.1268687, 0.6202834, -0.7419611, 0.24658528, 0.062752336, 1599.2438, 1599.2438, 955.37555, 717.85736, , 
65714.387251583, 004271, -2.5713208, -0.018201679, 1.1329756, 0.614339, -0.74187183, 0.26520306, 0.043369815, 1599.2438, 1599.2438, 955.37646, 717.85156, , 
65714.403920666, 004272, -2.564277, -0.018552903, 1.136245, 0.6115399, -0.7415204, 0.27391973, 0.033683166, 1599.2438, 1599.2438, 955.37634, 717.8486, , 
65714.420589666, 004273, -2.5573616, -0.018864818, 1.139613, 0.60887975, -0.7410515, 0.2820196, 0.02393565, 1599.2438, 1599.2438, 955.3753, 717.8445, , 
65714.437258625, 004274, -2.550487, -0.019173935, 1.1429701, 0.6062886, -0.7405952, 0.28935108, 0.014441936, 1599.2438, 1599.2438, 955.374, 717.84174, , 
65714.470596666, 004275, -2.5365522, -0.019808162, 1.1494136, 0.6010847, -0.7398154, 0.30226082, -0.002961554, 1599.2438, 1599.2438, 955.37146, 717.8381, , 
65714.48726575, 004276, -2.5296175, -0.020010676, 1.1524838, 0.5984439, -0.73933816, 0.30841637, -0.011097114, 1599.2438, 1599.2438, 955.3702, 717.83606, , 
65714.503934791, 004277, -2.5227747, -0.020117797, 1.155487, 0.59593016, -0.73875207, 0.31424412, -0.019059695, 1599.2438, 1599.2438, 955.36914, 717.83453, , 
65714.520603666, 004278, -2.5160987, -0.020117454, 1.1584188, 0.5937275, -0.7380026, 0.3195489, -0.02698476, 1599.2438, 1599.2438, 955.36774, 717.83276, , 
65714.55394175, 004279, -2.503067, -0.019973721, 1.1639, 0.58994013, -0.73635244, 0.32855824, -0.042486716, 1599.2438, 1599.2438, 955.3626, 717.8283, , 
65714.570610791, 004280, -2.495769, -0.019354932, 1.1666123, 0.58769566, -0.7359177, 0.33256543, -0.049388308, 1599.2438, 1599.2438, 955.3609, 717.8275, , 
65714.587279708, 004281, -2.488554, -0.019390915, 1.1686425, 0.5847115, -0.73614055, 0.33641914, -0.055060834, 1599.2438, 1599.2438, 955.3603, 717.8295, , 
65714.620617875, 004282, -2.4733849, -0.019899148, 1.1714356, 0.57656854, -0.73850256, 0.34397215, -0.062174857, 1599.2438, 1599.2438, 955.36487, 717.83997, , 
65714.637286875, 004283, -2.4660225, -0.019993715, 1.1726773, 0.5724072, -0.7395466, 0.34802848, -0.06555224, 1599.2438, 1599.2438, 955.36914, 717.8471, , 
65714.653955958, 004284, -2.4591026, -0.019832626, 1.1741333, 0.56877816, -0.740058, 0.35198188, -0.070102006, 1599.2438, 1599.2438, 955.3711, 717.8509, , 
65714.670624791, 004285, -2.452918, -0.019031893, 1.1764005, 0.5656334, -0.74015206, 0.35560375, -0.07602467, 1599.2438, 1599.2438, 955.37146, 717.85345, , 
65714.703962916, 004286, -2.440493, -0.018020295, 1.1805704, 0.5590083, -0.7401971, 0.36254266, -0.09044793, 1599.2438, 1599.2438, 955.3694, 717.85974, , 
65714.720631958, 004287, -2.434217, -0.017664876, 1.1825638, 0.55498576, -0.7406677, 0.36588436, -0.09762509, 1599.2438, 1599.2438, 955.36914, 717.86426, , 
65714.737300875, 004288, -2.427954, -0.017393328, 1.1844761, 0.55064297, -0.74137, 0.36908102, -0.104604825, 1599.2438, 1599.2438, 955.3696, 717.872, , 
65714.770638916, 004289, -2.416812, -0.016345952, 1.1879158, 0.54224885, -0.7425548, 0.3748838, -0.11849344, 1599.6957, 1599.6957, 955.3702, 717.88416, , 
65714.787308041, 004290, -2.41117, -0.016044047, 1.1896064, 0.53841543, -0.74284744, 0.3775942, -0.12533563, 1599.2438, 1599.2438, 955.3703, 717.88947, , 
65714.803977, 004291, -2.405596, -0.015792903, 1.1911694, 0.5348841, -0.7428953, 0.38029006, -0.1318512, 1599.2438, 1599.2438, 955.3702, 717.8954, , 
65714.820645916, 004292, -2.4000914, -0.015575498, 1.1925273, 0.53163713, -0.7428443, 0.38284892, -0.13773508, 1599.2438, 1599.2438, 955.3703, 717.8991, , 
65714.853984041, 004293, -2.3892872, -0.015176155, 1.1944722, 0.52581984, -0.7426683, 0.3877123, -0.14709298, 1599.2438, 1599.2438, 955.3712, 717.9063, , 
65714.870653125, 004294, -2.384758, -0.0148340985, 1.1951222, 0.5231688, -0.7424076, 0.39045662, -0.15056215, 1599.2438, 1599.2438, 955.37225, 717.90845, , 
65714.887321958, 004295, -2.3796933, -0.014556758, 1.1955066, 0.5205853, -0.74197656, 0.3935634, -0.15352419, 1599.2438, 1599.2438, 955.37354, 717.90955, , 
65714.920660125, 004296, -2.3700314, -0.013910286, 1.1957902, 0.5162944, -0.7401384, 0.4006822, -0.15839438, 1599.2438, 1599.2438, 955.37646, 717.9076, , 
65714.937329083, 004297, -2.3655903, -0.0135559365, 1.1958077, 0.51481354, -0.7388079, 0.40418798, -0.16050515, 1599.2438, 1599.2438, 955.37714, 717.9048, , 
65714.953998208, 004298, -2.3614178, -0.01320596, 1.1958618, 0.5137595, -0.737319, 0.4073645, -0.1626836, 1599.2438, 1599.2438, 955.37726, 717.90137, , 
65714.970667125, 004299, -2.358618, -0.013095673, 1.1964947, 0.5131309, -0.73567617, 0.41012216, -0.16515756, 1599.2438, 1599.2438, 955.37646, 717.8963, , 
65715.004005208, 004300, -2.350977, -0.012718301, 1.1968069, 0.5118816, -0.7330361, 0.41446507, -0.16986455, 1599.2438, 1599.2438, 955.37463, 717.8901, , 
65715.020674208, 004301, -2.346916, -0.012633987, 1.1968663, 0.5107902, -0.73224235, 0.4163971, -0.1718362, 1599.2438, 1599.2438, 955.3744, 717.8882, , 
65715.037343125, 004302, -2.342756, -0.012541365, 1.1968066, 0.50941753, -0.73164886, 0.4184556, -0.17343156, 1599.2438, 1599.2438, 955.3748, 717.8875, , 
65715.070681208, 004303, -2.3332982, -0.011660796, 1.1973084, 0.5065502, -0.73006654, 0.42370397, -0.17573966, 1599.2438, 1599.2438, 955.37726, 717.8839, , 
65715.08735025, 004304, -2.3292058, -0.011031676, 1.1969835, 0.5054025, -0.7287745, 0.4268708, -0.1767412, 1599.2438, 1599.2438, 955.37823, 717.8805, , 
65715.104019166, 004305, -2.3252947, -0.010323066, 1.1965128, 0.50438046, -0.7274306, 0.42995402, -0.17772083, 1599.2438, 1599.2438, 955.379, 717.87665, , 
65715.13735725, 004306, -2.317565, -0.008980222, 1.1955703, 0.50226015, -0.725517, 0.43467134, -0.18005745, 1599.2438, 1599.2438, 955.38055, 717.87054, , 
65715.154026333, 004307, -2.3137176, -0.008407131, 1.1952139, 0.501019, -0.72491837, 0.43642324, -0.18168087, 1599.2438, 1599.2438, 955.38086, 717.86975, , 
65715.170695375, 004308, -2.3092277, -0.008789949, 1.1951329, -0.49961865, 0.7243494, -0.43816262, 0.18360998, 1599.2438, 1599.2438, 955.3812, 717.8693, , 
65715.187364333, 004309, -2.3053334, -0.008320883, 1.1948913, -0.4981729, 0.7235903, -0.44012836, 0.18581675, 1599.2438, 1599.2438, 955.3815, 717.8687, , 
65715.220702375, 004310, -2.2978327, -0.0069594537, 1.1942297, -0.4955503, 0.72114414, -0.44490784, 0.19088708, 1599.2438, 1599.2438, 955.3812, 717.8654, , 
65715.237371416, 004311, -2.2941349, -0.006203659, 1.1937906, -0.49450228, 0.71965665, -0.44731015, 0.19358568, 1599.2438, 1599.2438, 955.3803, 717.8619, , 
65715.25404025, 004312, -2.2904112, -0.005466547, 1.1932737, -0.49356434, 0.7182076, -0.44954216, 0.1961731, 1599.2438, 1599.2438, 955.3795, 717.8592, , 
65715.287378375, 004313, -2.2807827, -0.004761271, 1.1928172, -0.4921124, 0.71559453, -0.45315862, 0.20099054, 1599.2438, 1599.2438, 955.37726, 717.85364, , 
65715.304047458, 004314, -2.2768183, -0.004234601, 1.1920903, -0.49175453, 0.714403, -0.45446327, 0.20314744, 1599.2438, 1599.2438, 955.3761, 717.85144, , 
65715.320716458, 004315, -2.2728174, -0.0038103275, 1.1912118, -0.49162793, 0.7133373, -0.45539013, 0.20511371, 1599.2438, 1599.2438, 955.3747, 717.84955, , 
65715.354054416, 004316, -2.264555, -0.0032688305, 1.1890515, -0.49139598, 0.71144307, -0.45696443, 0.20871577, 1599.2438, 1599.2438, 955.3717, 717.84576, , 
65715.370723458, 004317, -2.2602787, -0.0031275828, 1.1877112, -0.49115133, 0.7106067, -0.45780274, 0.21029751, 1599.2438, 1599.2438, 955.37067, 717.84436, , 
65715.3873925, 004318, -2.2533803, -0.004078299, 1.1864728, -0.4908211, 0.7098524, -0.45865926, 0.2117448, 1599.2438, 1599.2438, 955.3696, 717.84265, , 
65715.4207305, 004319, -2.243565, -0.0042816144, 1.182943, -0.4903685, 0.7077271, -0.46091533, 0.21498379, 1599.2438, 1599.2438, 955.3676, 717.8388, , 
65715.437399541, 004320, -2.2391157, -0.004128374, 1.1809063, -0.4901122, 0.7063566, -0.46237668, 0.21692902, 1599.2438, 1599.2438, 955.3662, 717.8352, , 
65715.454068541, 004321, -2.2346816, -0.0039310046, 1.1787428, -0.48982543, 0.7049581, -0.463813, 0.21904962, 1599.2438, 1599.2438, 955.3649, 717.8325, , 
65715.4874065, 004322, -2.2213352, -0.0047285855, 1.1740701, -0.48900676, 0.7024539, -0.46638957, 0.2234091, 1599.2438, 1599.2438, 955.36206, 717.8275, , 
65715.504075583, 004323, -2.216391, -0.004562158, 1.1715897, -0.48834616, 0.70128024, -0.46778935, 0.22560385, 1599.2438, 1599.2438, 955.36115, 717.8258, , 
65715.520744583, 004324, -2.2114587, -0.0043599675, 1.1690286, -0.48746404, 0.70016485, -0.4693277, 0.22777045, 1599.2438, 1599.2438, 955.3604, 717.82434, , 
65715.554082583, 004325, -2.2018003, -0.0038361363, 1.1637758, -0.48594663, 0.697672, -0.4721217, 0.23283178, 1599.2438, 1599.2438, 955.3582, 717.821, , 
65715.570751583, 004326, -2.1937509, -0.0043263393, 1.1611053, -0.48540488, 0.69611907, -0.47333226, 0.23612928, 1599.6957, 1599.6957, 955.3563, 717.81915, , 
65715.604089666, 004327, -2.1839116, -0.0039151423, 1.1559616, -0.48463005, 0.6927476, -0.475262, 0.24363995, 1599.2438, 1599.2438, 955.3509, 717.8153, , 
65715.62075875, 004328, -2.1789784, -0.003802333, 1.1533738, -0.48394817, 0.6914555, -0.47596362, 0.2472694, 1599.2438, 1599.2438, 955.3487, 717.81494, , 
65715.637427583, 004329, -2.173829, -0.0037575434, 1.1507478, -0.48289376, 0.69048953, -0.47673672, 0.25051948, 1599.2438, 1599.2438, 955.3473, 717.81537, , 
65715.670765708, 004330, -2.1611235, -0.003912449, 1.1455038, -0.4802583, 0.68910295, -0.47856867, 0.25585347, 1599.2438, 1599.2438, 955.3455, 717.8175, , 
65715.687434791, 004331, -2.155299, -0.0038152747, 1.1426853, -0.47881112, 0.6884432, -0.4798127, 0.2580029, 1599.2438, 1599.2438, 955.3454, 717.81824, , 
65715.720772708, 004332, -2.1440806, -0.0031909458, 1.1367956, -0.475327, 0.6863423, -0.48396727, 0.26224822, 1599.2438, 1599.2438, 955.3459, 717.81696, , 
65715.737441833, 004333, -2.1385612, -0.0027232505, 1.1338323, -0.47322902, 0.6850699, -0.48654816, 0.2645832, 1599.2438, 1599.2438, 955.3464, 717.81573, , 
65715.754110791, 004334, -2.1330333, -0.0022304952, 1.1309414, -0.47078595, 0.6840089, -0.4890998, 0.2669715, 1599.2438, 1599.2438, 955.3469, 717.81506, , 
65715.787448833, 004335, -2.120074, -0.002028592, 1.1259441, -0.46518913, 0.68301564, -0.4934545, 0.2712771, 1599.2438, 1599.2438, 955.34973, 717.817, , 
65715.804117833, 004336, -2.11451, -0.0015135106, 1.1232189, -0.46252385, 0.6828249, -0.49536252, 0.27283293, 1599.2438, 1599.2438, 955.35126, 717.8187, , 
65715.820786875, 004337, -2.109232, -0.00087722053, 1.1204263, -0.4602593, 0.68244845, -0.49724704, 0.27417293, 1599.2438, 1599.2438, 955.3532, 717.82, , 
65715.854124833, 004338, -2.0998473, 0.0006493401, 1.1147726, -0.4573487, 0.68039715, -0.50092465, 0.27742785, 1599.2438, 1599.2438, 955.3541, 717.8183, , 
65715.870793833, 004339, -2.093732, 0.0010382946, 1.1119866, -0.45649177, 0.6788203, -0.50261277, 0.27964, 1599.2438, 1599.2438, 955.3532, 717.8154, , 
65715.904131958, 004340, -2.0853481, 0.0019771676, 1.1066694, -0.45517203, 0.6759688, -0.5049837, 0.2843869, 1599.2438, 1599.2438, 955.3509, 717.812, , 
65715.920801041, 004341, -2.0812109, 0.0021365732, 1.1041498, -0.45435524, 0.6750218, -0.50575846, 0.28655744, 1599.2438, 1599.2438, 955.3496, 717.8115, , 
65715.937469916, 004342, -2.0769973, 0.0021153241, 1.1017203, -0.45324528, 0.67437404, -0.5065219, 0.2884853, 1599.2438, 1599.2438, 955.34924, 717.81195, , 
65715.970808, 004343, -2.0669115, 0.0017073862, 1.0967541, -0.45048857, 0.6731797, -0.50851107, 0.29207104, 1599.2438, 1599.2438, 955.34924, 717.8133, , 
65715.987477083, 004344, -2.062437, 0.0015063696, 1.0945928, -0.44909057, 0.6725106, -0.5096548, 0.29376698, 1599.2438, 1599.2438, 955.34924, 717.81366, , 
65716.020814958, 004345, -2.0534618, 0.0010302772, 1.0905985, -0.44595644, 0.6715144, -0.5124129, 0.29601377, 1599.2438, 1599.2438, 955.3503, 717.81384, , 
65716.037484083, 004346, -2.0488005, 0.0007567182, 1.0886917, -0.44394392, 0.6713963, -0.51420254, 0.29620335, 1599.2438, 1599.2438, 955.35266, 717.814, , 
65716.070822125, 004347, -2.0378914, 0.00040863827, 1.0844547, -0.4401869, 0.6716383, -0.51779675, 0.29499802, 1599.2438, 1599.2438, 955.3574, 717.8137, , 
65716.087491041, 004348, -2.0333164, 0.00035192445, 1.0825474, -0.4390828, 0.6714507, -0.5193471, 0.29434478, 1599.2438, 1599.2438, 955.36, 717.8122, , 
65716.120829166, 004349, -2.025339, 0.00051282754, 1.0791086, -0.43843603, 0.6697816, -0.52192473, 0.29455227, 1599.2438, 1599.2438, 955.3608, 717.80743, , 
65716.137498166, 004350, -2.0216002, 0.0006091815, 1.0776418, -0.4380914, 0.66855764, -0.5232679, 0.29546076, 1599.2438, 1599.2438, 955.3603, 717.80457, , 
65716.154167041, 004351, -2.0177758, 0.000612434, 1.0763727, -0.43730757, 0.667493, -0.52462614, 0.2966185, 1599.2438, 1599.2438, 955.36, 717.8017, , 
65716.187505208, 004352, -2.0093834, 0.0007456951, 1.0742304, -0.4344934, 0.66631764, -0.5269564, 0.2992545, 1599.2438, 1599.2438, 955.36066, 717.80133, , 
65716.20417425, 004353, -2.005084, 0.00063041225, 1.0733453, -0.43297178, 0.6659103, -0.5279557, 0.30060208, 1599.2438, 1599.2438, 955.3613, 717.80225, , 
65716.237512166, 004354, -1.9965587, 0.00028649007, 1.0716516, -0.4306029, 0.6646778, -0.53007334, 0.30299655, 1599.2438, 1599.2438, 955.3618, 717.80237, , 
65716.254181166, 004355, -1.9922739, 0.00018835068, 1.0707669, -0.42973518, 0.6638599, -0.5313349, 0.30381066, 1599.2438, 1599.2438, 955.36206, 717.8008, , 
65716.287519291, 004356, -1.98362, -0.00066076627, 1.0695044, -0.4289142, 0.6625754, -0.53337574, 0.30419827, 1599.2438, 1599.2438, 955.3626, 717.7973, , 
65716.304188208, 004357, -1.9790878, -0.0007696077, 1.0685887, -0.42897832, 0.66222936, -0.53388447, 0.3039691, 1599.2438, 1599.2438, 955.36285, 717.7953, , 
65716.32085725, 004358, -1.9745046, -0.0008432828, 1.0677016, -0.42931816, 0.66193205, -0.5340979, 0.30376175, 1599.2438, 1599.2438, 955.36273, 717.79395, , 
65716.354195375, 004359, -1.9651691, -0.0008585118, 1.0663393, -0.43008718, 0.66117036, -0.5341796, 0.304189, 1599.2438, 1599.2438, 955.36145, 717.7915, , 
65716.370864375, 004360, -1.9603109, -0.00095811486, 1.066031, -0.43029863, 0.6608245, -0.53409207, 0.3047945, 1599.2438, 1599.2438, 955.36066, 717.7911, , 
65716.404202291, 004361, -1.9501117, -0.0009100847, 1.0654999, -0.43050066, 0.6603839, -0.5335214, 0.30645892, 1599.2438, 1599.2438, 955.359, 717.7916, , 
65716.420871333, 004362, -1.944776, -0.00086342543, 1.0652568, -0.43058792, 0.6602496, -0.53306067, 0.30742598, 1599.2438, 1599.2438, 955.35785, 717.7928, , 
65716.437540458, 004363, -1.9393449, -0.00080435723, 1.0649704, -0.43085864, 0.6600693, -0.53250706, 0.30839187, 1599.2438, 1599.2438, 955.3568, 717.7936, , 
65716.470878375, 004364, -1.9273156, -0.001868818, 1.0647036, -0.43212628, 0.65914947, -0.5312882, 0.31067926, 1599.6957, 1599.6957, 955.3532, 717.79395, , 
65716.487547458, 004365, -1.9213965, -0.0021091471, 1.06434, -0.43277612, 0.6586203, -0.53073776, 0.31183577, 1599.2438, 1599.2438, 955.35156, 717.79376, , 
65716.520885333, 004366, -1.9088184, -0.0028155632, 1.0635369, -0.43308684, 0.6580794, -0.5302201, 0.31342283, 1599.2438, 1599.2438, 955.34937, 717.7941, , 
65716.537554375, 004367, -1.902138, -0.0033235438, 1.0631236, -0.43289885, 0.65796095, -0.53025246, 0.3138761, 1599.2438, 1599.2438, 955.3491, 717.7945, , 
65716.554223458, 004368, -1.8952577, -0.0038742463, 1.0626544, -0.43272334, 0.65786546, -0.53042156, 0.31403244, 1599.2438, 1599.2438, 955.3491, 717.79456, , 
65716.5875615, 004369, -1.8824373, -0.0045170854, 1.0623701, -0.4326366, 0.6567898, -0.5314686, 0.31463307, 1599.2438, 1599.2438, 955.3488, 717.7922, , 
65716.604230458, 004370, -1.8755035, -0.004831057, 1.0620826, -0.43282974, 0.6558109, -0.53210187, 0.31533784, 1599.2438, 1599.2438, 955.3481, 717.79004, , 
65716.6375685, 004371, -1.8609246, -0.005486097, 1.0616565, -0.43297303, 0.65509045, -0.5325413, 0.31589642, 1599.2438, 1599.2438, 955.34705, 717.7876, , 
65716.654237583, 004372, -1.853337, -0.0057440735, 1.0614138, -0.43280277, 0.6553016, -0.5326548, 0.3155002, 1599.2438, 1599.2438, 955.3474, 717.78766, , 
65716.670906625, 004373, -1.8452809, -0.0064912513, 1.0611192, -0.43251866, 0.65551996, -0.5329748, 0.31489515, 1599.2438, 1599.2438, 955.3483, 717.78754, , 
65716.704244583, 004374, -1.8300408, -0.006562863, 1.0606852, -0.43199047, 0.6555963, -0.5339757, 0.3137635, 1599.2438, 1599.2438, 955.34985, 717.78625, , 
65716.720913625, 004375, -1.8227257, -0.006299887, 1.0605984, -0.43186983, 0.6554573, -0.53441083, 0.313479, 1599.2438, 1599.2438, 955.3502, 717.7854, , 
65716.754251541, 004376, -1.8086323, -0.0054710056, 1.0606352, -0.4317158, 0.6553677, -0.53466433, 0.31344643, 1599.2438, 1599.2438, 955.3505, 717.7845, , 
65716.770920583, 004377, -1.8021604, -0.004919384, 1.0608549, -0.4315917, 0.6554963, -0.5344884, 0.3136481, 1599.2438, 1599.2438, 955.3505, 717.7849, , 
65716.787589666, 004378, -1.7955687, -0.004291892, 1.0609468, -0.4314995, 0.65572727, -0.5341188, 0.31392202, 1599.2438, 1599.2438, 955.3504, 717.78625, , 
65716.820927625, 004379, -1.7829173, -0.0027790517, 1.0610585, -0.4313673, 0.65606564, -0.53330857, 0.314773, 1599.2438, 1599.2438, 955.35, 717.78864, , 
65716.837596583, 004380, -1.7768523, -0.0019446611, 1.0610524, -0.43130928, 0.65621465, -0.53297657, 0.31510416, 1599.2438, 1599.2438, 955.34973, 717.7896, , 
65716.854265708, 004381, -1.7709692, -0.0010617707, 1.0609627, -0.43140927, 0.656286, -0.5326627, 0.3153492, 1599.2438, 1599.2438, 955.3495, 717.7906, , 
65716.887603791, 004382, -1.7588488, -0.00013814085, 1.0604208, -0.43237108, 0.65525186, -0.53263986, 0.31622, 1599.2438, 1599.2438, 955.34796, 717.7892, , 
65716.904272666, 004383, -1.7534947, 0.0007420143, 1.0601261, -0.43296933, 0.65442914, -0.5328397, 0.3167676, 1599.2438, 1599.2438, 955.34656, 717.78674, , 
65716.937610791, 004384, -1.7432512, 0.0022312365, 1.0597903, -0.4340896, 0.652715, -0.5333565, 0.31789967, 1599.2438, 1599.2438, 955.3446, 717.78296, , 
65716.954279791, 004385, -1.7384268, 0.0028278972, 1.059773, -0.43460935, 0.6516636, -0.5338213, 0.3185655, 1599.2438, 1599.2438, 955.3432, 717.7799, , 
65716.97094875, 004386, -1.7333627, 0.0030505843, 1.0597202, -0.43504074, 0.65036523, -0.5346424, 0.31925225, 1599.2438, 1599.2438, 955.34216, 717.77704, , 
65717.004286791, 004387, -1.7234023, 0.003084015, 1.0598915, -0.4354802, 0.6473076, -0.5371851, 0.32059646, 1599.2438, 1599.2438, 955.34045, 717.7684, , 
65717.020955791, 004388, -1.7189487, 0.0032286607, 1.0603219, -0.4354678, 0.64599824, -0.53844094, 0.32114694, 1599.2438, 1599.2438, 955.33997, 717.7649, , 
65717.037624875, 004389, -1.7145783, 0.0032743402, 1.0609292, -0.43526798, 0.64509875, -0.53939575, 0.32162324, 1599.2438, 1599.2438, 955.3397, 717.7623, , 
65717.070962791, 004390, -1.7047385, 0.002577547, 1.0621692, -0.43397787, 0.6448037, -0.54080105, 0.32159835, 1599.2438, 1599.2438, 955.34064, 717.7607, , 
65717.087631875, 004391, -1.6986548, 0.0015797723, 1.0625961, -0.43292245, 0.6448592, -0.5416731, 0.32144168, 1599.2438, 1599.2438, 955.3417, 717.7607, , 
65717.120969833, 004392, -1.6900717, 0.0014515854, 1.0641491, -0.4312486, 0.6434456, -0.54394025, 0.32269397, 1599.2438, 1599.2438, 955.3429, 717.7584, , 
65717.137638916, 004393, -1.6864706, 0.001714535, 1.0650747, -0.43079662, 0.64209634, -0.54503953, 0.3241271, 1599.2438, 1599.2438, 955.3423, 717.7564, , 
65717.154307916, 004394, -1.6829705, 0.0020632073, 1.0660839, -0.43038395, 0.6407193, -0.5460283, 0.32573208, 1599.2438, 1599.2438, 955.3411, 717.75385, , 
65717.187646041, 004395, -1.6729895, 0.0013179369, 1.0679461, -0.42848074, 0.63891804, -0.54782414, 0.32875004, 1599.2438, 1599.2438, 955.34033, 717.75256, , 
65717.204314916, 004396, -1.6686466, 0.0013134514, 1.0693228, -0.42656156, 0.63856196, -0.5488405, 0.33023915, 1599.2438, 1599.2438, 955.34064, 717.7536, , 
65717.237652958, 004397, -1.6606892, 0.0019045246, 1.0723943, -0.42296553, 0.63807356, -0.5503482, 0.33328527, 1599.2438, 1599.2438, 955.3418, 717.7577, , 
65717.254322083, 004398, -1.656956, 0.0023768619, 1.073958, -0.42154184, 0.6375127, -0.5509741, 0.3351233, 1599.2438, 1599.2438, 955.3417, 717.75916, , 
65717.287659958, 004399, -1.6457845, 0.0025217198, 1.0765103, -0.4183989, 0.63587993, -0.5526229, 0.33942148, 1599.2438, 1599.2438, 955.3411, 717.7614, , 
65717.304329083, 004400, -1.6412961, 0.002811156, 1.0778242, -0.41684294, 0.63514805, -0.553219, 0.3417273, 1599.2438, 1599.2438, 955.34064, 717.7628, , 
65717.320998041, 004401, -1.6370972, 0.0031575668, 1.0790085, -0.41553906, 0.63474673, -0.55340105, 0.34375995, 1599.2438, 1599.2438, 955.3401, 717.76544, , 
65717.354336041, 004402, -1.6286467, 0.0036922428, 1.081021, -0.4123894, 0.63460237, -0.55363125, 0.3474294, 1599.2438, 1599.2438, 955.33997, 717.7711, , 
65717.371005041, 004403, -1.6234976, 0.003637109, 1.08162, -0.41012713, 0.6342114, -0.554536, 0.34937257, 1599.2438, 1599.2438, 955.3405, 717.7744, , 
65717.404343125, 004404, -1.6133361, 0.0035948488, 1.0823123, -0.4053948, 0.6324354, -0.5577298, 0.3530126, 1599.2438, 1599.2438, 955.3419, 717.77576, , 
65717.437681125, 004405, -1.6045992, 0.0036979504, 1.0830897, -0.40039083, 0.63000584, -0.56143165, 0.3571756, 1599.2438, 1599.2438, 955.3433, 717.77576, , 
65717.454350125, 004406, -1.6002117, 0.003601063, 1.0835044, -0.39783096, 0.6286318, -0.5633198, 0.3594766, 1599.2438, 1599.2438, 955.3438, 717.77576, , 
65717.471019208, 004407, -1.5947603, 0.003394958, 1.0841656, -0.39533025, 0.6271469, -0.5652667, 0.36176533, 1599.2438, 1599.2438, 955.3441, 717.77545, , 
65717.504357125, 004408, -1.5837984, 0.002772354, 1.0857711, -0.3897195, 0.6234302, -0.5701885, 0.36652225, 1599.2438, 1599.2438, 955.3452, 717.7729, , 
65717.521026208, 004409, -1.5788381, 0.0023591365, 1.086684, -0.386321, 0.6210917, -0.57337135, 0.36911556, 1599.2438, 1599.2438, 955.3459, 717.7708, , 
65717.554364208, 004410, -1.5688714, 0.0012691658, 1.0890485, -0.37821844, 0.6157669, -0.5806761, 0.37496293, 1599.2438, 1599.2438, 955.3483, 717.7651, , 
65717.571033083, 004411, -1.562679, 9.413845e-05, 1.090636, -0.37397423, 0.6130706, -0.58418804, 0.3781693, 1599.2438, 1599.2438, 955.34924, 717.76294, , 
65717.587702208, 004412, -1.5562552, -0.0012596324, 1.0924225, -0.3694336, 0.61029446, -0.58768886, 0.3816824, 1599.2438, 1599.2438, 955.3502, 717.7611, , 
65717.604371291, 004413, -1.5505892, -0.0023394562, 1.0942397, -0.36436665, 0.6075587, -0.5912396, 0.38541535, 1599.2438, 1599.2438, 955.3517, 717.7595, , 
65717.621040291, 004414, -1.5450941, -0.0034385435, 1.0962396, -0.35873327, 0.6050547, -0.5946826, 0.3893223, 1599.2438, 1599.2438, 955.3532, 717.75946, , 
65717.637709291, 004415, -1.5396086, -0.0046523213, 1.0984288, -0.35287747, 0.6030293, -0.597603, 0.393324, 1599.2438, 1599.2438, 955.3551, 717.7609, , 
65717.654378208, 004416, -1.534187, -0.0059358478, 1.1007452, -0.34717202, 0.6013106, -0.5999151, 0.39749062, 1599.2438, 1599.2438, 955.3573, 717.7648, , 
65717.687716333, 004417, -1.5236562, -0.008857086, 1.1052594, -0.33668846, 0.5984149, -0.60316396, 0.40587392, 1599.2438, 1599.2438, 955.36, 717.7729, , 
65717.704385375, 004418, -1.5185165, -0.01021596, 1.1075019, -0.3317306, 0.5971331, -0.60461974, 0.40966067, 1599.2438, 1599.2438, 955.3617, 717.7784, , 
65717.737723333, 004419, -1.5085076, -0.012886319, 1.1116028, -0.32231238, 0.59414864, -0.60809255, 0.4163239, 1599.2438, 1599.2438, 955.36487, 717.7843, , 
65717.754392375, 004420, -1.5037276, -0.014185961, 1.1134261, -0.3178888, 0.59195983, -0.6102052, 0.41973782, 1599.2438, 1599.2438, 955.36633, 717.7859, , 
65717.787730458, 004421, -1.4943913, -0.016829412, 1.116847, -0.3093662, 0.5863083, -0.614835, 0.42721546, 1599.2438, 1599.2438, 955.36707, 717.7856, , 
65717.804399291, 004422, -1.4895701, -0.018085413, 1.1187695, -0.30493173, 0.5837741, -0.61698496, 0.4307599, 1599.2438, 1599.2438, 955.36774, 717.7857, , 
65717.837737333, 004423, -1.4792591, -0.020565242, 1.1233195, -0.295696, 0.5812623, -0.61995035, 0.4363021, 1599.2438, 1599.2438, 955.3712, 717.7903, , 
65717.854406458, 004424, -1.474, -0.021670345, 1.1257675, -0.29096946, 0.5809011, -0.6211937, 0.43818837, 1599.2438, 1599.2438, 955.3752, 717.79486, , 
65717.887744375, 004425, -1.4640504, -0.023289531, 1.130669, -0.28186268, 0.5792676, -0.62480813, 0.4411544, 1599.2438, 1599.2438, 955.3817, 717.79816, , 
65717.904413458, 004426, -1.45967, -0.02380557, 1.1328193, -0.2776211, 0.577522, -0.6272812, 0.44262072, 1599.2438, 1599.2438, 955.3844, 717.7973, , 
65717.937751375, 004427, -1.4517614, -0.02476954, 1.1370041, -0.26937982, 0.5726528, -0.6326964, 0.44631663, 1598.7919, 1598.7919, 955.3887, 717.7917, , 
65717.954420458, 004428, -1.4479265, -0.025450539, 1.1393489, -0.2648384, 0.5702302, -0.63532466, 0.4483979, 1598.7919, 1598.7919, 955.39044, 717.7895, , 
65717.9710895, 004429, -1.4437486, -0.026391186, 1.1426175, -0.25971964, 0.56836796, -0.63764703, 0.4504549, 1599.2438, 1599.2438, 955.3939, 717.7884, , 
65718.0044275, 004430, -1.4354464, -0.028877428, 1.1496011, -0.24869533, 0.56617415, -0.641303, 0.4542332, 1599.2438, 1599.2438, 955.4015, 717.791, , 
65718.021096458, 004431, -1.4315065, -0.030224513, 1.1531032, -0.24336626, 0.5652903, -0.6428534, 0.45602542, 1599.2438, 1599.2438, 955.4068, 717.7938, , 
65718.0377655, 004432, -1.4277599, -0.031503696, 1.1566818, -0.23829746, 0.564092, -0.64447457, 0.45789424, 1598.7919, 1598.7919, 955.4104, 717.7953, , 
65718.071103541, 004433, -1.4203821, -0.03339468, 1.1647431, -0.22888833, 0.56100154, -0.64777106, 0.4618223, 1598.7919, 1598.7919, 955.4172, 717.7966, , 
65718.0877725, 004434, -1.4167565, -0.034065112, 1.1691511, -0.22470775, 0.55922407, -0.6493047, 0.46387315, 1599.2438, 1599.2438, 955.41925, 717.7967, , 
65718.121110541, 004435, -1.4102473, -0.035650615, 1.1777705, -0.21694933, 0.5554311, -0.65209836, 0.46818477, 1599.2438, 1599.2438, 955.42285, 717.7966, , 
65718.137779625, 004436, -1.4070612, -0.036330055, 1.1823013, -0.21327841, 0.55367285, -0.6532958, 0.47027993, 1599.2438, 1599.2438, 955.4244, 717.7968, , 
65718.154448708, 004437, -1.4039342, -0.03688134, 1.1869938, -0.20996465, 0.5519706, -0.6542682, 0.4724155, 1599.2438, 1599.2438, 955.4254, 717.79736, , 
65718.187786541, 004438, -1.3978595, -0.03744332, 1.1970186, -0.20468307, 0.5483433, -0.65587896, 0.4767046, 1599.2438, 1599.2438, 955.42596, 717.7979, , 
65718.204455666, 004439, -1.394909, -0.03752688, 1.2021363, -0.20245723, 0.54630476, -0.6566814, 0.47888592, 1599.2438, 1599.2438, 955.42554, 717.79767, , 
65718.221124666, 004440, -1.3919756, -0.037563056, 1.2074445, -0.2003718, 0.5442715, -0.657386, 0.48110637, 1599.2438, 1599.2438, 955.4248, 717.79736, , 
65718.2377935, 004441, -1.3890454, -0.03761532, 1.2130119, -0.19835447, 0.5423284, -0.6579334, 0.48338273, 1599.2438, 1599.2438, 955.42365, 717.7974, , 
65718.254462666, 004442, -1.3861316, -0.037737846, 1.2188822, -0.19620354, 0.540431, -0.65832806, 0.48584202, 1599.2438, 1599.2438, 955.423, 717.79803, , 
65718.287800708, 004443, -1.3792037, -0.038918514, 1.2314379, -0.1910418, 0.53731436, -0.6582362, 0.4914482, 1599.2438, 1599.2438, 955.42194, 717.80347, , 
65718.30446975, 004444, -1.3758771, -0.039630443, 1.2384021, -0.18787678, 0.5361544, -0.6577988, 0.49451128, 1599.2438, 1599.2438, 955.42236, 717.80756, , 
65718.321138666, 004445, -1.3725022, -0.04048784, 1.2457193, -0.18447731, 0.53526944, -0.6571285, 0.49763113, 1599.2438, 1599.2438, 955.4232, 717.8127, , 
65718.337807666, 004446, -1.3690537, -0.041500755, 1.2532998, -0.18106334, 0.5345848, -0.6562203, 0.5008094, 1599.2438, 1599.2438, 955.4245, 717.8185, , 
65718.354476791, 004447, -1.3655492, -0.042573642, 1.2609642, -0.17826141, 0.5338542, -0.6551213, 0.5040224, 1599.2438, 1599.2438, 955.42566, 717.8267, , 
65718.387814666, 004448, -1.3585887, -0.044968106, 1.2764068, -0.17458814, 0.5312837, -0.6531265, 0.51057065, 1599.2438, 1599.2438, 955.4244, 717.8368, , 
65718.404483791, 004449, -1.355011, -0.045902506, 1.2839003, -0.17345794, 0.52967, -0.652276, 0.51370996, 1598.7919, 1598.7919, 955.42194, 717.8417, , 
65718.437821791, 004450, -1.3470606, -0.047529913, 1.2989463, -0.1712541, 0.5281614, -0.65034205, 0.518433, 1598.7919, 1598.7919, 955.42004, 717.84906, , 
65718.454490916, 004451, -1.3428249, -0.048134398, 1.3064262, -0.17023145, 0.5281168, -0.6492514, 0.52017933, 1598.7919, 1598.7919, 955.4204, 717.85504, , 
65718.47115975, 004452, -1.3392019, -0.04834751, 1.313369, -0.16940561, 0.5275508, -0.64854527, 0.5219011, 1599.2438, 1599.2438, 955.4203, 717.8582, , 
65718.504497875, 004453, -1.3318546, -0.047845, 1.3265823, -0.16780226, 0.52441645, -0.6485908, 0.5255089, 1599.2438, 1599.2438, 955.4173, 717.8601, , 
65718.521166833, 004454, -1.32808, -0.04727191, 1.3329872, -0.16653991, 0.522059, -0.6492601, 0.52742773, 1599.2438, 1599.2438, 955.41565, 717.85913, , 
65718.537835791, 004455, -1.3243343, -0.0465489, 1.3392899, -0.1649891, 0.51941794, -0.650153, 0.5294192, 1599.2438, 1599.2438, 955.4141, 717.85754, , 
65718.571173833, 004456, -1.3166927, -0.04493247, 1.3517396, -0.161632, 0.51409554, -0.65184265, 0.53355604, 1599.2438, 1599.2438, 955.4104, 717.8541, , 
65718.587842958, 004457, -1.3126332, -0.044116873, 1.358038, -0.15975362, 0.512098, -0.65246195, 0.53528297, 1599.2438, 1599.2438, 955.4096, 717.85345, , 
65718.604511958, 004458, -1.3084313, -0.043240838, 1.3645037, -0.15772821, 0.51091725, -0.6528741, 0.53650796, 1599.2438, 1599.2438, 955.41, 717.8537, , 
65718.637849958, 004459, -1.2999, -0.041452847, 1.3774158, -0.153673, 0.50990695, -0.65364575, 0.53770506, 1599.2438, 1599.2438, 955.41296, 717.85486, , 
65718.654518958, 004460, -1.2959683, -0.040496983, 1.3835664, -0.15169093, 0.5088465, -0.65439785, 0.5383572, 1599.2438, 1599.2438, 955.4141, 717.8545, , 
65718.671187916, 004461, -1.2922248, -0.039763454, 1.3889725, -0.14965731, 0.50707203, -0.65544486, 0.5393261, 1599.2438, 1599.2438, 955.4146, 717.8526, , 
65718.704525916, 004462, -1.285219, -0.038467504, 1.3996675, -0.14596564, 0.503109, -0.65727895, 0.5418114, 1599.2438, 1599.2438, 955.414, 717.8493, , 
65718.721195, 004463, -1.2817297, -0.03792315, 1.405065, -0.14456818, 0.5013846, -0.65794533, 0.54297465, 1599.2438, 1599.2438, 955.4133, 717.8478, , 
65718.737864041, 004464, -1.2781702, -0.037466075, 1.4103938, -0.14342865, 0.49983194, -0.6585778, 0.5439408, 1599.2438, 1599.2438, 955.4126, 717.8466, , 
65718.771201958, 004465, -1.2706715, -0.036152974, 1.4207735, -0.141243, 0.49679497, -0.66005033, 0.5455077, 1599.2438, 1599.2438, 955.4113, 717.8431, , 
65718.787871, 004466, -1.2666771, -0.03541161, 1.4259359, -0.14022765, 0.49562016, -0.6607415, 0.54600143, 1599.2438, 1599.2438, 955.411, 717.84155, , 
65718.804540041, 004467, -1.2626655, -0.035172746, 1.4312583, -0.13918029, 0.49496612, -0.6612584, 0.5462369, 1599.2438, 1599.2438, 955.41125, 717.84045, , 
65718.837878, 004468, -1.2543014, -0.035257056, 1.4420786, -0.13680322, 0.4948776, -0.66212535, 0.54586726, 1599.2438, 1599.2438, 955.4139, 717.83936, , 
65718.854547041, 004469, -1.2500101, -0.035292763, 1.4473898, -0.13517594, 0.49470118, -0.6629717, 0.54540515, 1598.7919, 1598.7919, 955.41565, 717.83813, , 
65718.871216083, 004470, -1.2454944, -0.03563678, 1.4525238, -0.13322724, 0.49413955, -0.66409856, 0.5450226, 1598.7919, 1598.7919, 955.4181, 717.8355, , 
65718.904554125, 004471, -1.2368017, -0.03596262, 1.4626114, -0.12855901, 0.49204743, -0.6666136, 0.54496616, 1598.7919, 1598.7919, 955.42145, 717.8307, , 
65718.921223083, 004472, -1.2326635, -0.036053192, 1.4676778, -0.12599061, 0.4907314, -0.6676953, 0.5454284, 1599.2438, 1599.2438, 955.423, 717.8287, , 
65718.937892125, 004473, -1.2286179, -0.036203574, 1.472781, -0.12331948, 0.48920554, -0.6686249, 0.5462701, 1599.2438, 1599.2438, 955.4246, 717.8269, , 
65718.954561125, 004474, -1.2246243, -0.036434658, 1.4779476, -0.120400675, 0.48748192, -0.6695004, 0.5473885, 1599.2438, 1599.2438, 955.42566, 717.82587, , 
65718.987899083, 004475, -1.2157357, -0.037215687, 1.4891121, -0.11357226, 0.48377964, -0.6712326, 0.5500049, 1599.2438, 1599.2438, 955.429, 717.8244, , 
65719.004568083, 004476, -1.2115432, -0.037676137, 1.4946183, -0.11011381, 0.4817656, -0.6721187, 0.551392, 1599.2438, 1599.2438, 955.4304, 717.82355, , 
65719.021237166, 004477, -1.2074194, -0.03817898, 1.500139, -0.106774576, 0.47960132, -0.6730198, 0.5528346, 1599.2438, 1599.2438, 955.4316, 717.8227, , 
65719.054575291, 004478, -1.1991212, -0.03927383, 1.5113188, -0.10071958, 0.47498387, -0.6747946, 0.555786, 1599.2438, 1599.2438, 955.4331, 717.8199, , 
65719.071244125, 004479, -1.1946235, -0.039706375, 1.5169046, -0.0979024, 0.47233504, -0.67567396, 0.557476, 1599.2438, 1599.2438, 955.4331, 717.8186, , 
65719.087913208, 004480, -1.1902297, -0.040109184, 1.5225141, -0.0951098, 0.4693019, -0.6765528, 0.55945176, 1599.2438, 1599.2438, 955.4325, 717.8172, , 
65719.104582208, 004481, -1.1861196, -0.040541757, 1.5282191, -0.092171885, 0.4659563, -0.67733294, 0.56179094, 1599.2438, 1599.2438, 955.4312, 717.8155, , 
65719.137920208, 004482, -1.1782157, -0.041353952, 1.5399082, -0.0859717, 0.45877182, -0.67846286, 0.5672965, 1599.2438, 1599.2438, 955.4288, 717.8143, , 
65719.154589208, 004483, -1.1743026, -0.041702364, 1.5458772, -0.08277443, 0.45518515, -0.6787937, 0.57025766, 1599.2438, 1599.2438, 955.4271, 717.81445, , 
65719.17125825, 004484, -1.1697901, -0.041995645, 1.5528013, -0.07958707, 0.45155877, -0.6790175, 0.57332, 1599.2438, 1599.2438, 955.4258, 717.8149, , 
65719.187927291, 004485, -1.1654098, -0.042130314, 1.5595222, -0.07643223, 0.44764253, -0.6792617, 0.5765222, 1599.2438, 1599.2438, 955.42413, 717.8153, , 
65719.204596416, 004486, -1.1614304, -0.042059373, 1.5656202, -0.07331872, 0.4431957, -0.67958885, 0.5799663, 1599.2438, 1599.2438, 955.4213, 717.8154, , 
65719.237934333, 004487, -1.1538005, -0.041561596, 1.5774174, -0.066999, 0.43360332, -0.6798351, 0.58764225, 1598.7919, 1598.7919, 955.4158, 717.8161, , 
65719.254603333, 004488, -1.1499527, -0.04124775, 1.5834049, -0.06312722, 0.429288, -0.6795636, 0.5915404, 1598.7919, 1598.7919, 955.41345, 717.81866, , 
65719.271272375, 004489, -1.1456224, -0.04152153, 1.5904528, -0.058830466, 0.42527083, -0.6792632, 0.59521854, 1599.2438, 1599.2438, 955.41284, 717.821, , 
65719.304610291, 004490, -1.1376952, -0.040890656, 1.6025873, -0.050884902, 0.4157743, -0.67953235, 0.6023107, 1599.2438, 1599.2438, 955.4097, 717.82306, , 
65719.321279375, 004491, -1.1341772, -0.040037744, 1.6076027, -0.0476472, 0.40992588, -0.68011624, 0.60591435, 1599.2438, 1599.2438, 955.40656, 717.8219, , 
65719.337948375, 004492, -1.1308012, -0.039200913, 1.6125108, -0.044653658, 0.4039829, -0.6805729, 0.6096101, 1599.2438, 1599.2438, 955.40283, 717.8207, , 
65719.371286375, 004493, -1.1233804, -0.03857839, 1.6239698, -0.038114823, 0.39479357, -0.67972267, 0.6169784, 1599.2438, 1599.2438, 955.3973, 717.8238, , 
65719.387955416, 004494, -1.1192739, -0.038713206, 1.6306317, -0.03397127, 0.39232668, -0.67858523, 0.62003857, 1598.7919, 1598.7919, 955.39795, 717.8282, , 
65719.404624458, 004495, -1.1154495, -0.03864507, 1.6371032, -0.029094808, 0.39068985, -0.6776554, 0.62233275, 1599.2438, 1599.2438, 955.4005, 717.83276, , 
65719.437962375, 004496, -1.1079963, -0.037790805, 1.6491802, -0.018561587, 0.3868924, -0.6780537, 0.62467027, 1599.2438, 1599.2438, 955.40857, 717.8358, , 
65719.454631416, 004497, -1.1044444, -0.03708432, 1.6546764, -0.013693944, 0.38411063, -0.67919827, 0.6252689, 1599.2438, 1599.2438, 955.411, 717.8333, , 
65719.4713005, 004498, -1.1013734, -0.036964975, 1.6601522, -0.009162084, 0.3809511, -0.6804972, 0.62587214, 1599.2438, 1599.2438, 955.41296, 717.8284, , 
65719.5046385, 004499, -1.0956675, -0.03679441, 1.6710961, -0.0006746356, 0.3754077, -0.68180376, 0.62786335, 1598.7919, 1598.7919, 955.41565, 717.8239, , 
65719.521307375, 004500, -1.0929638, -0.036779843, 1.676787, 0.0032846774, 0.37351784, -0.6815218, 0.6292867, 1598.7919, 1598.7919, 955.4182, 717.8249, , 
65719.537976458, 004501, -1.0903744, -0.036854737, 1.6826202, 0.0070355088, 0.3720753, -0.6808999, 0.6307819, 1598.7919, 1598.7919, 955.42065, 717.827, , 
65719.571314541, 004502, -1.0862932, -0.037636787, 1.6938726, 0.013738938, 0.36916006, -0.6800927, 0.63325036, 1599.2438, 1599.2438, 955.4254, 717.8306, , 
65719.587983458, 004503, -1.0846672, -0.038168818, 1.6992892, 0.01673859, 0.3674111, -0.6801974, 0.6340823, 1599.2438, 1599.2438, 955.4267, 717.8304, , 
65719.604652541, 004504, -1.0826945, -0.038248733, 1.7049462, 0.019701941, 0.36559817, -0.68053967, 0.6346775, 1599.2438, 1599.2438, 955.42786, 717.8293, , 
65719.637990625, 004505, -1.0787255, -0.03827286, 1.7166867, 0.025535032, 0.36226204, -0.68137264, 0.6354884, 1599.2438, 1599.2438, 955.43097, 717.8258, , 
65719.6546595, 004506, -1.0768808, -0.03835564, 1.7227058, 0.028207535, 0.36062187, -0.6817755, 0.635876, 1599.2438, 1599.2438, 955.4321, 717.8243, , 
65719.687997541, 004507, -1.0748655, -0.040454395, 1.7346584, 0.033067606, 0.35725546, -0.68243855, 0.6368301, 1599.2438, 1599.2438, 955.43414, 717.821, , 
65719.704666666, 004508, -1.073644, -0.041052938, 1.7410223, 0.03536853, 0.35566717, -0.68268925, 0.63732666, 1599.2438, 1599.2438, 955.4348, 717.81976, , 
65719.721335708, 004509, -1.0724438, -0.041548677, 1.7476016, 0.037653953, 0.35411516, -0.6829199, 0.6378125, 1598.7919, 1598.7919, 955.43555, 717.8188, , 
65719.754673666, 004510, -1.070392, -0.04255905, 1.7613001, 0.04195041, 0.35123086, -0.6832745, 0.63875896, 1598.7919, 1598.7919, 955.4374, 717.81665, , 
65719.771342708, 004511, -1.069982, -0.04399064, 1.7679932, 0.043608323, 0.3499213, -0.6833377, 0.63929886, 1598.7919, 1598.7919, 955.43787, 717.81604, , 
65719.78801175, 004512, -1.0695755, -0.045281272, 1.7748536, 0.044781078, 0.34857652, -0.6834602, 0.6398213, 1598.7919, 1598.7919, 955.43774, 717.8151, , 
65719.821349583, 004513, -1.068238, -0.046541777, 1.789486, 0.04662174, 0.34574938, -0.68419397, 0.6404392, 1598.7919, 1598.7919, 955.43646, 717.8124, , 
65719.838018625, 004514, -1.0675446, -0.04703784, 1.7971574, 0.047569223, 0.3445317, -0.68457294, 0.6406207, 1598.7919, 1598.7919, 955.436, 717.8108, , 
65719.871356791, 004515, -1.0660874, -0.04856302, 1.8134913, 0.048679322, 0.34253335, -0.684857, 0.64130497, 1598.7919, 1598.7919, 955.43494, 717.8087, , 
65719.888025666, 004516, -1.0653657, -0.049492706, 1.8218935, 0.04838747, 0.34139267, -0.68485147, 0.6419409, 1599.2438, 1599.2438, 955.43353, 717.80853, , 
65719.904694708, 004517, -1.0648047, -0.05009761, 1.8299727, 0.047649957, 0.33999494, -0.6848389, 0.6427507, 1599.2438, 1599.2438, 955.4304, 717.80853, , 
65719.938032791, 004518, -1.063896, -0.0508705, 1.845862, 0.0456639, 0.3362624, -0.6849726, 0.6447129, 1599.2438, 1599.2438, 955.4239, 717.808, , 
65719.954701625, 004519, -1.0634953, -0.051207066, 1.8540043, 0.04445397, 0.33455053, -0.68484116, 0.6458269, 1599.2438, 1599.2438, 955.41925, 717.8081, , 
65719.971370666, 004520, -1.0621898, -0.05207488, 1.8636982, 0.043204304, 0.33385712, -0.6843235, 0.64681846, 1598.7919, 1598.7919, 955.4167, 717.8096, , 
65720.004708875, 004521, -1.0599703, -0.05327291, 1.8825804, 0.041887015, 0.33509228, -0.6829485, 0.647719, 1598.7919, 1598.7919, 955.416, 717.8152, , 
65720.021377833, 004522, -1.0591108, -0.053282786, 1.8910981, 0.04145704, 0.3352828, -0.68298995, 0.6476044, 1598.7919, 1598.7919, 955.416, 717.8156, , 
65720.054715791, 004523, -1.0575039, -0.05245252, 1.9067416, 0.04018968, 0.33316636, -0.68470454, 0.6469657, 1598.7919, 1598.7919, 955.41205, 717.8095, , 
65720.071384833, 004524, -1.0559165, -0.051812306, 1.915, 0.039597232, 0.33159304, -0.68571055, 0.646745, 1599.2438, 1599.2438, 955.4097, 717.8061, , 
65720.088053916, 004525, -1.0545644, -0.051207088, 1.9233212, 0.03910214, 0.33044797, -0.68631846, 0.64671636, 1599.2438, 1599.2438, 955.4077, 717.8036, , 
65720.121391833, 004526, -1.0531378, -0.050350342, 1.9400598, 0.038930498, 0.33183745, -0.6856552, 0.64671886, 1599.2438, 1599.2438, 955.4082, 717.805, , 
65720.138060916, 004527, -1.052483, -0.049909748, 1.9485071, 0.039106283, 0.33388886, -0.68484604, 0.6465097, 1598.7919, 1598.7919, 955.4105, 717.8078, , 
65720.171398958, 004528, -1.0511093, -0.048398975, 1.9641652, 0.038797576, 0.33636785, -0.6843991, 0.6457161, 1598.7919, 1598.7919, 955.414, 717.81067, , 
65720.188067791, 004529, -1.0494434, -0.046974875, 1.9720486, 0.038271893, 0.3361328, -0.68491685, 0.6453208, 1598.7919, 1598.7919, 955.4136, 717.80927, , 
65720.204736916, 004530, -1.0479558, -0.0456094, 1.9794457, 0.037644904, 0.33520186, -0.68568, 0.6450314, 1598.7919, 1598.7919, 955.41205, 717.8069, , 
65720.238074916, 004531, -1.0463386, -0.04391641, 1.9929026, 0.036599077, 0.33349213, -0.68701404, 0.64455813, 1599.2438, 1599.2438, 955.4083, 717.80133, , 
65720.254743833, 004532, -1.0456591, -0.04344056, 1.9996513, 0.036280543, 0.33317792, -0.6874487, 0.64427507, 1599.2438, 1599.2438, 955.40753, 717.7997, , 
65720.288082, 004533, -1.0422986, -0.042227156, 2.0152872, 0.035975646, 0.3333789, -0.6881179, 0.6434733, 1599.2438, 1599.2438, 955.4073, 717.7972, , 
65720.304750916, 004534, -1.0415704, -0.042002417, 2.0224104, 0.036047377, 0.33380222, -0.688509, 0.64283127, 1599.2438, 1599.2438, 955.4077, 717.79596, , 
65720.321420041, 004535, -1.0409203, -0.041887887, 2.0295687, 0.036227483, 0.33452064, -0.6888646, 0.64206624, 1599.2438, 1599.2438, 955.4089, 717.7943, , 
65720.354757958, 004536, -1.0397305, -0.041978337, 2.0439749, 0.03688151, 0.33658496, -0.6893525, 0.64042443, 1598.7919, 1598.7919, 955.4119, 717.79266, , 
65720.371427, 004537, -1.0377367, -0.04090034, 2.0535066, 0.03772085, 0.33746156, -0.68947226, 0.63978505, 1598.7919, 1598.7919, 955.41437, 717.79193, , 
65720.404764958, 004538, -1.0366541, -0.041213013, 2.0681493, 0.04010926, 0.3384492, -0.6894185, 0.6391757, 1599.2438, 1599.2438, 955.4182, 717.79175, , 
65720.421434, 004539, -1.0362964, -0.041577045, 2.0752726, 0.04155179, 0.3385545, -0.68918806, 0.63927615, 1599.2438, 1599.2438, 955.4198, 717.7923, , 
65720.438103083, 004540, -1.0359883, -0.0420195, 2.082348, 0.043145232, 0.33840573, -0.6888958, 0.6395644, 1599.2438, 1599.2438, 955.42206, 717.7933, , 
65720.471441125, 004541, -1.0351483, -0.042746566, 2.0976415, 0.046406355, 0.3375483, -0.68816835, 0.6405714, 1599.2438, 1599.2438, 955.4246, 717.7951, , 
65720.488109958, 004542, -1.0346518, -0.04304471, 2.105758, 0.048007876, 0.33696643, -0.6877654, 0.6411923, 1599.2438, 1599.2438, 955.4261, 717.79645, , 
65720.504779, 004543, -1.0342951, -0.043529224, 2.1132777, 0.049553093, 0.336432, -0.68738496, 0.6417631, 1599.2438, 1599.2438, 955.4271, 717.7974, , 
65720.538117166, 004544, -1.0334705, -0.04459457, 2.127957, 0.052106783, 0.33541736, -0.6868614, 0.64265186, 1599.2438, 1599.2438, 955.42914, 717.799, , 
65720.554786041, 004545, -1.0330033, -0.045137696, 2.135279, 0.053044956, 0.3347363, -0.68668395, 0.6431197, 1599.2438, 1599.2438, 955.4294, 717.7994, , 
65720.588124125, 004546, -1.0314488, -0.046729736, 2.1520705, 0.05499252, 0.3334074, -0.68606985, 0.6443007, 1599.2438, 1599.2438, 955.4298, 717.8006, , 
65720.604793166, 004547, -1.0308739, -0.047501214, 2.1599715, 0.05602193, 0.3327545, -0.68563026, 0.64501715, 1599.2438, 1599.2438, 955.4303, 717.8021, , 
65720.638131083, 004548, -1.0298114, -0.048999093, 2.1754858, 0.058158096, 0.33094168, -0.6847414, 0.6467028, 1599.2438, 1599.2438, 955.43054, 717.80457, , 
65720.654800125, 004549, -1.0291815, -0.04971799, 2.1832573, 0.059391588, 0.32989565, -0.6843501, 0.6475387, 1599.2438, 1599.2438, 955.4308, 717.80597, , 
65720.671469125, 004550, -1.0284809, -0.05099698, 2.1912804, 0.06087684, 0.3285683, -0.6841004, 0.648339, 1599.2438, 1599.2438, 955.43085, 717.8065, , 
65720.704807083, 004551, -1.0267357, -0.052772243, 2.2068782, 0.06407296, 0.324726, -0.68422645, 0.649832, 1599.2438, 1599.2438, 955.4298, 717.8051, , 
65720.721476125, 004552, -1.0257149, -0.053313322, 2.214532, 0.06580475, 0.32253167, -0.6843654, 0.6506051, 1599.2438, 1599.2438, 955.42926, 717.8041, , 
65720.754814208, 004553, -1.0235887, -0.054284632, 2.2297988, 0.06902611, 0.31778106, -0.6844361, 0.65253186, 1599.2438, 1599.2438, 955.4271, 717.8025, , 
65720.771483125, 004554, -1.0227945, -0.055443753, 2.2373338, 0.07013234, 0.31510735, -0.6845012, 0.6536412, 1599.2438, 1599.2438, 955.4254, 717.8018, , 
65720.788152166, 004555, -1.0219057, -0.05649117, 2.244886, 0.071096234, 0.3123554, -0.68460155, 0.65475184, 1599.2438, 1599.2438, 955.42334, 717.8011, , 
65720.82149025, 004556, -1.0196028, -0.05760501, 2.2604542, 0.072958514, 0.3070721, -0.6846908, 0.65694916, 1599.2438, 1599.2438, 955.4186, 717.7995, , 
65720.838159291, 004557, -1.0184482, -0.058032908, 2.268584, 0.07424391, 0.30477485, -0.6844075, 0.6581691, 1598.7919, 1598.7919, 955.4172, 717.7996, , 
65720.87149725, 004558, -1.0165157, -0.058657777, 2.2858174, 0.07817155, 0.3003178, -0.6830981, 0.6611168, 1598.7919, 1598.7919, 955.41614, 717.8027, , 
65720.888166291, 004559, -1.0157162, -0.058786508, 2.2947855, 0.08056527, 0.29829568, -0.68212354, 0.662749, 1598.7919, 1598.7919, 955.4162, 717.8049, , 
65720.90483525, 004560, -1.0149113, -0.058658227, 2.3036075, 0.08331483, 0.2968307, -0.68089014, 0.66433334, 1598.7919, 1598.7919, 955.4173, 717.80774, , 
65720.938173208, 004561, -1.0132772, -0.057748, 2.3207593, 0.08994878, 0.29441017, -0.6786727, 0.66680974, 1599.2438, 1599.2438, 955.4226, 717.81433, , 
65720.954842291, 004562, -1.0124564, -0.05699616, 2.3288884, 0.09335798, 0.29275638, -0.6779598, 0.66779375, 1599.2438, 1599.2438, 955.4248, 717.8157, , 
65720.988180375, 004563, -1.0117872, -0.056240506, 2.3430817, 0.09955542, 0.28804803, -0.6769299, 0.6699871, 1599.2438, 1599.2438, 955.4275, 717.8167, , 
65721.00484925, 004564, -1.0112482, -0.05549098, 2.3501642, 0.10237784, 0.2850041, -0.6765519, 0.6712444, 1599.2438, 1599.2438, 955.4275, 717.81665, , 
65721.038187291, 004565, -1.010188, -0.053901814, 2.3642821, 0.10787134, 0.27816203, -0.6756983, 0.6741079, 1599.2438, 1599.2438, 955.4259, 717.81665, , 
65721.054856375, 004566, -1.0097506, -0.053166546, 2.3713334, -0.11068907, -0.27466813, 0.6752294, -0.67555195, 1599.2438, 1599.2438, 955.4252, 717.8167, , 
65721.088194291, 004567, -1.0095086, -0.052106716, 2.385494, -0.116430774, -0.26790988, 0.6743447, -0.67817926, 1599.2438, 1599.2438, 955.42377, 717.8164, , 
65721.104863416, 004568, -1.0094733, -0.051548798, 2.3924809, -0.119115785, -0.2646996, 0.6739651, -0.6793501, 1599.2438, 1599.2438, 955.42334, 717.8161, , 
65721.121532416, 004569, -1.0094547, -0.050921716, 2.3993301, -0.12159845, -0.26143688, 0.6736334, -0.68050164, 1599.2438, 1599.2438, 955.4225, 717.81573, , 
65721.154870375, 004570, -1.0095661, -0.049733683, 2.412791, -0.12615962, -0.25532308, 0.6728044, -0.6828089, 1599.2438, 1599.2438, 955.42053, 717.81537, , 
65721.171539416, 004571, -1.0100619, -0.049912985, 2.420045, -0.12837613, -0.25289464, 0.67221254, -0.68388164, 1598.7919, 1598.7919, 955.42017, 717.8158, , 
65721.204877541, 004572, -1.0106997, -0.049892943, 2.4340253, -0.13272786, -0.24958931, 0.6711954, -0.685263, 1599.2438, 1599.2438, 955.4213, 717.8168, , 
65721.221546416, 004573, -1.0107898, -0.04961859, 2.4406056, -0.1347183, -0.24835344, 0.6710608, -0.6854553, 1599.2438, 1599.2438, 955.42224, 717.8163, , 
65721.238215458, 004574, -1.0108249, -0.049362943, 2.4470277, -0.13651247, -0.24721065, 0.6711813, -0.68539536, 1599.2438, 1599.2438, 955.4231, 717.8145, , 
65721.2715535, 004575, -1.0108619, -0.049622428, 2.4613006, -0.14032575, -0.24581575, 0.67145956, -0.6848542, 1599.2438, 1599.2438, 955.4253, 717.8112, , 
65721.2882225, 004576, -1.0109158, -0.050163954, 2.469062, -0.14250071, -0.24555854, 0.6713916, -0.684564, 1599.2438, 1599.2438, 955.428, 717.80963, , 
65721.304891416, 004577, -1.0110216, -0.050717622, 2.4760466, -0.1447033, -0.2453535, 0.67115325, -0.6844091, 1599.2438, 1599.2438, 955.4302, 717.80896, , 
65721.338229541, 004578, -1.0115011, -0.05221237, 2.4895031, -0.14870813, -0.24487409, 0.6702079, -0.68464875, 1598.7919, 1598.7919, 955.43445, 717.80927, , 
65721.354898583, 004579, -1.011919, -0.05316993, 2.4962077, -0.15072568, -0.24448718, 0.6695737, -0.6849662, 1598.7919, 1598.7919, 955.43713, 717.81024, , 
65721.3715675, 004580, -1.0120398, -0.054118134, 2.5046482, -0.15287271, -0.24402787, 0.6689589, -0.6852549, 1598.7919, 1598.7919, 955.43915, 717.811, , 
65721.404905541, 004581, -1.0127574, -0.056268733, 2.520432, -0.15772942, -0.24302164, 0.6680786, -0.68537056, 1598.7919, 1598.7919, 955.44446, 717.8109, , 
65721.421574625, 004582, -1.0133561, -0.057501815, 2.5278912, -0.16048463, -0.24298751, 0.66766673, -0.6851444, 1599.2438, 1599.2438, 955.4475, 717.8103, , 
65721.438243666, 004583, -1.0140321, -0.058857497, 2.5355508, -0.1633453, -0.24358776, 0.6670779, -0.68482864, 1599.2438, 1599.2438, 955.4515, 717.8101, , 
65721.471581541, 004584, -1.015384, -0.06147862, 2.5524359, -0.16718206, -0.24556366, 0.66594464, -0.68429995, 1598.7919, 1598.7919, 955.4609, 717.8113, , 
65721.488250625, 004585, -1.0160526, -0.06250704, 2.5611434, -0.16739807, -0.24595463, 0.6658017, -0.6842457, 1598.7919, 1598.7919, 955.4623, 717.81165, , 
65721.504919708, 004586, -1.0168254, -0.06336637, 2.569063, -0.1666563, -0.24588287, 0.6658642, -0.68439174, 1598.7919, 1598.7919, 955.4614, 717.812, , 
65721.5382575, 004587, -1.0187395, -0.06478597, 2.5845714, -0.16390838, -0.24528009, 0.66578627, -0.6853468, 1599.2438, 1599.2438, 955.4575, 717.81366, , 
65721.554926625, 004588, -1.0198115, -0.065412775, 2.5924964, -0.16217658, -0.2450864, 0.66554546, -0.6860617, 1599.2438, 1599.2438, 955.4546, 717.8161, , 
65721.571595666, 004589, -1.0210391, -0.06593235, 2.6015637, -0.1602732, -0.24486588, 0.66537696, -0.68675077, 1599.2438, 1599.2438, 955.45215, 717.81793, , 
65721.604933625, 004590, -1.0232708, -0.066500194, 2.6190114, -0.15623516, -0.24360745, 0.6656133, -0.6878989, 1598.7919, 1598.7919, 955.4462, 717.8201, , 
65721.621602666, 004591, -1.0243096, -0.06655967, 2.627433, -0.1542008, -0.2425957, 0.6659926, -0.6883481, 1598.7919, 1598.7919, 955.44135, 717.8202, , 
65721.63827175, 004592, -1.0253835, -0.066589765, 2.6360922, -0.15246584, -0.24199137, 0.6662349, -0.6887127, 1598.7919, 1598.7919, 955.4382, 717.82025, , 
65721.671609625, 004593, -1.0275726, -0.066566795, 2.6550772, -0.15081146, -0.24319467, 0.6659425, -0.688936, 1598.7919, 1598.7919, 955.4369, 717.8224, , 
65721.688278625, 004594, -1.0286428, -0.06634594, 2.664992, -0.15073858, -0.24429527, 0.6658214, -0.6886796, 1598.7919, 1598.7919, 955.438, 717.823, , 
65721.70494775, 004595, -1.0297499, -0.06595452, 2.674395, -0.15075517, -0.24526991, 0.6659115, -0.68824226, 1598.7919, 1598.7919, 955.43915, 717.82294, , 
65721.738285791, 004596, -1.0320605, -0.0646796, 2.69213, -0.15014015, -0.2462923, 0.6666685, -0.68727803, 1598.7919, 1598.7919, 955.44006, 717.82086, , 
65721.754954666, 004597, -1.0333141, -0.06377809, 2.700484, -0.14938006, -0.24585484, 0.66737986, -0.6869098, 1598.7919, 1598.7919, 955.4388, 717.8191, , 
65721.771623666, 004598, -1.0344511, -0.06262209, 2.7087233, -0.14844099, -0.24488084, 0.66809535, -0.68676585, 1598.7919, 1598.7919, 955.4367, 717.81714, , 
65721.804961791, 004599, -1.0376581, -0.0606662, 2.725389, -0.14675967, -0.24439633, 0.6682122, -0.6871859, 1599.2438, 1599.2438, 955.43286, 717.81635, , 
65721.821630666, 004600, -1.0394357, -0.059823476, 2.7340162, -0.146292, -0.24544042, 0.6675079, -0.6875979, 1599.2438, 1599.2438, 955.4332, 717.8185, , 
65721.854968708, 004601, -1.0429012, -0.057949673, 2.7509048, -0.14530177, -0.24791996, 0.6661413, -0.6882432, 1599.2438, 1599.2438, 955.4361, 717.8251, , 
65721.871637875, 004602, -1.044584, -0.056511883, 2.7587833, -0.14433035, -0.24827312, 0.66608804, -0.6883719, 1599.2438, 1599.2438, 955.436, 717.8263, , 
65721.888306833, 004603, -1.0461618, -0.05505706, 2.7662213, -0.1430559, -0.24799141, 0.66641974, -0.68841845, 1599.2438, 1599.2438, 955.4339, 717.82605, , 
65721.921644833, 004604, -1.0489295, -0.052704632, 2.7803402, -0.13998443, -0.24701701, 0.66754234, -0.6883126, 1599.2438, 1599.2438, 955.42914, 717.82416, , 
65721.938313875, 004605, -1.0501407, -0.051751222, 2.7872775, -0.13819654, -0.24683021, 0.66820884, -0.6880941, 1599.2438, 1599.2438, 955.4259, 717.82263, , 
65721.954982916, 004606, -1.0512348, -0.05090625, 2.7941878, -0.13631359, -0.24676885, 0.6690493, -0.6876748, 1599.2438, 1599.2438, 955.4235, 717.82104, , 
65721.98832075, 004607, -1.0531615, -0.049062166, 2.8085392, -0.13262686, -0.24701051, 0.67119944, -0.6862122, 1598.7919, 1598.7919, 955.41833, 717.8152, , 
65722.004989791, 004608, -1.0541165, -0.04855268, 2.8158925, -0.13122524, -0.24781547, 0.67201555, -0.68539226, 1598.7919, 1598.7919, 955.4172, 717.8131, , 
65722.038327958, 004609, -1.0559889, -0.048135713, 2.831258, -0.13043812, -0.25113583, 0.67270696, -0.6836534, 1598.7919, 1598.7919, 955.4196, 717.8109, , 
65722.054996875, 004610, -1.0568187, -0.048022643, 2.8390555, -0.130897, -0.25304645, 0.672923, -0.68264776, 1599.2438, 1599.2438, 955.4222, 717.8101, , 
65722.071665916, 004611, -1.0576311, -0.047682244, 2.8475194, -0.13178179, -0.25463834, 0.67322904, -0.68158317, 1599.2438, 1599.2438, 955.4247, 717.8089, , 
65722.105004041, 004612, -1.0591327, -0.047147296, 2.863194, -0.13411026, -0.25626832, 0.6740194, -0.6797344, 1599.2438, 1599.2438, 955.42993, 717.8046, , 
65722.121672875, 004613, -1.0599364, -0.047092326, 2.8704429, -0.13517982, -0.25654563, 0.6741511, -0.67928714, 1599.2438, 1599.2438, 955.4316, 717.80334, , 
65722.155011, 004614, -1.0617335, -0.04745496, 2.8848016, -0.13670148, -0.2570307, 0.6734523, -0.6794924, 1598.7919, 1598.7919, 955.43445, 717.80444, , 
65722.17168, 004615, -1.0626746, -0.04777897, 2.8920114, -0.1373523, -0.25720367, 0.67284447, -0.6798976, 1598.7919, 1598.7919, 955.43555, 717.8061, , 
65722.205017875, 004616, -1.064159, -0.04838018, 2.9079106, -0.13806048, -0.25723833, 0.67170805, -0.6808641, 1598.7919, 1598.7919, 955.437, 717.80963, , 
65722.221686958, 004617, -1.0649865, -0.04871852, 2.9153872, -0.13808101, -0.25705177, 0.6713624, -0.68127114, 1598.7919, 1598.7919, 955.4369, 717.8107, , 
65722.238355958, 004618, -1.0657741, -0.04910032, 2.92293, -0.13798417, -0.25693452, 0.6711471, -0.68154716, 1598.7919, 1598.7919, 955.4367, 717.8115, , 
65722.271693958, 004619, -1.0672269, -0.050097443, 2.9385679, -0.13805006, -0.25722674, 0.6708939, -0.6816729, 1598.7919, 1598.7919, 955.4369, 717.8125, , 
65722.288363, 004620, -1.0677942, -0.051995657, 2.9469118, -0.13820878, -0.2576371, 0.6707609, -0.68161654, 1598.7919, 1598.7919, 955.4375, 717.81287, , 
65722.321701041, 004621, -1.0690573, -0.05398676, 2.9636917, -0.13861318, -0.2581592, 0.67047006, -0.6816231, 1598.7919, 1598.7919, 955.43854, 717.81366, , 
65722.338370125, 004622, -1.0696915, -0.05474177, 2.9721174, -0.13883488, -0.25784412, 0.67040455, -0.6817617, 1598.7919, 1598.7919, 955.43854, 717.8138, , 
65722.355039, 004623, -1.0703056, -0.05541286, 2.980554, -0.13906068, -0.2570494, 0.6704349, -0.68198586, 1598.7919, 1598.7919, 955.438, 717.8136, , 
65722.388377083, 004624, -1.0718629, -0.057038102, 2.9990807, -0.13943478, -0.25472006, 0.6707307, -0.68249243, 1598.7919, 1598.7919, 955.4354, 717.81213, , 
65722.405046125, 004625, -1.0724043, -0.057533182, 3.0079105, -0.13955797, -0.2533592, 0.67103326, -0.6826763, 1599.2438, 1599.2438, 955.434, 717.81104, , 
65722.438384083, 004626, -1.0731025, -0.057960197, 3.0252774, -0.13913368, -0.25042608, 0.67211926, -0.68277687, 1599.2438, 1599.2438, 955.42957, 717.8072, , 
65722.455053125, 004627, -1.0733112, -0.057886455, 3.0338032, -0.13833964, -0.2486924, 0.6729491, -0.6827546, 1599.2438, 1599.2438, 955.4268, 717.8049, , 
65722.488390958, 004628, -1.0737122, -0.057582874, 3.0508363, -0.13542005, -0.24460708, 0.6748543, -0.682935, 1599.2438, 1599.2438, 955.4177, 717.79895, , 
65722.505060041, 004629, -1.0739018, -0.057217635, 3.0592902, -0.13354912, -0.24272557, 0.67570347, -0.6831352, 1598.7919, 1598.7919, 955.4133, 717.7967, , 
65722.521729125, 004630, -1.0741267, -0.056845017, 3.067954, -0.1318004, -0.24147984, 0.6762192, -0.68340594, 1599.2438, 1599.2438, 955.4097, 717.79535, , 
65722.55506725, 004631, -1.0746942, -0.05596881, 3.085951, -0.12913884, -0.24053791, 0.6764864, -0.68398166, 1599.2438, 1599.2438, 955.4046, 717.79535, , 
65722.571736125, 004632, -1.075032, -0.055430315, 3.0952067, -0.12840042, -0.24045146, 0.67653173, -0.6841061, 1599.2438, 1599.2438, 955.40344, 717.79565, , 
65722.605074208, 004633, -1.0754604, -0.0540192, 3.1138182, -0.12886542, -0.24082936, 0.6768802, -0.6835409, 1599.2438, 1599.2438, 955.4037, 717.7945, , 
65722.621743166, 004634, -1.0755465, -0.05324741, 3.1231194, -0.12988642, -0.24124649, 0.6771245, -0.68295836, 1599.2438, 1599.2438, 955.40485, 717.7932, , 
65722.655081166, 004635, -1.0753465, -0.051844526, 3.1416507, -0.13230999, -0.24313124, 0.6775822, -0.6813688, 1598.7919, 1598.7919, 955.4097, 717.7903, , 
65722.67175025, 004636, -1.0750842, -0.05119637, 3.1507986, -0.13342467, -0.24439818, 0.6780655, -0.6802165, 1598.7919, 1598.7919, 955.4123, 717.7884, , 
65722.688419208, 004637, -1.0746706, -0.050599553, 3.159677, -0.1341407, -0.24552076, 0.6787705, -0.6789671, 1598.7919, 1598.7919, 955.4149, 717.78503, , 
65722.721757125, 004638, -1.0736685, -0.04971376, 3.1767519, 0.13455439, 0.24725556, -0.68035316, 0.6766677, 1599.2438, 1599.2438, 955.4173, 717.7795, , 
65722.738426208, 004639, -1.0732691, -0.0495129, 3.1852024, 0.13463922, 0.24825048, -0.6808463, 0.6757902, 1599.2438, 1599.2438, 955.41864, 717.777, , 
65722.771764291, 004640, -1.0729362, -0.049452085, 3.2015386, 0.13558906, 0.2502264, -0.6809877, 0.67472804, 1599.2438, 1599.2438, 955.42194, 717.77576, , 
65722.788433166, 004641, -1.0730325, -0.049454607, 3.2093797, 0.13657406, 0.25086704, -0.68077, 0.6745112, 1599.2438, 1599.2438, 955.42377, 717.77594, , 
65722.82177125, 004642, -1.0735471, -0.049521115, 3.2254522, 0.13959786, 0.25169784, -0.6796903, 0.67467165, 1599.2438, 1599.2438, 955.42865, 717.77765, , 
65722.838440375, 004643, -1.0738902, -0.04958327, 3.2334483, 0.14148188, 0.25222102, -0.678946, 0.674833, 1598.7919, 1598.7919, 955.43146, 717.77905, , 
65722.855109375, 004644, -1.0742334, -0.049650643, 3.2413476, 0.14319101, 0.2529268, -0.6781945, 0.674964, 1598.7919, 1598.7919, 955.4353, 717.781, , 
65722.88844725, 004645, -1.0757481, -0.050050393, 3.256356, 0.14480473, 0.25460187, -0.67710185, 0.675087, 1598.7919, 1598.7919, 955.4397, 717.78375, , 
65722.905116333, 004646, -1.0762129, -0.050188825, 3.2637982, 0.14469366, 0.25571555, -0.67679256, 0.6750001, 1598.7919, 1598.7919, 955.4416, 717.78534, , 
65722.938454333, 004647, -1.0770432, -0.050554883, 3.2786944, 0.14330895, 0.25858644, -0.6765174, 0.6744773, 1598.7919, 1598.7919, 955.4434, 717.7872, , 
65722.955123333, 004648, -1.0775273, -0.050849516, 3.2862527, 0.14226861, 0.2603942, -0.6764446, 0.674075, 1598.7919, 1598.7919, 955.4447, 717.7885, , 
65722.988461416, 004649, -1.0791482, -0.052649207, 3.3014836, 0.13963781, 0.26464114, -0.6762188, 0.6731972, 1599.2438, 1599.2438, 955.4468, 717.79065, , 
65723.005130375, 004650, -1.0798687, -0.05340222, 3.3094347, 0.13805278, 0.26699352, -0.67613894, 0.6726753, 1599.2438, 1599.2438, 955.44806, 717.7924, , 
65723.038468333, 004651, -1.0813515, -0.054904886, 3.325747, 0.13433017, 0.27167174, -0.6761857, 0.67150766, 1599.2438, 1599.2438, 955.4496, 717.7946, , 
65723.055137416, 004652, -1.0821238, -0.055638187, 3.3340592, 0.13215227, 0.2738078, -0.67641515, 0.670841, 1599.2438, 1599.2438, 955.4496, 717.7955, , 
65723.071806416, 004653, -1.0830146, -0.05665803, 3.342118, 0.12984864, 0.2759269, -0.676739, 0.67009556, 1599.2438, 1599.2438, 955.44946, 717.7958, , 
65723.105144375, 004654, -1.0846936, -0.058386374, 3.3591626, 0.12466495, 0.2808974, -0.6773996, 0.66834503, 1599.2438, 1599.2438, 955.4492, 717.7965, , 
65723.121813333, 004655, -1.0854335, -0.059004888, 3.3680904, 0.12158479, 0.28356484, -0.67783296, 0.667346, 1599.2438, 1599.2438, 955.4489, 717.79694, , 
65723.155151541, 004656, -1.0867999, -0.059861515, 3.3861678, 0.114287555, 0.28854793, -0.6792, 0.66510576, 1599.2438, 1599.2438, 955.4465, 717.7963, , 
65723.171820416, 004657, -1.0876629, -0.060216468, 3.394964, 0.11026712, 0.29092082, -0.6800429, 0.66388845, 1598.7919, 1598.7919, 955.44403, 717.79517, , 
65723.205158458, 004658, -1.0889912, -0.06069663, 3.4131434, 0.10200465, 0.2958658, -0.6818166, 0.6611994, 1598.7919, 1598.7919, 955.4402, 717.7929, , 
65723.221827458, 004659, -1.0894463, -0.06081222, 3.4225526, 0.09783441, 0.29834574, -0.68275046, 0.6597499, 1598.7919, 1598.7919, 955.4376, 717.79114, , 
65723.255165458, 004660, -1.0901192, -0.06084739, 3.4418576, 0.08975681, 0.30363205, -0.68461263, 0.65654916, 1598.7919, 1598.7919, 955.4344, 717.78796, , 
65723.271834458, 004661, -1.090447, -0.06084932, 3.4523551, 0.08624238, 0.30712074, -0.68539065, 0.65458274, 1598.7919, 1598.7919, 955.434, 717.7867, , 
65723.305172583, 004662, -1.0904368, -0.06038032, 3.472801, 0.08030994, 0.31457373, -0.687556, 0.64950776, 1598.7919, 1598.7919, 955.4366, 717.78186, , 
65723.3218415, 004663, -1.0901986, -0.05976208, 3.48228, 0.07712493, 0.3174403, -0.6893049, 0.64663905, 1598.7919, 1598.7919, 955.43713, 717.7776, , 
65723.3551795, 004664, -1.0896901, -0.05798734, 3.5001907, 0.06887179, 0.3213894, -0.6932856, 0.6413428, 1598.7919, 1598.7919, 955.43353, 717.7648, , 
65723.371848583, 004665, -1.0892695, -0.057259355, 3.5092685, 0.06412485, 0.32342398, -0.6950001, 0.638952, 1598.7919, 1598.7919, 955.4308, 717.75977, , 
65723.388517416, 004666, -1.0887514, -0.056564666, 3.5185826, 0.0596887, 0.32644132, -0.69619906, 0.6365376, 1599.2438, 1599.2438, 955.42865, 717.755, , 
65723.421855583, 004667, -1.0872443, -0.05505577, 3.5377831, 0.053517837, 0.33637992, -0.69716585, 0.6308281, 1598.7919, 1598.7919, 955.433, 717.7531, , 
65723.438524583, 004668, -1.0861485, -0.054125205, 3.547225, 0.05163915, 0.34200776, -0.6976908, 0.6273688, 1598.7919, 1598.7919, 955.4398, 717.75214, , 
65723.455193666, 004669, -1.0848783, -0.052939165, 3.556077, 0.049675126, 0.34689328, -0.6987058, 0.62370473, 1599.2438, 1599.2438, 955.4446, 717.74976, , 
65723.471862583, 004670, -1.0837637, -0.051797774, 3.564034, 0.046945076, 0.3506478, -0.7000868, 0.6202586, 1599.2438, 1599.2438, 955.44775, 717.746, , 
65723.505200583, 004671, -1.0815303, -0.04918946, 3.578108, 0.037913125, 0.35550818, -0.7028767, 0.6149316, 1599.2438, 1599.2438, 955.446, 717.736, , 
65723.521869666, 004672, -1.0804259, -0.04804605, 3.5847049, 0.032230813, 0.35759023, -0.70367676, 0.6131308, 1599.2438, 1599.2438, 955.4426, 717.7333, , 
65723.538538583, 004673, -1.0793172, -0.047199633, 3.591294, 0.026422916, 0.36001343, -0.70397115, 0.61165076, 1598.7919, 1598.7919, 955.439, 717.73206, , 
65723.555207625, 004674, -1.0781271, -0.046646077, 3.598007, 0.020752462, 0.36293596, -0.7038826, 0.6102427, 1598.7919, 1598.7919, 955.43506, 717.73236, , 
65723.588545625, 004675, -1.0752158, -0.046622615, 3.6126478, 0.010583736, 0.3701229, -0.7032921, 0.60685843, 1598.7919, 1598.7919, 955.4318, 717.73456, , 
65723.605214541, 004676, -1.073407, -0.04669021, 3.6199143, 0.0063351225, 0.3743356, -0.7031554, 0.6044876, 1598.7919, 1598.7919, 955.4321, 717.7354, , 
65723.621883583, 004677, -1.0713185, -0.046835836, 3.6271904, 0.0027375175, 0.3789581, -0.70322144, 0.60155034, 1598.7919, 1598.7919, 955.4339, 717.7354, , 
65723.638552708, 004678, -1.0689765, -0.04707533, 3.634446, -0.00039791284, 0.3837922, -0.70346636, 0.59819597, 1598.7919, 1598.7919, 955.4368, 717.73474, , 
65723.655221708, 004679, -1.0664351, -0.04741357, 3.6416407, -0.0032912625, 0.38869673, -0.70379394, 0.59462434, 1598.7919, 1598.7919, 955.4416, 717.73346, , 
65723.688559625, 004680, -1.0611352, -0.04829774, 3.6582696, -0.008319238, 0.39802313, -0.704396, 0.58765185, 1599.2438, 1599.2438, 955.4492, 717.73145, , 
65723.705228625, 004681, -1.0584049, -0.048806556, 3.665599, -0.010450367, 0.40215904, -0.70455706, 0.58460087, 1598.7919, 1598.7919, 955.4542, 717.73065, , 
65723.721897708, 004682, -1.0556543, -0.049307533, 3.6725695, -0.012610338, 0.40580904, -0.70461524, 0.5819599, 1598.7919, 1598.7919, 955.4574, 717.73047, , 
65723.738566708, 004683, -1.0529447, -0.04978394, 3.6793435, -0.015007859, 0.40888438, -0.70452577, 0.57985485, 1598.7919, 1598.7919, 955.45935, 717.73047, , 
65723.755235666, 004684, -1.0502963, -0.05023773, 3.686012, -0.017623018, 0.41139084, -0.70431995, 0.57825637, 1598.7919, 1598.7919, 955.4604, 717.7309, , 
65723.78857375, 004685, -1.0454056, -0.05059413, 3.70345, -0.023502776, 0.41552892, -0.70356715, 0.57600045, 1598.7919, 1598.7919, 955.4591, 717.7323, , 
65723.805242791, 004686, -1.042658, -0.051042687, 3.7109325, -0.026793733, 0.41757098, -0.70305914, 0.5749996, 1598.7919, 1598.7919, 955.4575, 717.73376, , 
65723.821911875, 004687, -1.0396892, -0.051623844, 3.7181704, -0.030226603, 0.41976893, -0.70250183, 0.57390904, 1598.7919, 1598.7919, 955.45624, 717.735, , 
65723.838580708, 004688, -1.0364904, -0.05228361, 3.7254395, -0.03368463, 0.42211154, -0.7020293, 0.5725749, 1598.7919, 1598.7919, 955.4552, 717.7359, , 
65723.855249708, 004689, -1.0330707, -0.05303213, 3.7328336, -0.037165605, 0.42463723, -0.70159394, 0.5710235, 1598.7919, 1598.7919, 955.45447, 717.7367, , 
65723.871918791, 004690, -1.0295478, -0.053812746, 3.741373, -0.040429074, 0.427166, -0.7012944, 0.5692809, 1598.7919, 1598.7919, 955.4539, 717.7372, , 
65723.905256666, 004691, -1.021995, -0.05546923, 3.7579017, -0.046358626, 0.4319038, -0.7011, 0.56548095, 1598.7919, 1598.7919, 955.4539, 717.73663, , 
65723.921925708, 004692, -1.0179965, -0.056285672, 3.765805, -0.04888003, 0.43395308, -0.7012299, 0.56353533, 1598.7919, 1598.7919, 955.45435, 717.73535, , 
65723.938594708, 004693, -1.0138845, -0.057055563, 3.7736998, -0.051152036, 0.43571165, -0.7014819, 0.56166005, 1598.7919, 1598.7919, 955.4547, 717.73395, , 
65723.955263875, 004694, -1.0097224, -0.057766818, 3.781603, -0.05315338, 0.43716654, -0.701788, 0.55995864, 1598.7919, 1598.7919, 955.4551, 717.73236, , 
65723.971932875, 004695, -1.0057843, -0.058548104, 3.7903178, -0.054941356, 0.43820423, -0.70216876, 0.5584958, 1598.7919, 1598.7919, 955.4552, 717.73, , 
65724.005270791, 004696, -0.99788696, -0.0596372, 3.8068757, -0.05848196, 0.4390456, -0.7031614, 0.5562219, 1599.2438, 1599.2438, 955.4538, 717.7256, , 
65724.021939875, 004697, -0.99384797, -0.05985151, 3.8147528, -0.060255956, 0.43903205, -0.70389986, 0.5551081, 1599.2438, 1599.2438, 955.45264, 717.7227, , 
65724.038608875, 004698, -0.989742, -0.059879065, 3.8227057, -0.06186506, 0.43890965, -0.70477253, 0.5539194, 1599.2438, 1599.2438, 955.4511, 717.71796, , 
65724.055277791, 004699, -0.98549116, -0.05986507, 3.8309512, -0.06300261, 0.4394809, -0.7053375, 0.5526175, 1599.2438, 1599.2438, 955.451, 717.7151, , 
65724.071946791, 004700, -0.981682, -0.059640672, 3.8392406, -0.06344633, 0.44138187, -0.70526016, 0.55114853, 1598.7919, 1598.7919, 955.45264, 717.7144, , 
65724.105284916, 004701, -0.97350353, -0.058917534, 3.8561869, -0.06329646, 0.44640368, -0.7044614, 0.54813457, 1598.7919, 1598.7919, 955.46075, 717.7183, , 
65724.121953916, 004702, -0.9692223, -0.058183268, 3.8644214, -0.06307621, 0.44814405, -0.7045753, 0.5465913, 1598.7919, 1598.7919, 955.46387, 717.7187, , 
65724.138622833, 004703, -0.96491826, -0.057238635, 3.8724911, -0.061911058, 0.44956264, -0.70513433, 0.5448357, 1598.7919, 1598.7919, 955.469, 717.7174, , 
65724.155291875, 004704, -0.9606184, -0.056155074, 3.8804362, -0.05922833, 0.45068976, -0.7062253, 0.54278594, 1599.2438, 1599.2438, 955.4749, 717.7152, , 
65724.171960916, 004705, -0.9563165, -0.05493279, 3.8880646, -0.05550879, 0.45099443, -0.70786583, 0.5407853, 1598.7919, 1598.7919, 955.48206, 717.7118, , 
65724.188629916, 004706, -0.95248175, -0.053622615, 3.8954446, -0.05161571, 0.4501928, -0.7097152, 0.53941315, 1598.7919, 1598.7919, 955.4902, 717.70557, , 
65724.221967875, 004707, -0.94684166, -0.05133803, 3.909988, -0.046023, 0.44697556, -0.71165746, 0.54003555, 1598.7919, 1598.7919, 955.49506, 717.69934, , 
65724.238636958, 004708, -0.94474494, -0.050666254, 3.917353, -0.044322323, 0.44600436, -0.711147, 0.5416508, 1598.7919, 1598.7919, 955.49493, 717.70123, , 
65724.255306, 004709, -0.94286907, -0.050326586, 3.92475, -0.043002166, 0.44571292, -0.70998883, 0.54351324, 1598.7919, 1598.7919, 955.49445, 717.7052, , 
65724.271975041, 004710, -0.941284, -0.050197225, 3.9320655, -0.042031445, 0.44587195, -0.70862657, 0.5452338, 1598.7919, 1598.7919, 955.49414, 717.7101, , 
65724.288643916, 004711, -0.9396209, -0.050287336, 3.939219, -0.041546203, 0.4463948, -0.70727676, 0.54659414, 1598.7919, 1598.7919, 955.4939, 717.71497, , 
65724.305312958, 004712, -0.9377434, -0.050577365, 3.946184, -0.04157642, 0.44717965, -0.70608413, 0.5474915, 1598.7919, 1598.7919, 955.49365, 717.72064, , 
65724.338651, 004713, -0.933619, -0.05170379, 3.9597185, -0.042796537, 0.44971597, -0.70407856, 0.54790276, 1598.7919, 1598.7919, 955.494, 717.72736, , 
65724.355319875, 004714, -0.931398, -0.052562334, 3.9663877, -0.043688864, 0.45136243, -0.70312953, 0.5476971, 1598.7919, 1598.7919, 955.49457, 717.73145, , 
65724.371988916, 004715, -0.9289667, -0.053345334, 3.9726782, -0.04459006, 0.4530927, -0.7022844, 0.54727995, 1598.7919, 1598.7919, 955.4955, 717.7343, , 
65724.388658, 004716, -0.9262887, -0.054304197, 3.9790335, -0.04522277, 0.45497862, -0.70151436, 0.5466506, 1598.7919, 1598.7919, 955.49677, 717.73706, , 
65724.405327083, 004717, -0.92335606, -0.05554104, 3.98571, -0.04535282, 0.45719782, -0.70074046, 0.5457803, 1598.7919, 1598.7919, 955.50006, 717.7407, , 
65724.421996083, 004718, -0.92020005, -0.056932904, 3.9926128, -0.044939153, 0.459677, -0.7000341, 0.54463726, 1598.7919, 1598.7919, 955.5039, 717.7435, , 
65724.455334, 004719, -0.9133512, -0.059865855, 4.0067744, -0.043352142, 0.46501517, -0.69907534, 0.5414564, 1598.7919, 1598.7919, 955.5161, 717.74884, , 
65724.472003041, 004720, -0.90989834, -0.06116596, 4.013287, -0.043054964, 0.46738333, -0.6990116, 0.53952, 1598.7919, 1598.7919, 955.521, 717.7497, , 
65724.488672125, 004721, -0.9062624, -0.0623104, 4.019814, -0.04336756, 0.4693382, -0.6991965, 0.53755474, 1598.7919, 1598.7919, 955.5248, 717.7495, , 
65724.505341, 004722, -0.9023412, -0.06331905, 4.0266767, -0.044050053, 0.47090644, -0.69952005, 0.53570366, 1598.7919, 1598.7919, 955.5283, 717.74817, , 
65724.522010041, 004723, -0.8982048, -0.06423325, 4.03378, -0.044886295, 0.472428, -0.69973063, 0.5340168, 1598.7919, 1598.7919, 955.5304, 717.74725, , 
65724.538679083, 004724, -0.8938598, -0.06510412, 4.041101, -0.045967177, 0.47414443, -0.6996306, 0.5325327, 1598.7919, 1598.7919, 955.5322, 717.7472, , 
65724.572017166, 004725, -0.88478833, -0.0670293, 4.0554485, -0.04956892, 0.47805437, -0.6987813, 0.5298222, 1598.7919, 1598.7919, 955.53467, 717.7492, , 
65724.588686, 004726, -0.88005644, -0.067918226, 4.0623636, -0.052359644, 0.4798827, -0.69833505, 0.5284877, 1598.7919, 1598.7919, 955.53424, 717.7499, , 
65724.605355083, 004727, -0.8749879, -0.06842315, 4.0695553, -0.05577796, 0.48167813, -0.69789183, 0.5270882, 1598.7919, 1598.7919, 955.53284, 717.7502, , 
65724.622024041, 004728, -0.86970645, -0.068780884, 4.076773, -0.059653953, 0.48355445, -0.6973169, 0.52570474, 1598.7919, 1598.7919, 955.53, 717.7508, , 
65724.638693166, 004729, -0.8642466, -0.069054805, 4.0839105, -0.06386257, 0.48558822, -0.6965736, 0.52431947, 1598.7919, 1598.7919, 955.52747, 717.7517, , 
65724.655362083, 004730, -0.85861874, -0.06923342, 4.0908604, -0.068529986, 0.48779207, -0.6956447, 0.52291584, 1598.7919, 1598.7919, 955.5246, 717.75287, , 
65724.688700125, 004731, -0.8472173, -0.06970075, 4.10321, -0.08044998, 0.49212924, -0.69306123, 0.52057916, 1599.2438, 1599.2438, 955.51385, 717.7563, , 
65724.705369125, 004732, -0.8411014, -0.069529906, 4.1094737, -0.088194706, 0.4955841, -0.6905685, 0.51935834, 1599.2438, 1599.2438, 955.5075, 717.75995, , 
65724.722038208, 004733, -0.83445305, -0.069241844, 4.1158276, -0.0964262, 0.50073594, -0.68710774, 0.51754075, 1598.7919, 1598.7919, 955.5019, 717.7663, , 
65724.738707125, 004734, -0.82719904, -0.068801224, 4.122173, -0.10446709, 0.50716, -0.6831986, 0.51489323, 1598.7919, 1598.7919, 955.4975, 717.77734, , 
65724.755376125, 004735, -0.81932205, -0.068138406, 4.1282706, -0.11185514, 0.5142776, -0.6794754, 0.5111947, 1598.7919, 1598.7919, 955.49677, 717.7859, , 
65724.772045166, 004736, -0.8112282, -0.06707179, 4.1334524, -0.11825015, 0.52138853, -0.6765538, 0.5064049, 1598.7919, 1598.7919, 955.49817, 717.79285, , 
65724.805383041, 004737, -0.7940051, -0.06395576, 4.14196, -0.12984118, 0.53368807, -0.67368925, 0.49442998, 1598.7919, 1598.7919, 955.50586, 717.79816, , 
65724.822052166, 004738, -0.78534263, -0.06213643, 4.145261, -0.1367229, 0.5386938, -0.6726869, 0.48847538, 1598.7919, 1598.7919, 955.5075, 717.79706, , 
65724.838721166, 004739, -0.77699476, -0.06025796, 4.147994, -0.14496978, 0.5428389, -0.6712986, 0.48339194, 1598.7919, 1598.7919, 955.50507, 717.7951, , 
65724.85539025, 004740, -0.7688891, -0.058403473, 4.1503577, -0.15421247, 0.5463888, -0.6693917, 0.479158, 1598.7919, 1598.7919, 955.4998, 717.79376, , 
65724.888728125, 004741, -0.7530597, -0.054868396, 4.1548724, -0.17242274, 0.5542837, -0.66379344, 0.47161248, 1598.7919, 1598.7919, 955.48645, 717.79553, , 
65724.905397166, 004742, -0.7447654, -0.053477746, 4.1570487, -0.18038705, 0.55888355, -0.6605509, 0.46774158, 1599.2438, 1599.2438, 955.48285, 717.7986, , 
65724.922066291, 004743, -0.73640895, -0.05216036, 4.1590705, -0.18774201, 0.56338006, -0.6574147, 0.46385533, 1599.2438, 1599.2438, 955.4799, 717.8017, , 
65724.955404125, 004744, -0.71973455, -0.049537126, 4.1624665, -0.20145121, 0.57227254, -0.6513631, 0.45568377, 1598.7919, 1598.7919, 955.4753, 717.80853, , 
65724.972073291, 004745, -0.71139514, -0.04836276, 4.1644187, -0.20844159, 0.57655275, -0.6483864, 0.45136917, 1598.7919, 1598.7919, 955.4733, 717.8108, , 
65724.988742291, 004746, -0.70323074, -0.047011357, 4.1659293, -0.21582869, 0.5804726, -0.64552647, 0.44695094, 1598.7919, 1598.7919, 955.4697, 717.81244, , 
65725.005411333, 004747, -0.6953319, -0.045351982, 4.166699, -0.22371298, 0.5838743, -0.6428361, 0.44249865, 1598.7919, 1598.7919, 955.466, 717.81226, , 
65725.038749208, 004748, -0.68004626, -0.041929256, 4.1674623, -0.2404153, 0.59003353, -0.63705623, 0.43384346, 1599.2438, 1599.2438, 955.4568, 717.81006, , 
65725.05541825, 004749, -0.6725136, -0.040501826, 4.167896, -0.24861482, 0.59338605, -0.6334202, 0.42995644, 1599.2438, 1599.2438, 955.4503, 717.8107, , 
65725.072087333, 004750, -0.6651651, -0.039432887, 4.168671, -0.2564797, 0.59704214, -0.6292882, 0.42632765, 1598.7919, 1598.7919, 955.44574, 717.81287, , 
65725.10542525, 004751, -0.65011793, -0.03776945, 4.1700864, -0.270788, 0.60403836, -0.6211133, 0.4195591, 1599.2438, 1599.2438, 955.43646, 717.8197, , 
65725.122094291, 004752, -0.6423941, -0.03704177, 4.170504, -0.27750462, 0.60703605, -0.6175933, 0.4160251, 1599.2438, 1599.2438, 955.433, 717.8212, , 
65725.138763333, 004753, -0.6345551, -0.036366902, 4.1706967, -0.28418258, 0.6095887, -0.6146095, 0.41218582, 1599.2438, 1599.2438, 955.42957, 717.82135, , 
65725.17210125, 004754, -0.6173802, -0.03513833, 4.1707907, -0.2967375, 0.6136005, -0.6107802, 0.4029749, 1599.2438, 1599.2438, 955.4231, 717.81476, , 
65725.188770291, 004755, -0.6080409, -0.034714, 4.170794, -0.30242997, 0.6154514, -0.60965294, 0.39759132, 1599.2438, 1599.2438, 955.4217, 717.8099, , 
65725.222108416, 004756, -0.5900098, -0.034689613, 4.1705003, -0.3132792, 0.619672, -0.6071024, 0.38637972, 1599.2438, 1599.2438, 955.4208, 717.7991, , 
65725.238777416, 004757, -0.5809573, -0.03505776, 4.170404, -0.3188196, 0.6220386, -0.60533774, 0.38077316, 1599.2438, 1599.2438, 955.42053, 717.79565, , 
65725.255446333, 004758, -0.57184654, -0.035628688, 4.1703143, -0.32460845, 0.6244868, -0.6032796, 0.37509897, 1599.2438, 1599.2438, 955.4199, 717.79156, , 
65725.288784333, 004759, -0.55238587, -0.038330134, 4.1706443, -0.3365249, 0.6297873, -0.59850806, 0.36318997, 1599.2438, 1599.2438, 955.419, 717.7859, , 
65725.305453375, 004760, -0.54286873, -0.039530233, 4.1705046, -0.34249303, 0.63246495, -0.59598607, 0.3570536, 1599.2438, 1599.2438, 955.41864, 717.7824, , 
65725.322122333, 004761, -0.53346205, -0.040702946, 4.170201, -0.34827748, 0.63502187, -0.59354186, 0.35093886, 1599.2438, 1599.2438, 955.41864, 717.7798, , 
65725.338791375, 004762, -0.5241559, -0.041826483, 4.1697116, -0.35398886, 0.6373066, -0.59124833, 0.34490216, 1599.2438, 1599.2438, 955.41864, 717.7768, , 
65725.3721295, 004763, -0.5061143, -0.043769192, 4.1681795, -0.36558115, 0.64034534, -0.5872697, 0.33380008, 1599.2438, 1599.2438, 955.4172, 717.76685, , 
65725.388798458, 004764, -0.49730676, -0.044759184, 4.167754, -0.37118757, 0.6411267, -0.5857103, 0.3288156, 1599.2438, 1599.2438, 955.4159, 717.7612, , 
65725.405467333, 004765, -0.48854098, -0.04555098, 4.166997, -0.37645125, 0.64165574, -0.5844163, 0.32406783, 1599.2438, 1599.2438, 955.41486, 717.7554, , 
65725.438805416, 004766, -0.47039366, -0.04692187, 4.165727, -0.3854726, 0.6434582, -0.5817429, 0.3145594, 1598.7919, 1598.7919, 955.414, 717.7437, , 
65725.455474541, 004767, -0.46064687, -0.047608607, 4.165265, -0.3884922, 0.6458057, -0.5802571, 0.30872357, 1599.2438, 1599.2438, 955.4163, 717.7419, , 
65725.472143375, 004768, -0.4504553, -0.048264485, 4.164576, -0.3906688, 0.6487398, -0.5789907, 0.3021329, 1599.2438, 1599.2438, 955.4208, 717.7416, , 
65725.505481458, 004769, -0.43058485, -0.048494976, 4.162682, -0.39517546, 0.65389955, -0.57713896, 0.28837845, 1598.7919, 1598.7919, 955.43365, 717.7397, , 
65725.522150416, 004770, -0.42124555, -0.048069682, 4.1613407, -0.3982692, 0.6557958, -0.5763488, 0.28131047, 1598.7919, 1598.7919, 955.43866, 717.7369, , 
65725.5388195, 004771, -0.41239828, -0.047391824, 4.1597137, -0.40208018, 0.6571707, -0.5754931, 0.27434623, 1599.2438, 1599.2438, 955.44434, 717.7312, , 
65725.572157458, 004772, -0.3962116, -0.046050474, 4.156106, -0.41206732, 0.6585379, -0.57263434, 0.26195082, 1599.2438, 1599.2438, 955.4483, 717.7199, , 
65725.5888265, 004773, -0.3885471, -0.045550067, 4.1543403, -0.4176905, 0.6592607, -0.57019454, 0.2564921, 1599.2438, 1599.2438, 955.44794, 717.7134, , 
65725.605495541, 004774, -0.38084298, -0.04488292, 4.152666, -0.4231976, 0.66057587, -0.56695676, 0.25120366, 1599.2438, 1599.2438, 955.44714, 717.7105, , 
65725.6388335, 004775, -0.36495158, -0.043753847, 4.1493855, -0.43363103, 0.66523606, -0.5584607, 0.23988906, 1599.2438, 1599.2438, 955.4456, 717.7113, , 
65725.655502541, 004776, -0.35668695, -0.043381292, 4.147591, -0.43821603, 0.6685586, -0.55366194, 0.23335491, 1599.2438, 1599.2438, 955.44635, 717.7144, , 
65725.672171583, 004777, -0.34891143, -0.043406233, 4.1454744, -0.4424624, 0.67214316, -0.54882723, 0.22636083, 1599.2438, 1599.2438, 955.44794, 717.7184, , 
65725.705509458, 004778, -0.33302242, -0.04313471, 4.140379, -0.45127466, 0.67908806, -0.5387536, 0.21197867, 1599.2438, 1599.2438, 955.45215, 717.7278, , 
65725.722178458, 004779, -0.32491586, -0.042870514, 4.137495, -0.45591962, 0.6825259, -0.5332335, 0.20483579, 1599.2438, 1599.2438, 955.4532, 717.7319, , 
65725.7388475, 004780, -0.31681973, -0.042670637, 4.1344676, -0.4605893, 0.686024, -0.5273185, 0.19789842, 1598.7919, 1598.7919, 955.4539, 717.7382, , 
65725.772185458, 004781, -0.30077922, -0.04263996, 4.1280394, -0.46930864, 0.69299155, -0.5153111, 0.1842998, 1598.7919, 1598.7919, 955.4546, 717.74927, , 
65725.788854541, 004782, -0.2928106, -0.04280557, 4.124582, -0.47335923, 0.6962026, -0.509658, 0.17743087, 1598.7919, 1598.7919, 955.45526, 717.7545, , 
65725.805523541, 004783, -0.28472662, -0.043035455, 4.1209726, -0.4773502, 0.6991803, -0.5042404, 0.17036805, 1598.7919, 1598.7919, 955.4568, 717.76056, , 
65725.822192541, 004784, -0.27659273, -0.04335174, 4.1172442, -0.4812789, 0.70187604, -0.49910957, 0.16318785, 1598.7919, 1598.7919, 955.4583, 717.76434, , 
65725.8555305, 004785, -0.26036578, -0.044262443, 4.109458, -0.4894442, 0.70659655, -0.48888424, 0.14885522, 1598.7919, 1598.7919, 955.46124, 717.7712, , 
65725.872199583, 004786, -0.25231442, -0.044459935, 4.105255, -0.4938488, 0.7086232, -0.48362878, 0.14166735, 1598.7919, 1598.7919, 955.46204, 717.77356, , 
65725.888868625, 004787, -0.24434836, -0.04479135, 4.100981, -0.4985611, 0.710391, -0.47820747, 0.13453263, 1598.7919, 1598.7919, 955.4624, 717.7753, , 
65725.9222065, 004788, -0.22855638, -0.04615482, 4.0923047, 0.50887114, -0.7132753, 0.4667643, -0.120080896, 1598.7919, 1598.7919, 955.4611, 717.7773, , 
65725.938875541, 004789, -0.22060165, -0.04701922, 4.087871, 0.5140611, -0.71448416, 0.4610687, -0.11255791, 1598.7919, 1598.7919, 955.46063, 717.7774, , 
65725.955544541, 004790, -0.21258391, -0.04799075, 4.0833845, 0.51912314, -0.71568507, 0.4553239, -0.104814135, 1598.7919, 1598.7919, 955.4604, 717.77765, , 
65725.972213625, 004791, -0.20428494, -0.049030982, 4.0782204, 0.5241383, -0.71683896, 0.44947353, -0.096925125, 1598.7919, 1598.7919, 955.4605, 717.77814, , 
65726.005551583, 004792, -0.18822478, -0.051160406, 4.0682855, 0.53441447, -0.71916425, 0.43660408, -0.0811216, 1598.7919, 1598.7919, 955.4595, 717.78, , 
65726.022220583, 004793, -0.18068345, -0.052155875, 4.063613, 0.53979087, -0.7202241, 0.42953384, -0.07350963, 1598.7919, 1598.7919, 955.45795, 717.781, , 
65726.038889708, 004794, -0.17350061, -0.05298303, 4.059036, 0.5455408, -0.7209384, 0.42216003, -0.06643678, 1599.2438, 1599.2438, 955.45526, 717.7814, , 
65726.072227625, 004795, -0.15945372, -0.054266848, 4.0490584, 0.55731875, -0.7219546, 0.4066843, -0.052773226, 1599.2438, 1599.2438, 955.4465, 717.7806, , 
65726.088896625, 004796, -0.15227702, -0.054887183, 4.0434065, 0.5621087, -0.7228763, 0.3993672, -0.044603035, 1599.2438, 1599.2438, 955.44495, 717.78186, , 
65726.105565708, 004797, -0.14519328, -0.05522832, 4.0380235, 0.56612974, -0.723603, 0.3931892, -0.036028408, 1599.2438, 1599.2438, 955.4456, 717.7834, , 
65726.122234666, 004798, -0.13837877, -0.055133045, 4.0327425, 0.5700219, -0.72368723, 0.38804677, -0.02777483, 1599.2438, 1599.2438, 955.44794, 717.78326, , 
65726.155572666, 004799, -0.12546848, -0.05382547, 4.022261, 0.57855725, -0.7229655, 0.37742907, -0.011815644, 1599.2438, 1599.2438, 955.4501, 717.7796, , 
65726.172241625, 004800, -0.11993483, -0.053135253, 4.0166836, 0.58273154, -0.72291714, 0.3712227, -0.002879039, 1599.2438, 1599.2438, 955.45154, 717.77905, , 
65726.188910708, 004801, -0.11444375, -0.05230968, 4.010887, 0.58646053, -0.72314113, 0.36480212, 0.007079836, 1599.2438, 1599.2438, 955.4541, 717.7802, , 
65726.222248625, 004802, -0.10336813, -0.050131265, 3.9991632, 0.59265673, -0.7239938, 0.3518357, 0.02832824, 1598.7919, 1598.7919, 955.46204, 717.78577, , 
65726.238917625, 004803, -0.09837707, -0.048936874, 3.993612, 0.59556836, -0.7243388, 0.34524035, 0.03795642, 1598.7919, 1598.7919, 955.46643, 717.7903, , 
65726.255586708, 004804, -0.093904495, -0.047686268, 3.98848, 0.5986772, -0.72431356, 0.3388728, 0.046049524, 1598.7919, 1598.7919, 955.46796, 717.7926, , 
65726.27225575, 004805, -0.091774106, -0.046709612, 3.9834669, 0.60223603, -0.7237051, 0.3328582, 0.05260985, 1598.7919, 1598.7919, 955.4677, 717.79315, , 
65726.305593666, 004806, -0.087530285, -0.044552825, 3.9741743, 0.61039066, -0.72120094, 0.3213517, 0.06344679, 1598.7919, 1598.7919, 955.4627, 717.7879, , 
65726.322262666, 004807, -0.08504638, -0.04359462, 3.9695888, 0.6144793, -0.7197657, 0.31559008, 0.06895908, 1598.7919, 1598.7919, 955.46027, 717.7846, , 
65726.338931791, 004808, -0.082620144, -0.042845502, 3.9648395, 0.61836106, -0.7184013, 0.3096828, 0.075004436, 1598.7919, 1598.7919, 955.45795, 717.7809, , 
65726.372269625, 004809, -0.07810946, -0.04181532, 3.9547687, 0.6255141, -0.7161989, 0.29643968, 0.08896485, 1599.2438, 1599.2438, 955.4561, 717.7785, , 
65726.38893875, 004810, -0.07795607, -0.04192528, 3.948931, 0.62890023, -0.7152575, 0.28903374, 0.09669955, 1599.2438, 1599.2438, 955.45496, 717.7792, , 
65726.405607708, 004811, -0.07679484, -0.04164855, 3.9433024, 0.6321109, -0.7143751, 0.28130442, 0.10474588, 1599.2438, 1599.2438, 955.4542, 717.7802, , 
65726.42227675, 004812, -0.075489745, -0.04124024, 3.93765, 0.6350861, -0.71346843, 0.273619, 0.1129646, 1599.2438, 1599.2438, 955.4539, 717.7817, , 
65726.455614708, 004813, -0.073374964, -0.0402522, 3.9262364, 0.6403417, -0.7114589, 0.25945514, 0.12834175, 1599.2438, 1599.2438, 955.4539, 717.78485, , 
65726.472283708, 004814, -0.071992815, -0.040051475, 3.9202754, 0.64255685, -0.71047664, 0.2531908, 0.13504866, 1599.2438, 1599.2438, 955.4538, 717.786, , 
65726.48895275, 004815, -0.07083978, -0.03988413, 3.9142396, 0.6443888, -0.7097153, 0.24720953, 0.14126088, 1599.2438, 1599.2438, 955.4534, 717.78815, , 
65726.505621833, 004816, -0.070132285, -0.039626703, 3.9082649, 0.64585096, -0.7092276, 0.24141105, 0.1469472, 1599.2438, 1599.2438, 955.45294, 717.7905, , 
65726.52229075, 004817, -0.069640815, -0.039332636, 3.9022882, 0.6471601, -0.70882636, 0.23584582, 0.15207124, 1599.2438, 1599.2438, 955.4523, 717.793, , 
65726.55562875, 004818, -0.06912848, -0.038577035, 3.890075, 0.64981335, -0.70789045, 0.22495018, 0.16134197, 1599.2438, 1599.2438, 955.4496, 717.79785, , 
65726.572297833, 004819, -0.0690965, -0.03811572, 3.8837557, 0.65127885, -0.70730823, 0.21925592, 0.16576396, 1599.2438, 1599.2438, 955.4479, 717.79944, , 
65726.588966708, 004820, -0.06905331, -0.03843381, 3.876677, 0.6527995, -0.7066416, 0.21344167, 0.17015594, 1598.7919, 1598.7919, 955.44574, 717.80084, , 
65726.60563575, 004821, -0.06920354, -0.038180232, 3.869818, 0.65445554, -0.7058527, 0.20735542, 0.17453808, 1598.7919, 1598.7919, 955.44275, 717.80225, , 
65726.638973791, 004822, -0.06967892, -0.03718613, 3.8559391, 0.65781486, -0.7040603, 0.19490291, 0.18327953, 1598.7919, 1598.7919, 955.4376, 717.8038, , 
65726.655642875, 004823, -0.06997328, -0.03651288, 3.8488228, 0.6596028, -0.70298386, 0.18868026, 0.18745038, 1599.2438, 1599.2438, 955.43494, 717.804, , 
65726.672311791, 004824, -0.06956822, -0.035770684, 3.8409648, 0.6614807, -0.7017305, 0.18277384, 0.1913407, 1599.2438, 1599.2438, 955.4312, 717.8034, , 
65726.705649833, 004825, -0.06953642, -0.033860277, 3.8256922, 0.6653804, -0.6990216, 0.17180471, 0.19778994, 1599.2438, 1599.2438, 955.4254, 717.8004, , 
65726.722318916, 004826, -0.06985987, -0.032636743, 3.818475, 0.66738105, -0.69778246, 0.16654332, 0.19991376, 1599.2438, 1599.2438, 955.42065, 717.7976, , 
65726.73898775, 004827, -0.0702215, -0.031149441, 3.8114543, 0.6695625, -0.6966243, 0.16121657, 0.20102187, 1598.7919, 1598.7919, 955.4159, 717.7947, , 
65726.772325875, 004828, -0.070418686, -0.027358998, 3.7969654, 0.67462677, -0.6943843, 0.15016906, 0.20039561, 1599.2438, 1599.2438, 955.4011, 717.7846, , 
65726.788994875, 004829, -0.07035208, -0.024993386, 3.7896316, 0.6775607, -0.69316506, 0.14476152, 0.19869044, 1599.2438, 1599.2438, 955.3937, 717.7785, , 
65726.805664, 004830, -0.07064299, -0.022186097, 3.7829876, 0.68068755, -0.69183797, 0.1396727, 0.19625539, 1599.2438, 1599.2438, 955.386, 717.7715, , 
65726.839001875, 004831, -0.07093977, -0.015741337, 3.7703204, 0.6866566, -0.6896001, 0.13013051, 0.18979071, 1599.6957, 1599.6957, 955.3682, 717.7538, , 
65726.855670916, 004832, -0.07076491, -0.0122536905, 3.7638586, 0.6890527, -0.6888527, 0.12554413, 0.18688771, 1599.2438, 1599.2438, 955.36145, 717.7477, , 
65726.872339958, 004833, -0.070348285, -0.008830745, 3.7566383, 0.6911932, -0.6881612, 0.12099647, 0.18451543, 1599.2438, 1599.2438, 955.3536, 717.7409, , 
65726.889008875, 004834, -0.069887474, -0.005143814, 3.7495575, 0.6933478, -0.6873931, 0.11636124, 0.18226224, 1599.6957, 1599.6957, 955.3481, 717.73596, , 
65726.905677875, 004835, -0.069458626, -0.0010860525, 3.7430136, 0.6956901, -0.6864909, 0.11151123, 0.17975157, 1599.2438, 1599.2438, 955.3428, 717.7305, , 
65726.939015875, 004836, -0.068588234, 0.007437159, 3.7306685, 0.7006535, -0.68454003, 0.1010053, 0.1740332, 1599.2438, 1599.2438, 955.3297, 717.7159, , 
65726.955684958, 004837, -0.06804573, 0.011533689, 3.7244763, 0.70266414, -0.6838404, 0.095507115, 0.17176686, 1599.2438, 1599.2438, 955.3248, 717.71063, , 
65726.972353833, 004838, -0.06753649, 0.014812227, 3.7182305, 0.7041646, -0.6833839, 0.09018884, 0.17030722, 1599.6957, 1599.6957, 955.32056, 717.70703, , 
65726.989022875, 004839, -0.066975445, 0.017872859, 3.7118595, 0.70535284, -0.6829887, 0.08529166, 0.16949655, 1599.2438, 1599.2438, 955.3161, 717.7038, , 
65727.022360958, 004840, -0.0656955, 0.023913357, 3.699022, 0.70768523, -0.68173736, 0.077656604, 0.1684789, 1599.6957, 1599.6957, 955.31134, 717.6988, , 
65727.039029833, 004841, -0.065011956, 0.026623655, 3.6927552, 0.7089374, -0.68089944, 0.07492908, 0.16783737, 1599.6957, 1599.6957, 955.30927, 717.6942, , 
65727.055698833, 004842, -0.064265475, 0.029068585, 3.6866467, 0.7101736, -0.6800683, 0.0727299, 0.16694555, 1599.6957, 1599.6957, 955.30786, 717.69055, , 
65727.089036958, 004843, -0.06250768, 0.03281014, 3.6758578, 0.7122806, -0.67884135, 0.06961048, 0.16427125, 1599.2438, 1599.2438, 955.3052, 717.6831, , 
65727.105706083, 004844, -0.061438896, 0.034485612, 3.6701748, 0.7129, -0.6785978, 0.06861441, 0.16300508, 1599.2438, 1599.2438, 955.30426, 717.68097, , 
65727.122374916, 004845, -0.06022349, 0.035973262, 3.6643143, 0.7131065, -0.67865276, 0.067846484, 0.1621923, 1599.2438, 1599.2438, 955.3036, 717.6799, , 
65727.155712958, 004846, -0.057299543, 0.038198743, 3.6523085, 0.71202767, -0.67983174, 0.0671099, 0.16230124, 1599.2438, 1599.2438, 955.30273, 717.6833, , 
65727.172381958, 004847, -0.05597278, 0.039245915, 3.6465955, 0.71110475, -0.68069017, 0.06667103, 0.16292886, 1599.2438, 1599.2438, 955.3026, 717.68665, , 
65727.205719875, 004848, -0.053257678, 0.040937606, 3.6355767, 0.70895964, -0.6828236, 0.064947575, 0.16404234, 1599.6957, 1599.6957, 955.30194, 717.696, , 
65727.222389, 004849, -0.051771145, 0.04158171, 3.6302352, 0.70784503, -0.6839967, 0.06402195, 0.16433221, 1599.6957, 1599.6957, 955.30145, 717.7001, , 
65727.239058, 004850, -0.050263513, 0.042148765, 3.624943, 0.7067664, -0.6851095, 0.063207574, 0.16465443, 1599.6957, 1599.6957, 955.301, 717.7053, , 
65727.272395916, 004851, -0.04679439, 0.04315349, 3.6139998, 0.70475894, -0.68707925, 0.061901595, 0.16554473, 1599.6957, 1599.6957, 955.30054, 717.71277, , 
65727.289064875, 004852, -0.044876836, 0.043591846, 3.6083817, 0.7038006, -0.6879808, 0.0616523, 0.16597016, 1599.6957, 1599.6957, 955.30054, 717.7163, , 
65727.305734, 004853, -0.04311567, 0.043934878, 3.6029558, 0.70282835, -0.6889019, 0.061704416, 0.1662498, 1599.6957, 1599.6957, 955.30066, 717.7208, , 
65727.339071916, 004854, -0.039655432, 0.044378463, 3.5921395, 0.701034, -0.69061255, 0.06179796, 0.16669305, 1599.6957, 1599.6957, 955.3009, 717.7269, , 
65727.355741, 004855, -0.037846573, 0.044443652, 3.586653, 0.70017433, -0.6914364, 0.0616369, 0.16695037, 1599.6957, 1599.6957, 955.3009, 717.7309, , 
65727.389079083, 004856, -0.034384605, 0.043373223, 3.5756943, 0.69863933, -0.69276875, 0.0616872, 0.16783646, 1599.6957, 1599.6957, 955.3014, 717.73645, , 
65727.405748083, 004857, -0.03239523, 0.043013077, 3.569895, 0.697986, -0.69321275, 0.06236338, 0.16847079, 1599.6957, 1599.6957, 955.3018, 717.7388, , 
65727.422417, 004858, -0.03029691, 0.042686854, 3.5639434, 0.69750214, -0.6934532, 0.06320925, 0.16916844, 1599.2438, 1599.2438, 955.30273, 717.74097, , 
65727.455755041, 004859, -0.025795227, 0.041877057, 3.5516717, 0.69684905, -0.6935365, 0.064452216, 0.17103909, 1599.2438, 1599.2438, 955.30414, 717.7429, , 
65727.472424125, 004860, -0.023315258, 0.041678045, 3.5461278, 0.696438, -0.69363624, 0.06445612, 0.1723032, 1599.2438, 1599.2438, 955.305, 717.7445, , 
65727.489093041, 004861, -0.020639507, 0.0413594, 3.5403926, 0.6959622, -0.69381344, 0.06410684, 0.1736369, 1599.2438, 1599.2438, 955.30554, 717.7462, , 
65727.505762041, 004862, -0.01776506, 0.0407944, 3.5342126, 0.69538915, -0.69413275, 0.063320905, 0.17493987, 1599.2438, 1599.2438, 955.3059, 717.74817, , 
65727.539100083, 004863, -0.011350198, 0.0393154, 3.5215108, 0.6938374, -0.6954162, 0.06028801, 0.17706262, 1599.2438, 1599.2438, 955.3058, 717.7549, , 
65727.555769166, 004864, -0.007866869, 0.03853168, 3.5150645, 0.692968, -0.6962459, 0.058476724, 0.1778126, 1599.2438, 1599.2438, 955.30554, 717.75824, , 
65727.572438041, 004865, -0.0047894414, 0.037305247, 3.5098429, 0.69221634, -0.69704753, 0.056836613, 0.17813167, 1599.2438, 1599.2438, 955.305, 717.7623, , 
65727.605776125, 004866, 0.0022174162, 0.035596814, 3.4980729, 0.69120276, -0.6984302, 0.054019358, 0.17752714, 1599.6957, 1599.6957, 955.3037, 717.7667, , 
65727.622445125, 004867, 0.006027402, 0.035117906, 3.4916193, 0.6910491, -0.6989167, 0.052500546, 0.17666441, 1599.6957, 1599.6957, 955.30255, 717.76807, , 
65727.639114083, 004868, 0.00991011, 0.034801807, 3.4850821, 0.6911901, -0.699209, 0.051032238, 0.17538144, 1599.6957, 1599.6957, 955.3014, 717.76794, , 
65727.655783, 004869, 0.013855953, 0.03462873, 3.478494, 0.6916082, -0.6993088, 0.049772423, 0.1736892, 1599.6957, 1599.6957, 955.3002, 717.76697, , 
65727.689121208, 004870, 0.021341588, 0.03403459, 3.4665043, 0.6927653, -0.69933474, 0.047477514, 0.16956723, 1599.2438, 1599.2438, 955.2972, 717.76263, , 
65727.705790208, 004871, 0.025690256, 0.034013603, 3.45964, 0.6930109, -0.6995673, 0.046280935, 0.167927, 1599.6957, 1599.6957, 955.296, 717.7616, , 
65727.722459083, 004872, 0.03026725, 0.034111325, 3.452348, 0.6929898, -0.69985944, 0.045099262, 0.16711648, 1599.6957, 1599.6957, 955.2952, 717.76154, , 
65727.739128125, 004873, 0.034972694, 0.034356873, 3.444778, 0.69281495, -0.70011204, 0.044065304, 0.16705944, 1599.6957, 1599.6957, 955.2946, 717.7623, , 
65727.772466208, 004874, 0.044455986, 0.035312574, 3.4295156, 0.69274676, -0.7000012, 0.043006472, 0.16807963, 1599.6957, 1599.6957, 955.2946, 717.76324, , 
65727.789135083, 004875, 0.04935587, 0.035827544, 3.4227917, 0.69311166, -0.69957507, 0.04280299, 0.16840105, 1599.6957, 1599.6957, 955.2946, 717.76196, , 
65727.805804125, 004876, 0.054197986, 0.03648748, 3.4159617, 0.6936883, -0.6990785, 0.042751584, 0.16810162, 1599.6957, 1599.6957, 955.2944, 717.7601, , 
65727.822473125, 004877, 0.05910034, 0.03718925, 3.4092124, 0.6942628, -0.69869375, 0.042696122, 0.16734166, 1599.6957, 1599.6957, 955.2941, 717.758, , 
65727.855811, 004878, 0.069327995, 0.03854197, 3.3956113, 0.69449276, -0.6987641, 0.04244788, 0.1661528, 1599.6957, 1599.6957, 955.29333, 717.75604, , 
65727.872480166, 004879, 0.074654534, 0.039130088, 3.3885288, 0.69388586, -0.6992695, 0.042440988, 0.16656311, 1599.6957, 1599.6957, 955.29346, 717.75757, , 
65727.889149166, 004880, 0.08041796, 0.039922882, 3.382423, 0.69289476, -0.6999267, 0.042619314, 0.16787827, 1599.6957, 1599.6957, 955.2941, 717.76166, , 
65727.92248725, 004881, 0.09117925, 0.041071277, 3.3685074, 0.6906487, -0.70122814, 0.043598644, 0.1714138, 1599.6957, 1599.6957, 955.29614, 717.76935, , 
65727.939156125, 004882, 0.09630312, 0.041617304, 3.3618093, 0.68979836, -0.70174044, 0.043984525, 0.1726377, 1599.2438, 1599.2438, 955.2972, 717.77344, , 
65727.955825125, 004883, 0.10126732, 0.042154502, 3.3555307, 0.6892534, -0.70216864, 0.043946244, 0.17308283, 1599.2438, 1599.2438, 955.29767, 717.7754, , 
65727.972494208, 004884, 0.10583663, 0.042182963, 3.3498824, 0.68897945, -0.70253766, 0.0433596, 0.1728238, 1599.2438, 1599.2438, 955.29755, 717.77655, , 
65728.005832291, 004885, 0.11473091, 0.042628665, 3.3388805, 0.6889656, -0.7029339, 0.041749835, 0.17166018, 1599.6957, 1599.6957, 955.2965, 717.777, , 
65728.022501166, 004886, 0.11896272, 0.04288621, 3.3333077, 0.6890651, -0.7029244, 0.041033387, 0.1714722, 1599.6957, 1599.6957, 955.29614, 717.77673, , 
65728.039170166, 004887, 0.12303615, 0.043105002, 3.3277268, 0.6892643, -0.70277107, 0.04039382, 0.17145222, 1599.6957, 1599.6957, 955.2958, 717.7763, , 
65728.07250825, 004888, 0.13211922, 0.04307731, 3.316097, 0.6901087, -0.7021208, 0.03906369, 0.1710269, 1599.6957, 1599.6957, 955.295, 717.7733, , 
65728.089177125, 004889, 0.13610892, 0.04322656, 3.310338, 0.69046026, -0.7018401, 0.038406968, 0.17090905, 1599.6957, 1599.6957, 955.2946, 717.772, , 
65728.105846125, 004890, 0.13996619, 0.043337535, 3.3043604, 0.69048476, -0.70173734, 0.037867833, 0.17135215, 1599.6957, 1599.6957, 955.2944, 717.77155, , 
65728.139184208, 004891, 0.1473819, 0.043370847, 3.2917464, 0.6895054, -0.7020814, 0.03770558, 0.17390321, 1599.6957, 1599.6957, 955.2953, 717.77454, , 
65728.155853125, 004892, 0.15093243, 0.043342113, 3.285384, 0.6888034, -0.7023894, 0.038263712, 0.17531349, 1599.6957, 1599.6957, 955.296, 717.77686, , 
65728.172522166, 004893, 0.154374, 0.043313604, 3.279178, 0.6881886, -0.7026845, 0.039150212, 0.17634659, 1599.6957, 1599.6957, 955.2972, 717.7797, , 
65728.18919125, 004894, 0.1584737, 0.04341117, 3.2719495, 0.6876679, -0.7029716, 0.040174615, 0.17700198, 1599.2438, 1599.2438, 955.29785, 717.7813, , 
65728.222529291, 004895, 0.16526242, 0.043269586, 3.2599592, 0.68705595, -0.70351183, 0.041717272, 0.17687505, 1599.2438, 1599.2438, 955.2988, 717.78357, , 
65728.239198208, 004896, 0.1684345, 0.043081705, 3.2543495, 0.6868551, -0.7038545, 0.04210201, 0.17619963, 1599.2438, 1599.2438, 955.2988, 717.7841, , 
65728.25586725, 004897, 0.17152074, 0.04281259, 3.2486804, 0.6866141, -0.70422965, 0.04254344, 0.17553243, 1599.2438, 1599.2438, 955.2987, 717.78467, , 
65728.28920525, 004898, 0.17838417, 0.042493034, 3.2345, 0.68605304, -0.70468855, 0.04451535, 0.17539571, 1599.2438, 1599.2438, 955.2994, 717.78625, , 
65728.305874208, 004899, 0.18126108, 0.042118397, 3.2279701, 0.6859789, -0.7046249, 0.045922235, 0.17557868, 1599.2438, 1599.2438, 955.29987, 717.7865, , 
65728.32254325, 004900, 0.18397571, 0.041680947, 3.221396, 0.68611544, -0.7043476, 0.047440246, 0.17575341, 1599.6957, 1599.6957, 955.30066, 717.78564, , 
65728.35588125, 004901, 0.18909833, 0.04056697, 3.207974, 0.68684393, -0.7033974, 0.050917055, 0.17574069, 1599.6957, 1599.6957, 955.3017, 717.7828, , 
65728.372550291, 004902, 0.1915618, 0.039838936, 3.2010727, 0.6872436, -0.7028931, 0.052987777, 0.175584, 1599.6957, 1599.6957, 955.30255, 717.78033, , 
65728.38921925, 004903, 0.19370219, 0.038534466, 3.1934264, 0.68743604, -0.70256543, 0.055331603, 0.17541918, 1599.6957, 1599.6957, 955.30334, 717.779, , 
65728.422557291, 004904, 0.19867584, 0.03593562, 3.1785185, 0.6869731, -0.7026288, 0.06062901, 0.1752283, 1599.2438, 1599.2438, 955.3058, 717.77893, , 
65728.439226333, 004905, 0.20128347, 0.03448644, 3.1709747, 0.6864835, -0.70291525, 0.06329883, 0.1750538, 1599.2438, 1599.2438, 955.30707, 717.7797, , 
65728.45589525, 004906, 0.20390518, 0.03294267, 3.1633737, 0.68592787, -0.7033104, 0.06572625, 0.17474964, 1599.2438, 1599.2438, 955.3081, 717.7809, , 
65728.489233291, 004907, 0.20998347, 0.030114528, 3.1483316, 0.6849372, -0.70418656, 0.0698073, 0.17352052, 1599.6957, 1599.6957, 955.30994, 717.78326, , 
65728.505902375, 004908, 0.2127145, 0.028559316, 3.140647, 0.68448925, -0.7047009, 0.07158096, 0.17247391, 1599.6957, 1599.6957, 955.3104, 717.7841, , 
65728.522571333, 004909, 0.21541454, 0.027002934, 3.1328163, 0.6840215, -0.70525706, 0.07323353, 0.17135882, 1599.6957, 1599.6957, 955.3108, 717.78503, , 
65728.555909208, 004910, 0.2206968, 0.023959555, 3.1165743, 0.68315244, -0.7061829, 0.076570146, 0.16954485, 1599.6957, 1599.6957, 955.3118, 717.7872, , 
65728.572578375, 004911, 0.22241953, 0.021288741, 3.1098623, 0.6830036, -0.706357, 0.078206904, 0.16866988, 1599.6957, 1599.6957, 955.3123, 717.78735, , 
65728.589247416, 004912, 0.22460473, 0.019558158, 3.1020236, 0.68314254, -0.7063401, 0.07994072, 0.16736037, 1599.6957, 1599.6957, 955.3125, 717.78613, , 
65728.622585291, 004913, 0.22932704, 0.016937997, 3.085291, 0.68373615, -0.70624495, 0.08341183, 0.16360131, 1599.6957, 1599.6957, 955.3123, 717.7826, , 
65728.63925425, 004914, 0.23184128, 0.015777986, 3.0764954, 0.68376344, -0.70647913, 0.08523128, 0.16152535, 1599.6957, 1599.6957, 955.31195, 717.781, , 
65728.655923333, 004915, 0.23443629, 0.014686372, 3.0673146, 0.6834035, -0.70694625, 0.08748597, 0.1597903, 1599.6957, 1599.6957, 955.3121, 717.781, , 
65728.68926125, 004916, 0.23835625, 0.0126740895, 3.0509217, 0.6821149, -0.707999, 0.09382084, 0.15701681, 1599.2438, 1599.2438, 955.3143, 717.78284, , 
65728.705930291, 004917, 0.24054109, 0.012182672, 3.0421152, 0.6815576, -0.70842683, 0.09732792, 0.15536375, 1599.2438, 1599.2438, 955.3153, 717.7831, , 
65728.722599375, 004918, 0.242931, 0.01208147, 3.032686, 0.6811475, -0.7086783, 0.100707546, 0.15385406, 1599.2438, 1599.2438, 955.31635, 717.783, , 
65728.755937291, 004919, 0.2477174, 0.012701344, 3.0134313, 0.6806548, -0.7087168, 0.10699701, 0.15159513, 1599.2438, 1599.2438, 955.3188, 717.78143, , 
65728.772606291, 004920, 0.2495753, 0.012347691, 3.006527, 0.6804983, -0.70864964, 0.10975592, 0.1506366, 1599.2438, 1599.2438, 955.3198, 717.7806, , 
65728.789275375, 004921, 0.25187364, 0.012954477, 2.9973428, 0.6803406, -0.708561, 0.11219957, 0.14996415, 1599.6957, 1599.6957, 955.3208, 717.7797, , 
65728.822613458, 004922, 0.25649157, 0.014590461, 2.9787507, 0.680034, -0.708394, 0.11595684, 0.14928405, 1599.6957, 1599.6957, 955.3229, 717.77856, , 
65728.83928225, 004923, 0.25881565, 0.015511733, 2.9695892, 0.67992383, -0.708299, 0.117606066, 0.14894634, 1599.6957, 1599.6957, 955.32367, 717.7781, , 
65728.855951375, 004924, 0.2611606, 0.016451541, 2.9605708, 0.6798438, -0.7081922, 0.11922277, 0.14853328, 1599.2438, 1599.2438, 955.3246, 717.7773, , 
65728.872620416, 004925, 0.26329756, 0.016659293, 2.955444, 0.6798157, -0.7081488, 0.12056491, 0.14778355, 1599.2438, 1599.2438, 955.3251, 717.77655, , 
65728.905958333, 004926, 0.26805764, 0.018205848, 2.9389236, 0.6797698, -0.7082758, 0.1226212, 0.14567919, 1599.2438, 1599.2438, 955.3252, 717.7751, , 
65728.922627333, 004927, 0.2705133, 0.018865608, 2.930627, 0.67950255, -0.70864475, 0.12354597, 0.14434427, 1599.2438, 1599.2438, 955.32495, 717.775, , 
65728.939296416, 004928, 0.27307996, 0.019386064, 2.922431, 0.6789079, -0.7093326, 0.1245355, 0.1429063, 1599.6957, 1599.6957, 955.3247, 717.776, , 
65728.955965416, 004929, 0.27577394, 0.01978932, 2.9143887, 0.67804223, -0.71031034, 0.12551221, 0.14129618, 1599.6957, 1599.6957, 955.3246, 717.77795, , 
65728.989303333, 004930, 0.28086758, 0.020606447, 2.90308, 0.6759506, -0.7127068, 0.12748213, 0.13743393, 1599.6957, 1599.6957, 955.32416, 717.78406, , 
65729.005972416, 004931, 0.28384644, 0.020830456, 2.8958204, 0.6747903, -0.7139055, 0.12880872, 0.13566592, 1599.6957, 1599.6957, 955.32404, 717.7869, , 
65729.022641458, 004932, 0.28692585, 0.020994935, 2.8883085, 0.67362785, -0.714938, 0.13048327, 0.1343992, 1599.6957, 1599.6957, 955.3246, 717.79065, , 
65729.055979333, 004933, 0.29318884, 0.021160614, 2.8729374, 0.67165357, -0.71625566, 0.13399622, 0.13380682, 1599.2438, 1599.2438, 955.32684, 717.7952, , 
65729.072648375, 004934, 0.2963501, 0.021173235, 2.8652062, 0.67095643, -0.71660763, 0.13520634, 0.1342021, 1599.2438, 1599.2438, 955.3284, 717.7975, , 
65729.089317416, 004935, 0.2994831, 0.020738747, 2.8596022, 0.6705139, -0.7168083, 0.13580203, 0.13473907, 1599.2438, 1599.2438, 955.3294, 717.7987, , 
65729.105986458, 004936, 0.30275103, 0.02049734, 2.8526087, 0.6701593, -0.71697646, 0.13614506, 0.13526183, 1599.2438, 1599.2438, 955.3301, 717.7997, , 
65729.139324375, 004937, 0.309712, 0.019887868, 2.8375149, 0.66939735, -0.71740484, 0.13668835, 0.13621211, 1599.2438, 1599.2438, 955.3315, 717.80206, , 
65729.155993375, 004938, 0.31343526, 0.019364566, 2.829759, 0.6687885, -0.71785724, 0.13684537, 0.13666102, 1599.2438, 1599.2438, 955.33215, 717.80383, , 
65729.172662458, 004939, 0.3173149, 0.018674504, 2.8219495, 0.66803634, -0.71851915, 0.13675945, 0.13694723, 1599.2438, 1599.2438, 955.33276, 717.807, , 
65729.1893315, 004940, 0.32088044, 0.017623287, 2.8163164, 0.6672031, -0.7193525, 0.1364374, 0.13695516, 1599.2438, 1599.2438, 955.3331, 717.8099, , 
65729.222669458, 004941, 0.32895508, 0.015595574, 2.8015406, 0.6659007, -0.7208614, 0.1352494, 0.13653795, 1599.2438, 1599.2438, 955.333, 717.81494, , 
65729.239338458, 004942, 0.33310428, 0.01460563, 2.7936141, 0.66557854, -0.7214368, 0.13419543, 0.13610889, 1599.2438, 1599.2438, 955.33215, 717.81726, , 
65729.2560075, 004943, 0.33726403, 0.013646964, 2.7854278, 0.6654465, -0.7218964, 0.1328028, 0.13568337, 1599.2438, 1599.2438, 955.33124, 717.8186, , 
65729.289345375, 004944, 0.3460793, 0.012076449, 2.7708015, 0.6657925, -0.7222547, 0.12859662, 0.13612905, 1599.6957, 1599.6957, 955.3288, 717.8205, , 
65729.306014416, 004945, 0.3500381, 0.011357356, 2.7618034, 0.6664715, -0.7219561, 0.12564808, 0.13714167, 1599.6957, 1599.6957, 955.32764, 717.82025, , 
65729.322683541, 004946, 0.35377026, 0.010770801, 2.7523615, 0.6675825, -0.7212529, 0.12228462, 0.13847078, 1599.6957, 1599.6957, 955.3261, 717.8189, , 
65729.3393525, 004947, 0.35726044, 0.010340501, 2.7425833, 0.6690036, -0.72022, 0.11855709, 0.14021945, 1599.2438, 1599.2438, 955.32404, 717.8158, , 
65729.3726905, 004948, 0.3635637, 0.009957727, 2.7226899, 0.67210597, -0.71787584, 0.10958812, 0.14463085, 1599.2438, 1599.2438, 955.3207, 717.8105, , 
65729.389359458, 004949, 0.36662853, 0.010281634, 2.7142642, 0.6738448, -0.7167228, 0.10385974, 0.14647453, 1599.6957, 1599.6957, 955.3176, 717.8067, , 
65729.4060285, 004950, 0.3692438, 0.010774881, 2.705024, 0.67577547, -0.71549606, 0.0973331, 0.14805111, 1599.6957, 1599.6957, 955.31464, 717.8034, , 
65729.439366416, 004951, 0.37366015, 0.012636069, 2.686069, 0.6796121, -0.7128095, 0.08343443, 0.1518833, 1599.2438, 1599.2438, 955.30786, 717.7953, , 
65729.4560355, 004952, 0.37560987, 0.014032785, 2.6766975, 0.68143976, -0.71122456, 0.077577576, 0.15421143, 1599.6957, 1599.6957, 955.3058, 717.79156, , 
65729.4727045, 004953, 0.37741926, 0.015725683, 2.6676815, 0.6834741, -0.70935255, 0.072890714, 0.15610614, 1599.6957, 1599.6957, 955.30414, 717.78674, , 
65729.489373541, 004954, 0.37971726, 0.018080998, 2.6594589, 0.6857949, -0.70728415, 0.068548344, 0.15727572, 1599.6957, 1599.6957, 955.3024, 717.7807, , 
65729.5227115, 004955, 0.3835334, 0.022538323, 2.6439166, 0.6903866, -0.7039058, 0.0579179, 0.15661539, 1599.6957, 1599.6957, 955.2967, 717.7657, , 
65729.5393805, 004956, 0.38562274, 0.024802454, 2.6366422, 0.69221824, -0.7028958, 0.05163535, 0.15525793, 1599.6957, 1599.6957, 955.29395, 717.76044, , 
65729.572718416, 004957, 0.3901813, 0.029556822, 2.6221747, 0.69460166, -0.7016762, 0.039585024, 0.15366188, 1599.6957, 1599.6957, 955.2888, 717.7527, , 
65729.589387458, 004958, 0.39236164, 0.03252733, 2.6146512, 0.69542587, -0.70103866, 0.034071703, 0.15416467, 1599.6957, 1599.6957, 955.2874, 717.7507, , 
65729.6060565, 004959, 0.3944902, 0.03503788, 2.6073463, 0.6960418, -0.7004904, 0.028506862, 0.15500404, 1599.6957, 1599.6957, 955.286, 717.7487, , 
65729.639394625, 004960, 0.39856395, 0.03933456, 2.5933685, 0.6969804, -0.6995031, 0.017259749, 0.15689403, 1599.6957, 1599.6957, 955.2843, 717.7465, , 
65729.656063458, 004961, 0.40041542, 0.0411934, 2.586552, 0.6975985, -0.6987269, 0.012379647, 0.15806252, 1599.6957, 1599.6957, 955.28357, 717.74506, , 
65729.6727325, 004962, 0.40227297, 0.04309191, 2.5800521, 0.69845915, -0.6975711, 0.008029064, 0.1596399, 1599.6957, 1599.6957, 955.283, 717.74176, , 
65729.706070583, 004963, 0.40543607, 0.045902904, 2.566083, 0.70016044, -0.694893, -0.00034967673, 0.16400896, 1599.6957, 1599.6957, 955.2823, 717.7361, , 
65729.722739416, 004964, 0.40686435, 0.04699858, 2.5585587, 0.7008282, -0.69342077, -0.004279824, 0.16729961, 1599.6957, 1599.6957, 955.28204, 717.7329, , 
65729.7560775, 004965, 0.40915442, 0.048853327, 2.5424867, 0.70200884, -0.68993473, -0.010171458, 0.17626712, 1599.6957, 1599.6957, 955.28217, 717.729, , 
65729.772746583, 004966, 0.4102729, 0.049761478, 2.5342324, 0.70271283, -0.68797684, -0.011818333, 0.1809498, 1599.6957, 1599.6957, 955.28265, 717.7261, , 
65729.789415625, 004967, 0.41208783, 0.050902862, 2.5259514, 0.70353705, -0.6860091, -0.012844108, 0.18510029, 1599.6957, 1599.6957, 955.283, 717.7235, , 
65729.822753541, 004968, 0.41367406, 0.052789245, 2.5107121, 0.70528793, -0.68273956, -0.015076111, 0.19028468, 1599.6957, 1599.6957, 955.2837, 717.71655, , 
65729.839422541, 004969, 0.4143195, 0.053602967, 2.5036197, 0.7057478, -0.6819459, -0.016795952, 0.19127883, 1599.6957, 1599.6957, 955.2837, 717.71454, , 
65729.8727605, 004970, 0.41588768, 0.054908883, 2.4895809, 0.7055212, -0.68179387, -0.021040076, 0.19223486, 1599.6957, 1599.6957, 955.2831, 717.7143, , 
65729.8894295, 004971, 0.41729456, 0.055484492, 2.4820318, 0.7050686, -0.68212324, -0.023904167, 0.19239175, 1599.6957, 1599.6957, 955.2828, 717.71515, , 
65729.906098583, 004972, 0.41824546, 0.056133505, 2.4750965, 0.70467454, -0.6825267, -0.027395453, 0.19193849, 1599.6957, 1599.6957, 955.2823, 717.71594, , 
65729.939436625, 004973, 0.41975662, 0.057412226, 2.4615984, 0.7042627, -0.683088, -0.03472692, 0.19026025, 1599.6957, 1599.6957, 955.28125, 717.7162, , 
65729.956105541, 004974, 0.42037693, 0.057944816, 2.4547, 0.7043903, -0.6830164, -0.037608374, 0.18949528, 1599.6957, 1599.6957, 955.281, 717.7153, , 
65729.989443625, 004975, 0.42254102, 0.058392037, 2.4397118, 0.7049315, -0.6822961, -0.041667033, 0.18922855, 1599.6957, 1599.6957, 955.28076, 717.7118, , 
65730.006112625, 004976, 0.4230159, 0.058409188, 2.4317603, 0.70522714, -0.6818028, -0.042803574, 0.18965042, 1599.6957, 1599.6957, 955.28064, 717.71045, , 
65730.039450541, 004977, 0.42376176, 0.058109406, 2.415429, 0.70573425, -0.6811625, -0.04407005, 0.18977511, 1599.6957, 1599.6957, 955.28064, 717.70795, , 
65730.056119625, 004978, 0.4242141, 0.05775397, 2.407219, 0.70582384, -0.68123794, -0.044712294, 0.18901967, 1599.6957, 1599.6957, 955.28064, 717.70734, , 
65730.089457708, 004979, 0.42570558, 0.05578657, 2.3902721, 0.70551616, -0.6821025, -0.045724317, 0.18679526, 1600.1476, 1600.1476, 955.28064, 717.7074, , 
65730.106126541, 004980, 0.42649132, 0.054866433, 2.3815277, 0.7053321, -0.6825816, -0.045510765, 0.18578938, 1600.1476, 1600.1476, 955.28064, 717.7078, , 
65730.139464541, 004981, 0.42802364, 0.053229343, 2.3634162, 0.705132, -0.68325365, -0.043259557, 0.1846125, 1600.1476, 1600.1476, 955.28064, 717.70905, , 
65730.156133708, 004982, 0.4288306, 0.0524648, 2.3541222, 0.7050823, -0.68347573, -0.041776832, 0.18432154, 1600.1476, 1600.1476, 955.28064, 717.7096, , 
65730.1894715, 004983, 0.43164802, 0.050670944, 2.335764, 0.70489144, -0.6840606, -0.039155085, 0.18345544, 1599.6957, 1599.6957, 955.28064, 717.7106, , 
65730.222809583, 004984, 0.43419403, 0.04951754, 2.3170292, 0.7047706, -0.6847932, -0.035819612, 0.18186115, 1599.6957, 1599.6957, 955.28064, 717.71136, , 
65730.239478708, 004985, 0.43544328, 0.049136538, 2.3075664, 0.7046275, -0.6853193, -0.033397272, 0.18089236, 1599.6957, 1599.6957, 955.28064, 717.7121, , 
65730.272816625, 004986, 0.43842068, 0.048449825, 2.2888699, 0.7037314, -0.68707967, -0.02649721, 0.17883335, 1599.6957, 1599.6957, 955.2809, 717.7162, , 
65730.289485625, 004987, 0.44033298, 0.048000623, 2.280065, 0.7030408, -0.6882422, -0.02273355, 0.17759328, 1599.6957, 1599.6957, 955.281, 717.71893, , 
65730.322823541, 004988, 0.44380197, 0.04749431, 2.261907, 0.7014894, -0.690813, -0.015938997, 0.17445906, 1599.6957, 1599.6957, 955.2814, 717.72577, , 
65730.339492583, 004989, 0.4455089, 0.047266643, 2.2528784, 0.70076245, -0.69203436, -0.0123857325, 0.17282033, 1599.6957, 1599.6957, 955.2816, 717.7286, , 
65730.356161625, 004990, 0.44719145, 0.047050145, 2.2439196, 0.7001542, -0.69309926, -0.008326457, 0.17125453, 1600.1476, 1600.1476, 955.2819, 717.7318, , 
65730.38949975, 004991, 0.45073658, 0.046086196, 2.2282434, 0.69913226, -0.694983, -0.00020291266, 0.16796605, 1599.6957, 1599.6957, 955.28253, 717.7356, , 
65730.406168583, 004992, 0.45264253, 0.045730542, 2.220151, 0.6986504, -0.69590145, 0.0036807167, 0.16611779, 1599.6957, 1599.6957, 955.2829, 717.7378, , 
65730.439506625, 004993, 0.45702708, 0.045202035, 2.2040963, 0.69777906, -0.69776523, 0.011805841, 0.16151989, 1599.6957, 1599.6957, 955.28345, 717.7404, , 
65730.456175625, 004994, 0.4596696, 0.04496671, 2.196353, 0.6972231, -0.6989077, 0.015985753, 0.15859501, 1599.6957, 1599.6957, 955.2837, 717.7418, , 
65730.489513583, 004995, 0.4660066, 0.043502536, 2.1821287, 0.69531655, -0.7018603, 0.024184028, 0.15278122, 1599.6957, 1599.6957, 955.2843, 717.74744, , 
65730.506182625, 004996, 0.46962807, 0.042910162, 2.174603, 0.69391185, -0.7035338, 0.028658079, 0.15068232, 1599.6957, 1599.6957, 955.2847, 717.75134, , 
65730.53952075, 004997, 0.4774455, 0.041854795, 2.1593108, 0.6911416, -0.70650005, 0.03765585, 0.1475227, 1599.6957, 1599.6957, 955.2865, 717.76105, , 
65730.556189458, 004998, 0.48155117, 0.04134622, 2.1518548, 0.69014317, -0.70756996, 0.04183753, 0.14593361, 1599.6957, 1599.6957, 955.2873, 717.764, , 
65730.572858666, 004999, 0.48552805, 0.0406045, 2.1456506, 0.68953997, -0.7082708, 0.045821164, 0.1441785, 1599.6957, 1599.6957, 955.28796, 717.766, , 
65730.606196708, 005000, 0.4937876, 0.038973216, 2.1333296, 0.68896484, -0.70893204, 0.053608336, 0.14095725, 1599.6957, 1599.6957, 955.2892, 717.7663, , 
65730.622865541, 005001, 0.4982993, 0.038148835, 2.126233, 0.68857145, -0.7092516, 0.057312142, 0.13980986, 1599.6957, 1599.6957, 955.29, 717.76666, , 
65730.656203583, 005002, 0.5077364, 0.036101926, 2.1113453, 0.6873025, -0.71017003, 0.06387373, 0.13854247, 1599.2438, 1599.2438, 955.2915, 717.7689, , 
65730.672872708, 005003, 0.51257986, 0.0349037, 2.1036859, 0.68656105, -0.71068007, 0.06690835, 0.1381704, 1599.6957, 1599.6957, 955.2924, 717.7705, , 
65730.689541541, 005004, 0.5174892, 0.0332946, 2.0967934, 0.68596643, -0.7110806, 0.06983988, 0.13761096, 1599.6957, 1599.6957, 955.2936, 717.7724, , 
65730.722879666, 005005, 0.5273173, 0.030555222, 2.081821, 0.68508685, -0.7116829, 0.07525534, 0.136015, 1599.6957, 1599.6957, 955.29486, 717.77386, , 
65730.739548708, 005006, 0.53217685, 0.029245365, 2.0741315, 0.6848506, -0.71178097, 0.077532746, 0.13541137, 1599.6957, 1599.6957, 955.29565, 717.774, , 
65730.772886583, 005007, 0.5417746, 0.026678946, 2.058595, 0.68488824, -0.7115476, 0.08075637, 0.13455981, 1599.6957, 1599.6957, 955.2965, 717.77295, , 
65730.789555583, 005008, 0.54619074, 0.02523401, 2.051864, 0.68515104, -0.71128434, 0.081814766, 0.13397388, 1599.6957, 1599.6957, 955.2967, 717.77136, , 
65730.806224666, 005009, 0.5509276, 0.023940768, 2.0443702, 0.68555015, -0.7108429, 0.08292065, 0.1335941, 1599.2438, 1599.2438, 955.2968, 717.76965, , 
65730.822893708, 005010, 0.5557635, 0.022705771, 2.036556, 0.68608326, -0.71021503, 0.08395569, 0.1335506, 1599.2438, 1599.2438, 955.29694, 717.76764, , 
65730.856231583, 005011, 0.5654584, 0.02032904, 2.0206778, 0.6875251, -0.70858854, 0.08518313, 0.13399792, 1599.2438, 1599.2438, 955.2974, 717.76184, , 
65730.872900708, 005012, 0.5700219, 0.019317184, 2.0128062, 0.68846714, -0.70775753, 0.084895365, 0.13373439, 1599.2438, 1599.2438, 955.29706, 717.75867, , 
65730.889569708, 005013, 0.5745649, 0.018396262, 2.0047584, 0.6892456, -0.7071179, 0.0838511, 0.1337673, 1599.2438, 1599.2438, 955.2964, 717.7554, , 
65730.922907625, 005014, 0.58424205, 0.016824197, 1.9875722, 0.689627, -0.70638907, 0.08174231, 0.13692053, 1599.2438, 1599.2438, 955.2965, 717.75464, , 
65730.939576625, 005015, 0.58896005, 0.016309064, 1.9786575, 0.6895517, -0.7060385, 0.08118585, 0.13941637, 1599.2438, 1599.2438, 955.2974, 717.7555, , 
65730.956245708, 005016, 0.5934321, 0.016024347, 1.9698199, 0.6896779, -0.7054866, 0.08096225, 0.14169744, 1599.6957, 1599.6957, 955.2982, 717.75543, , 
65730.989583541, 005017, 0.6019214, 0.015586663, 1.951389, 0.6908915, -0.70371616, 0.08195772, 0.14399768, 1599.6957, 1599.6957, 955.2994, 717.75183, , 
65731.006252625, 005018, 0.6058069, 0.01579788, 1.9431838, 0.6918924, -0.70266724, 0.08273119, 0.14387189, 1599.6957, 1599.6957, 955.29974, 717.74713, , 
65731.022921583, 005019, 0.6095801, 0.016139302, 1.9353234, 0.69286853, -0.7017606, 0.08307074, 0.14340329, 1599.6957, 1599.6957, 955.2996, 717.7436, , 
65731.056259708, 005020, 0.61707354, 0.016851809, 1.9194708, 0.69390535, -0.70079654, 0.08231778, 0.14353831, 1599.6957, 1599.6957, 955.299, 717.7391, , 
65731.072928625, 005021, 0.6213108, 0.017148156, 1.9103458, 0.69369566, -0.7006349, 0.081946746, 0.14553896, 1599.6957, 1599.6957, 955.2996, 717.7396, , 
65731.089597583, 005022, 0.62545174, 0.017418165, 1.9007428, 0.69313395, -0.7004056, 0.08194458, 0.14927247, 1599.6957, 1599.6957, 955.3009, 717.7414, , 
65731.122935708, 005023, 0.63209105, 0.017931033, 1.882637, 0.69231427, -0.69902384, 0.082604, 0.15888077, 1599.2438, 1599.2438, 955.3063, 717.74585, , 
65731.139604583, 005024, 0.6348003, 0.018261943, 1.8744055, 0.69275177, -0.69761515, 0.08328217, 0.16276371, 1599.6957, 1599.6957, 955.3085, 717.74506, , 
65731.156273625, 005025, 0.63716245, 0.018618483, 1.8668123, 0.6937888, -0.69586265, 0.08389214, 0.1655121, 1599.6957, 1599.6957, 955.3103, 717.74225, , 
65731.189611666, 005026, 0.64220935, 0.018432673, 1.851504, 0.69604516, -0.6927978, 0.08404946, 0.1687841, 1599.2438, 1599.2438, 955.31274, 717.73303, , 
65731.206280666, 005027, 0.64448875, 0.01815318, 1.8446299, 0.69659257, -0.6919159, 0.08332678, 0.1704928, 1599.2438, 1599.2438, 955.31335, 717.7309, , 
65731.222949625, 005028, 0.6467262, 0.017770145, 1.8379933, 0.6967416, -0.6914753, 0.081909955, 0.17234828, 1599.2438, 1599.2438, 955.3138, 717.7306, , 
65731.256287666, 005029, 0.65110147, 0.016912226, 1.8249495, 0.6964839, -0.6912903, 0.07750271, 0.17612821, 1599.2438, 1599.2438, 955.3136, 717.7329, , 
65731.272956708, 005030, 0.6536854, 0.016566101, 1.8174026, 0.69626415, -0.69114584, 0.07527423, 0.17851458, 1599.2438, 1599.2438, 955.3136, 717.7349, , 
65731.289625541, 005031, 0.6560794, 0.016297948, 1.8097018, 0.696127, -0.6907226, 0.073396854, 0.18144491, 1599.2438, 1599.2438, 955.314, 717.73615, , 
65731.322963666, 005032, 0.65942043, 0.01599333, 1.7955834, 0.69638145, -0.68899226, 0.07101304, 0.18788208, 1599.2438, 1599.2438, 955.3166, 717.73676, , 
65731.33963275, 005033, 0.66074127, 0.015954796, 1.7889096, 0.6967856, -0.6879067, 0.07026207, 0.19062352, 1599.2438, 1599.2438, 955.31775, 717.73596, , 
65731.356301791, 005034, 0.6619823, 0.0159049, 1.7824602, 0.69718385, -0.6869609, 0.06957279, 0.19281875, 1599.6957, 1599.6957, 955.31866, 717.7349, , 
65731.389639666, 005035, 0.6653224, 0.015879009, 1.7681073, 0.6971282, -0.68616855, 0.06852233, 0.19618767, 1599.6957, 1599.6957, 955.3203, 717.73486, , 
65731.406308666, 005036, 0.6667604, 0.015463959, 1.7614217, 0.6965863, -0.68629885, 0.068085685, 0.19780195, 1599.6957, 1599.6957, 955.321, 717.73663, , 
65731.439646583, 005037, 0.6693591, 0.014131587, 1.7481781, 0.6949061, -0.6871378, 0.06751384, 0.20096971, 1599.2438, 1599.2438, 955.32275, 717.74335, , 
65731.456315666, 005038, 0.6705031, 0.013335723, 1.7414303, 0.69401836, -0.68755287, 0.06725837, 0.20269631, 1599.2438, 1599.2438, 955.32367, 717.7465, , 
65731.472984708, 005039, 0.6718265, 0.012670297, 1.734427, 0.69325036, -0.68783724, 0.06689384, 0.20447278, 1599.2438, 1599.2438, 955.3246, 717.7494, , 
65731.506322791, 005040, 0.6738617, 0.011200864, 1.7204114, 0.69251835, -0.687801, 0.065479234, 0.20751017, 1599.2438, 1599.2438, 955.32587, 717.7533, , 
65731.522991666, 005041, 0.6745813, 0.010360125, 1.7133299, 0.69243187, -0.6875587, 0.0647789, 0.20881747, 1599.2438, 1599.2438, 955.32635, 717.75397, , 
65731.55632975, 005042, 0.67573917, 0.008584913, 1.6986269, 0.692431, -0.68684953, 0.064130865, 0.21133898, 1599.2438, 1599.2438, 955.32764, 717.7545, , 
65731.57299875, 005043, 0.6763681, 0.007780429, 1.6909486, 0.6924414, -0.6865177, 0.064192794, 0.21236172, 1599.2438, 1599.2438, 955.3283, 717.7545, , 
65731.589667583, 005044, 0.6769556, 0.006980557, 1.6831874, 0.6925569, -0.6861752, 0.06442113, 0.21302219, 1599.2438, 1599.2438, 955.32916, 717.754, , 
65731.62300575, 005045, 0.677929, 0.0053069107, 1.6676697, 0.69320154, -0.6854695, 0.06528134, 0.21293546, 1599.2438, 1599.2438, 955.3296, 717.7517, , 
65731.63967475, 005046, 0.6784068, 0.0044412576, 1.6598293, 0.69359654, -0.6851983, 0.06602639, 0.21229126, 1599.2438, 1599.2438, 955.3297, 717.74963, , 
65731.673012708, 005047, 0.6797949, 0.0027965312, 1.6431189, 0.6942204, -0.6849238, 0.0683628, 0.21038988, 1599.2438, 1599.2438, 955.32996, 717.74664, , 
65731.689681708, 005048, 0.6806716, 0.0020464254, 1.6343504, 0.69456947, -0.684816, 0.06995721, 0.20906042, 1599.2438, 1599.2438, 955.3301, 717.7443, , 
65731.706350708, 005049, 0.68133795, 0.0012380034, 1.6258686, 0.69500726, -0.68467575, 0.0715487, 0.20752068, 1599.2438, 1599.2438, 955.3301, 717.74225, , 
65731.739688625, 005050, 0.6825271, -0.0004461633, 1.6087692, 0.6960819, -0.68419576, 0.07407919, 0.2045933, 1599.2438, 1599.2438, 955.32983, 717.7377, , 
65731.756357708, 005051, 0.68314713, -0.001321506, 1.5999808, 0.6965975, -0.68391234, 0.07508609, 0.20341568, 1599.2438, 1599.2438, 955.3296, 717.73474, , 
65731.78969575, 005052, 0.68499374, -0.0030631875, 1.5818455, 0.6972007, -0.68356234, 0.07732631, 0.2016787, 1599.2438, 1599.2438, 955.3297, 717.7314, , 
65731.806364791, 005053, 0.68585736, -0.003885332, 1.5724381, 0.6972421, -0.68348217, 0.078800574, 0.20123632, 1599.2438, 1599.2438, 955.33057, 717.73035, , 
65731.823033666, 005054, 0.6867254, -0.0045941095, 1.5629439, 0.6972775, -0.6833836, 0.0805382, 0.20075983, 1599.2438, 1599.2438, 955.33136, 717.7297, , 
65731.856371791, 005055, 0.68843126, -0.005618591, 1.543931, 0.69753903, -0.6829036, 0.08439773, 0.19989692, 1599.6957, 1599.6957, 955.3333, 717.7274, , 
65731.87304075, 005056, 0.68953943, -0.0062506236, 1.5349213, 0.6976132, -0.6826938, 0.08634071, 0.19952522, 1599.2438, 1599.2438, 955.33484, 717.726, , 
65731.906378666, 005057, 0.69175655, -0.00682798, 1.5172037, 0.69765186, -0.68283796, 0.08976156, 0.19737539, 1599.2438, 1599.2438, 955.336, 717.72424, , 
65731.92304775, 005058, 0.69287777, -0.0068105087, 1.508341, 0.6973839, -0.6833782, 0.09110952, 0.19582853, 1599.2438, 1599.2438, 955.3359, 717.7241, , 
65731.93971675, 005059, 0.6940474, -0.0067190635, 1.4993882, 0.69673955, -0.6841938, 0.09244655, 0.1946447, 1599.2438, 1599.2438, 955.33575, 717.72534, , 
65731.973054666, 005060, 0.69688886, -0.006541777, 1.4809852, 0.6946355, -0.6861359, 0.09560584, 0.19380032, 1599.2438, 1599.2438, 955.3373, 717.73157, , 
65731.989723625, 005061, 0.69838303, -0.0063950345, 1.471785, 0.6936342, -0.6869372, 0.09730427, 0.19370246, 1599.2438, 1599.2438, 955.33844, 717.73425, , 
65732.023061708, 005062, 0.7004902, -0.00565803, 1.4544774, 0.69250786, -0.68799335, 0.100384586, 0.19240837, 1599.2438, 1599.2438, 955.3401, 717.73737, , 
65732.039730666, 005063, 0.70142263, -0.0052218284, 1.4462167, 0.6922357, -0.688379, 0.10193415, 0.19118977, 1599.2438, 1599.2438, 955.34033, 717.73755, , 
65732.056399666, 005064, 0.7023671, -0.004812233, 1.4381053, 0.69196725, -0.68877375, 0.1036526, 0.18981098, 1599.2438, 1599.2438, 955.3405, 717.73755, , 
65732.089737791, 005065, 0.7041399, -0.004188943, 1.423352, 0.6910629, -0.68986076, 0.10781528, 0.18681549, 1599.2438, 1599.2438, 955.3415, 717.73816, , 
65732.106406666, 005066, 0.70546436, -0.0040137656, 1.415742, 0.6902778, -0.69069827, 0.110146545, 0.18525699, 1599.2438, 1599.2438, 955.3419, 717.7394, , 
65732.123075708, 005067, 0.7070175, -0.0039355303, 1.4080888, 0.68927866, -0.6917266, 0.11253311, 0.18369964, 1599.2438, 1599.2438, 955.3428, 717.7419, , 
65732.15641375, 005068, 0.7104706, -0.0040496103, 1.392645, 0.6868381, -0.6938576, 0.117349334, 0.18178043, 1599.2438, 1599.2438, 955.3447, 717.7474, , 
65732.173082791, 005069, 0.7125049, -0.004425876, 1.3847742, 0.68564487, -0.6946715, 0.1195742, 0.18172652, 1599.2438, 1599.2438, 955.3464, 717.7503, , 
65732.206420708, 005070, 0.71621966, -0.004982438, 1.3694612, 0.6841635, -0.695397, 0.123058535, 0.18220833, 1599.2438, 1599.2438, 955.3503, 717.75476, , 
65732.223089666, 005071, 0.7179197, -0.005142484, 1.3621248, 0.68395007, -0.69538224, 0.124309905, 0.1822168, 1599.2438, 1599.2438, 955.35144, 717.755, , 
65732.239758791, 005072, 0.7196373, -0.005355004, 1.354882, 0.6838772, -0.6952974, 0.12528753, 0.18214367, 1599.2438, 1599.2438, 955.3524, 717.75464, , 
65732.273096666, 005073, 0.7236091, -0.006368093, 1.3399613, 0.68326104, -0.6954955, 0.1268902, 0.18259048, 1599.2438, 1599.2438, 955.354, 717.75525, , 
65732.28976575, 005074, 0.72588027, -0.0071452744, 1.3322014, 0.6825984, -0.69586945, 0.12765934, 0.18310715, 1599.2438, 1599.2438, 955.3554, 717.75745, , 
65732.30643475, 005075, 0.7281065, -0.007902928, 1.3244373, 0.681855, -0.69632286, 0.12842233, 0.18361898, 1599.2438, 1599.2438, 955.35657, 717.75946, , 
65732.339772625, 005076, 0.73260623, -0.009346303, 1.3088547, 0.6808545, -0.69692653, 0.12965384, 0.18417482, 1599.2438, 1599.2438, 955.35834, 717.7626, , 
65732.356441708, 005077, 0.734857, -0.010006398, 1.3010204, 0.68082273, -0.6969102, 0.12974992, 0.18428655, 1599.2438, 1599.2438, 955.35876, 717.763, , 
65732.37311075, 005078, 0.7373189, -0.010738835, 1.2940418, 0.6810338, -0.69669646, 0.12943295, 0.18453723, 1599.2438, 1599.2438, 955.3587, 717.7625, , 
65732.406448625, 005079, 0.74204314, -0.012044381, 1.2788045, 0.68199277, -0.6956042, 0.12844154, 0.18580487, 1599.2438, 1599.2438, 955.35876, 717.7598, , 
65732.423117708, 005080, 0.7443287, -0.0126071945, 1.2705326, 0.68264526, -0.6948926, 0.12772603, 0.18656304, 1599.2438, 1599.2438, 955.3589, 717.75806, , 
65732.439786708, 005081, 0.7467007, -0.013175398, 1.2620832, 0.683267, -0.6942793, 0.12659027, 0.1873428, 1599.2438, 1599.2438, 955.3587, 717.7565, , 
65732.473124791, 005082, 0.75194186, -0.014371909, 1.245603, 0.68408114, -0.6936105, 0.122813635, 0.18935221, 1599.2438, 1599.2438, 955.3572, 717.7552, , 
65732.489793625, 005083, 0.75477934, -0.014966853, 1.2375009, 0.6843143, -0.69346386, 0.12045625, 0.19055712, 1599.2438, 1599.2438, 955.35626, 717.7556, , 
65732.506462708, 005084, 0.7575866, -0.015535887, 1.2288251, 0.6846037, -0.6932912, 0.117965944, 0.19170074, 1599.2438, 1599.2438, 955.355, 717.7562, , 
65732.53980075, 005085, 0.7631802, -0.01631742, 1.2111611, 0.6856091, -0.69283646, 0.112736456, 0.19289428, 1599.2438, 1599.2438, 955.3519, 717.75574, , 
65732.556469666, 005086, 0.7660222, -0.016520288, 1.202159, 0.6861327, -0.6926585, 0.10995263, 0.19327779, 1599.6957, 1599.6957, 955.34937, 717.755, , 
65732.573138666, 005087, 0.7685394, -0.016567029, 1.1931936, 0.6863467, -0.6925437, 0.10718033, 0.19448338, 1599.2438, 1599.2438, 955.34796, 717.7555, , 
65732.606476708, 005088, 0.77343243, -0.01642564, 1.1742022, 0.6864935, -0.69175136, 0.10237871, 0.19931173, 1599.2438, 1599.2438, 955.3478, 717.75806, , 
65732.623145833, 005089, 0.775629, -0.016078144, 1.1646837, 0.6872266, -0.69063264, 0.100345105, 0.20168516, 1599.2438, 1599.2438, 955.3481, 717.7572, , 
65732.65648375, 005090, 0.7795719, -0.014796015, 1.1466184, 0.6901928, -0.68745834, 0.096358, 0.20432812, 1599.2438, 1599.2438, 955.3474, 717.7498, , 
65732.673152708, 005091, 0.7815093, -0.014204256, 1.1372856, 0.6917181, -0.6860277, 0.09382942, 0.20515366, 1599.2438, 1599.2438, 955.34576, 717.744, , 
65732.68982175, 005092, 0.7835521, -0.0136237, 1.1278954, 0.6928711, -0.6848635, 0.09100798, 0.20641975, 1599.2438, 1599.2438, 955.3445, 717.741, , 
65732.723159708, 005093, 0.78766656, -0.012301717, 1.1087977, 0.69376814, -0.6826193, 0.086735815, 0.21258786, 1599.2438, 1599.2438, 955.3454, 717.7392, , 
65732.73982875, 005094, 0.78952336, -0.011576943, 1.0989225, 0.69367903, -0.6812359, 0.08562886, 0.21770275, 1599.2438, 1599.2438, 955.34845, 717.7403, , 
65732.77316675, 005095, 0.79234743, -0.009910256, 1.0797532, 0.69402564, -0.6780413, 0.08261764, 0.22751397, 1599.2438, 1599.2438, 955.3554, 717.7416, , 
65732.789835583, 005096, 0.7934318, -0.009001531, 1.0709858, 0.69462836, -0.6766231, 0.079678215, 0.23091969, 1599.2438, 1599.2438, 955.35626, 717.74084, , 
65732.806504708, 005097, 0.7945933, -0.008012801, 1.0630903, 0.6952533, -0.6755313, 0.075588554, 0.23359467, 1599.2438, 1599.2438, 955.3555, 717.7402, , 
65732.83984275, 005098, 0.79668283, -0.0064380206, 1.0484252, 0.6961643, -0.6738862, 0.065613605, 0.2385945, 1599.2438, 1599.2438, 955.3514, 717.74005, , 
65732.856511666, 005099, 0.7975358, -0.005926635, 1.0413232, 0.69663274, -0.6729983, 0.060360093, 0.24110724, 1599.6957, 1599.6957, 955.34924, 717.7401, , 
65732.873180708, 005100, 0.79779005, -0.005684652, 1.0341023, 0.69721687, -0.6719365, 0.055117622, 0.2436225, 1599.2438, 1599.2438, 955.3467, 717.73944, , 
65732.90651875, 005101, 0.7982533, -0.0055824406, 1.0191674, 0.69837296, -0.66898996, 0.045703817, 0.25027716, 1599.2438, 1599.2438, 955.3445, 717.7379, , 
65732.92318775, 005102, 0.79841805, -0.0056613907, 1.0112748, 0.6988469, -0.6669569, 0.04207142, 0.25497356, 1599.2438, 1599.2438, 955.3451, 717.7372, , 
65732.956525666, 005103, 0.7983022, -0.005907986, 0.99516594, 0.699881, -0.6619128, 0.037013486, 0.26583448, 1599.2438, 1599.2438, 955.3504, 717.73535, , 
65732.973194666, 005104, 0.7979224, -0.0061027477, 0.9867425, 0.7004781, -0.65933615, 0.034935214, 0.27089816, 1599.2438, 1599.2438, 955.3532, 717.7341, , 
65733.006532625, 005105, 0.7974327, -0.006425131, 0.9714371, 0.70154727, -0.6551936, 0.030662175, 0.27859014, 1599.2438, 1599.2438, 955.3576, 717.7309, , 
65733.023201666, 005106, 0.7974627, -0.006695632, 0.96443623, 0.7016537, -0.65391505, 0.028748313, 0.281515, 1599.2438, 1599.2438, 955.3587, 717.7306, , 
65733.05653975, 005107, 0.79792184, -0.0076164044, 0.95079416, 0.70108974, -0.65248597, 0.026244175, 0.28643742, 1599.2438, 1599.2438, 955.3612, 717.7331, , 
65733.07320875, 005108, 0.79767746, -0.008252647, 0.9428363, 0.70065486, -0.6520723, 0.025452567, 0.2885077, 1599.2438, 1599.2438, 955.3623, 717.7348, , 
65733.089877666, 005109, 0.7975628, -0.00892096, 0.935161, 0.7002836, -0.6517191, 0.024540966, 0.29028067, 1599.2438, 1599.2438, 955.3632, 717.73645, , 
65733.123215666, 005110, 0.7981048, -0.0102599, 0.92174596, 0.69988227, -0.65099096, 0.02140717, 0.29311618, 1599.2438, 1599.2438, 955.36346, 717.73883, , 
65733.139884708, 005111, 0.79841036, -0.010986809, 0.91517866, 0.6997744, -0.65052676, 0.019385507, 0.2945417, 1599.2438, 1599.2438, 955.363, 717.7393, , 
65733.173222666, 005112, 0.7990991, -0.012660995, 0.90072924, 0.6993981, -0.64921635, 0.0158825, 0.2985097, 1599.2438, 1599.2438, 955.3631, 717.74115, , 
65733.189891708, 005113, 0.79939264, -0.013620131, 0.892877, 0.69910413, -0.6483308, 0.014403813, 0.30118605, 1599.2438, 1599.2438, 955.364, 717.74243, , 
65733.223229791, 005114, 0.79950655, -0.015698668, 0.8778134, 0.69870985, -0.64622515, 0.011525631, 0.3066997, 1598.7919, 1598.7919, 955.36694, 717.7449, , 
65733.239898625, 005115, 0.799408, -0.016702287, 0.8704293, 0.6986628, -0.6451904, 0.009844216, 0.30903482, 1599.2438, 1599.2438, 955.36786, 717.74536, , 
65733.256567708, 005116, 0.799248, -0.01765107, 0.8631545, 0.6986904, -0.64431363, 0.007942181, 0.31085137, 1599.2438, 1599.2438, 955.3682, 717.7455, , 
65733.289905791, 005117, 0.7989788, -0.019540627, 0.8476126, 0.69872105, -0.64318955, 0.0040328745, 0.31317684, 1598.7919, 1598.7919, 955.36707, 717.74524, , 
65733.306574625, 005118, 0.7986921, -0.02043635, 0.84008557, 0.69857, -0.6428642, 0.0022279858, 0.31419826, 1599.2438, 1599.2438, 955.3662, 717.74585, , 
65733.339912708, 005119, 0.79774183, -0.022004623, 0.8248937, 0.69832236, -0.6419902, -0.0011431788, 0.3165328, 1599.2438, 1599.2438, 955.3654, 717.7468, , 
65733.35658175, 005120, 0.7970129, -0.022542961, 0.8172633, 0.69862944, -0.6410955, -0.002972172, 0.31765473, 1599.2438, 1599.2438, 955.3649, 717.74634, , 
65733.373250708, 005121, 0.7963367, -0.023128372, 0.809696, 0.69926995, -0.6398969, -0.0051295506, 0.31863317, 1599.2438, 1599.2438, 955.36426, 717.7438, , 
65733.406588666, 005122, 0.7946633, -0.023745824, 0.79469967, 0.70130783, -0.6369533, -0.009995735, 0.31993428, 1599.2438, 1599.2438, 955.3622, 717.7368, , 
65733.423257708, 005123, 0.7937749, -0.023861773, 0.7871146, 0.7023376, -0.6355447, -0.012483249, 0.3203888, 1599.2438, 1599.2438, 955.36053, 717.73175, , 
65733.456595625, 005124, 0.79213214, -0.024063446, 0.7712803, 0.7036192, -0.6331491, -0.016261498, 0.32214576, 1599.2438, 1599.2438, 955.35913, 717.72656, , 
65733.473264666, 005125, 0.7916131, -0.024178036, 0.76272774, 0.7041069, -0.6319244, -0.01703324, 0.3234422, 1599.2438, 1599.2438, 955.36, 717.72437, , 
65733.489933708, 005126, 0.7910463, -0.024151597, 0.75416714, 0.7047478, -0.63051295, -0.017266542, 0.32478586, 1599.2438, 1599.2438, 955.36115, 717.72235, , 
65733.523271541, 005127, 0.7894177, -0.023659017, 0.73741233, 0.7064742, -0.62705743, -0.017102266, 0.32772043, 1599.2438, 1599.2438, 955.3653, 717.71606, , 
65733.539940625, 005128, 0.7884664, -0.023319807, 0.7290354, 0.7073563, -0.6250956, -0.016779168, 0.3295771, 1599.2438, 1599.2438, 955.36774, 717.71326, , 
65733.573278708, 005129, 0.78672755, -0.022755463, 0.71231383, 0.7087647, -0.62115955, -0.01606993, 0.33399874, 1599.2438, 1599.2438, 955.37463, 717.7081, , 
65733.589947791, 005130, 0.78586906, -0.022417359, 0.7042245, 0.7094619, -0.6192402, -0.01582187, 0.33608785, 1599.2438, 1599.2438, 955.3775, 717.7061, , 
65733.606616583, 005131, 0.7850638, -0.021989409, 0.69647497, 0.7102939, -0.61744446, -0.01580509, 0.33763158, 1599.2438, 1599.2438, 955.3798, 717.7037, , 
65733.639954666, 005132, 0.7838633, -0.02097705, 0.6820215, 0.71236646, -0.6144441, -0.016937774, 0.3386822, 1599.2438, 1599.2438, 955.38214, 717.69556, , 
65733.656623708, 005133, 0.78355795, -0.020538058, 0.67511857, 0.7132225, -0.6134149, -0.018009705, 0.3386908, 1599.2438, 1599.2438, 955.38184, 717.6923, , 
65733.689961625, 005134, 0.7826525, -0.019949138, 0.6617053, 0.71440065, -0.612003, -0.020173898, 0.33863977, 1599.2438, 1599.2438, 955.3807, 717.68695, , 
65733.706630666, 005135, 0.78265655, -0.019679483, 0.65496886, 0.71468914, -0.61162984, -0.021273155, 0.33863804, 1599.2438, 1599.2438, 955.37994, 717.6856, , 
65733.723299708, 005136, 0.7828314, -0.019433938, 0.6481938, 0.7147174, -0.61147964, -0.022533044, 0.33876824, 1599.2438, 1599.2438, 955.379, 717.685, , 
65733.756637583, 005137, 0.7832433, -0.019085791, 0.63438743, 0.7141734, -0.61121935, -0.024381282, 0.34025404, 1599.2438, 1599.2438, 955.378, 717.6865, , 
65733.773306625, 005138, 0.7838014, -0.019090798, 0.6278574, 0.7137192, -0.6108161, -0.024752239, 0.34190047, 1599.2438, 1599.2438, 955.3789, 717.688, , 
65733.789975708, 005139, 0.7841738, -0.019152809, 0.62123793, 0.71304005, -0.6102712, -0.025094131, 0.34425744, 1599.2438, 1599.2438, 955.38043, 717.6901, , 
65733.823313583, 005140, 0.7840132, -0.019306, 0.6076361, 0.71097547, -0.60918313, -0.02735434, 0.35023057, 1599.2438, 1599.2438, 955.3843, 717.69794, , 
65733.839982583, 005141, 0.78375244, -0.019406471, 0.6010182, 0.7097181, -0.60868293, -0.029493151, 0.35346204, 1598.7919, 1598.7919, 955.3852, 717.702, , 
65733.856651666, 005142, 0.78339267, -0.019520577, 0.594526, 0.70838594, -0.6081615, -0.032156214, 0.35678396, 1598.7919, 1598.7919, 955.38574, 717.7077, , 
65733.889989708, 005143, 0.78340715, -0.019902539, 0.58101606, 0.7058439, -0.6068824, -0.03833646, 0.3633298, 1598.7919, 1598.7919, 955.38574, 717.7158, , 
65733.906658541, 005144, 0.7828219, -0.020055383, 0.5745887, 0.7047388, -0.6060208, -0.041497335, 0.3665515, 1598.7919, 1598.7919, 955.38574, 717.7204, , 
65733.923327583, 005145, 0.78200567, -0.020189542, 0.5682651, 0.7037581, -0.60501695, -0.044652086, 0.3697094, 1598.7919, 1598.7919, 955.38574, 717.72327, , 
65733.956665708, 005146, 0.780044, -0.020263672, 0.5558865, 0.7024568, -0.6025599, -0.05144528, 0.3752723, 1598.7919, 1598.7919, 955.3851, 717.72723, , 
65733.973334541, 005147, 0.7791974, -0.02023163, 0.5492196, 0.702131, -0.6010828, -0.055386603, 0.37768224, 1599.2438, 1599.2438, 955.38416, 717.72754, , 
65733.990003541, 005148, 0.77821684, -0.020142779, 0.54259926, 0.7018478, -0.599315, -0.059814315, 0.38033336, 1599.2438, 1599.2438, 955.383, 717.7273, , 
65734.023341666, 005149, 0.77554953, -0.019856952, 0.52988714, 0.7011234, -0.5946322, -0.0701112, 0.38719863, 1599.2438, 1599.2438, 955.3807, 717.7266, , 
65734.040010708, 005150, 0.7740775, -0.019667402, 0.52360386, 0.70075184, -0.59181184, -0.07603273, 0.3910557, 1599.2438, 1599.2438, 955.3797, 717.72595, , 
65734.073348625, 005151, 0.77157867, -0.019327331, 0.5119044, 0.7001044, -0.5854385, -0.089231275, 0.39894018, 1599.2438, 1599.2438, 955.3766, 717.7229, , 
65734.090017625, 005152, 0.7702956, -0.019199464, 0.5058829, 0.6997953, -0.58194155, -0.09602834, 0.40300012, 1599.2438, 1599.2438, 955.3752, 717.721, , 
65734.106686708, 005153, 0.7689839, -0.019134019, 0.49963027, 0.69944215, -0.5783299, -0.10263685, 0.40716183, 1599.2438, 1599.2438, 955.37415, 717.7191, , 
65734.140024541, 005154, 0.7667039, -0.019085456, 0.486955, 0.6985188, -0.5712713, -0.11572746, 0.4151237, 1599.2438, 1599.2438, 955.37195, 717.71484, , 
65734.156693666, 005155, 0.76581717, -0.019022644, 0.4805752, 0.69783473, -0.56801933, -0.12257514, 0.41875538, 1599.2438, 1599.2438, 955.3703, 717.71313, , 
65734.190031666, 005156, 0.7648636, -0.01927159, 0.4672945, 0.695716, -0.5609395, -0.1360718, 0.42756343, 1599.2438, 1599.2438, 955.3675, 717.71124, , 
65734.206700583, 005157, 0.7639666, -0.019167602, 0.46062636, 0.6947197, -0.55666655, -0.14238793, 0.43268067, 1599.2438, 1599.2438, 955.3676, 717.71094, , 
65734.223369541, 005158, 0.7629929, -0.018841445, 0.45420647, 0.6942025, -0.55192393, -0.14855076, 0.4374877, 1599.2438, 1599.2438, 955.36847, 717.7085, , 
65734.256707666, 005159, 0.76127356, -0.017554399, 0.44248313, 0.6945773, -0.5418855, -0.16139226, 0.44483137, 1599.2438, 1599.2438, 955.3688, 717.69885, , 
65734.273376541, 005160, 0.76058316, -0.017034702, 0.436921, 0.6949434, -0.5370769, -0.16791214, 0.44766903, 1599.2438, 1599.2438, 955.3682, 717.6903, , 
65734.2900455, 005161, 0.7599616, -0.016578559, 0.43139213, 0.6950203, -0.5325192, -0.17414418, 0.4506038, 1598.7919, 1598.7919, 955.36786, 717.6848, , 
65734.323383666, 005162, 0.7587014, -0.015695691, 0.42024374, 0.6937118, -0.52417064, -0.18575132, 0.45771775, 1598.7919, 1598.7919, 955.36786, 717.6778, , 
65734.340052666, 005163, 0.7579792, -0.015348241, 0.41459006, 0.69226664, -0.52029335, -0.19128478, 0.46203017, 1598.7919, 1598.7919, 955.3681, 717.67755, , 
65734.3733905, 005164, 0.756065, -0.014799438, 0.40324664, 0.6883252, -0.5125307, -0.20188984, 0.4719758, 1599.2438, 1599.2438, 955.36914, 717.68054, , 
65734.390059541, 005165, 0.7549068, -0.014485367, 0.3977931, 0.6861102, -0.5085908, -0.20701925, 0.47721177, 1599.2438, 1599.2438, 955.3702, 717.6839, , 
65734.406728666, 005166, 0.7538287, -0.014006905, 0.39277938, 0.6840366, -0.50475043, -0.21191137, 0.48209387, 1599.2438, 1599.2438, 955.3711, 717.6862, , 
65734.440066583, 005167, 0.7520056, -0.012658168, 0.38409996, 0.6804956, -0.49818033, -0.22125618, 0.4896811, 1599.2438, 1599.2438, 955.3716, 717.6893, , 
65734.4567355, 005168, 0.7513516, -0.011887148, 0.38030693, 0.67892057, -0.49585488, -0.22579539, 0.49214953, 1599.2438, 1599.2438, 955.37067, 717.68964, , 
65734.473404583, 005169, 0.75073946, -0.011195969, 0.37667722, 0.6773702, -0.49402624, -0.2301288, 0.4941138, 1599.2438, 1599.2438, 955.369, 717.6898, , 
65734.5067425, 005170, 0.7490236, -0.010226481, 0.36948133, 0.6740314, -0.49042955, -0.23764887, 0.49868166, 1599.2438, 1599.2438, 955.3662, 717.6922, , 
65734.523411583, 005171, 0.74771065, -0.009939987, 0.36588314, 0.67225087, -0.4881749, -0.24087535, 0.50174004, 1599.2438, 1599.2438, 955.3661, 717.6942, , 
65734.556749625, 005172, 0.7443684, -0.009493295, 0.35908088, 0.66910356, -0.4828133, -0.24694689, 0.5081425, 1598.7919, 1598.7919, 955.3675, 717.69867, , 
65734.5734185, 005173, 0.7431384, -0.009361066, 0.3565886, 0.66809326, -0.47999904, -0.24991153, 0.5106824, 1599.2438, 1599.2438, 955.3681, 717.6989, , 
65734.590087541, 005174, 0.7418016, -0.009227332, 0.35416722, 0.66729224, -0.4773361, -0.25276607, 0.51281625, 1599.2438, 1599.2438, 955.36865, 717.6983, , 
65734.623425625, 005175, 0.7381914, -0.009050537, 0.34854564, 0.66529655, -0.47273856, -0.25771075, 0.5171885, 1599.2438, 1599.2438, 955.36975, 717.69824, , 
65734.640094666, 005176, 0.736191, -0.009118613, 0.3455649, 0.6638832, -0.47078916, -0.25991294, 0.5196747, 1599.2438, 1599.2438, 955.3702, 717.6998, , 
65734.656763458, 005177, 0.7341684, -0.00927652, 0.34255236, 0.66219896, -0.4691361, -0.26214138, 0.5221932, 1599.2438, 1599.2438, 955.37054, 717.7032, , 
65734.690101583, 005178, 0.73120576, -0.009915676, 0.33715644, 0.6582193, -0.46674109, -0.2675158, 0.52662635, 1599.2438, 1599.2438, 955.3694, 717.7089, , 
65734.706770625, 005179, 0.72932076, -0.010224961, 0.33437064, 0.6560238, -0.4658032, -0.270682, 0.52857476, 1599.2438, 1599.2438, 955.3674, 717.71265, , 
65734.7401085, 005180, 0.7247075, -0.011013534, 0.32876667, 0.6516892, -0.46388057, -0.27650988, 0.5325959, 1599.2438, 1599.2438, 955.3646, 717.7185, , 
65734.756777541, 005181, 0.72200245, -0.011477463, 0.32600546, 0.6498251, -0.462772, -0.2788274, 0.5346257, 1599.2438, 1599.2438, 955.36365, 717.72235, , 
65734.773446625, 005182, 0.71909004, -0.012000039, 0.32390445, 0.648223, -0.46163973, -0.2810022, 0.5364079, 1599.2438, 1599.2438, 955.3632, 717.7247, , 
65734.806784458, 005183, 0.71305287, -0.0127867535, 0.3195699, 0.6456545, -0.45991164, -0.2854694, 0.53862685, 1599.2438, 1599.2438, 955.36115, 717.7271, , 
65734.8234535, 005184, 0.70990413, -0.013069604, 0.3171571, 0.64458483, -0.45927492, -0.28748634, 0.5393778, 1599.2438, 1599.2438, 955.36005, 717.7276, , 
65734.840122583, 005185, 0.7065986, -0.0133126415, 0.31464422, 0.64359343, -0.45866013, -0.28913975, 0.54020053, 1599.2438, 1599.2438, 955.35913, 717.7283, , 
65734.873460458, 005186, 0.69995254, -0.013703115, 0.30955803, 0.64206606, -0.45729584, -0.29158083, 0.5418599, 1599.2438, 1599.2438, 955.35834, 717.7299, , 
65734.890129458, 005187, 0.6967101, -0.013781495, 0.30707577, 0.64154637, -0.4566039, -0.29277256, 0.5424163, 1599.2438, 1599.2438, 955.3581, 717.73004, , 
65734.9234675, 005188, 0.68976057, -0.013387721, 0.30223578, 0.64106756, -0.4547856, -0.29558063, 0.54298675, 1599.2438, 1599.2438, 955.35706, 717.72754, , 
65734.940136416, 005189, 0.6862947, -0.013009757, 0.29996264, 0.64114225, -0.45364934, -0.2972832, 0.5429195, 1599.2438, 1599.2438, 955.35657, 717.7251, , 
65734.956805458, 005190, 0.68291724, -0.012511972, 0.2977776, 0.6414057, -0.4525694, -0.29928872, 0.54240763, 1599.2438, 1599.2438, 955.3558, 717.7216, , 
65734.990143583, 005191, 0.6764875, -0.0115235, 0.29281825, 0.6420941, -0.45059335, -0.30341738, 0.5409424, 1599.2438, 1599.2438, 955.3532, 717.71204, , 
65735.006812541, 005192, 0.67297816, -0.011045568, 0.29036224, 0.6425512, -0.44927707, -0.3046889, 0.5407799, 1599.2438, 1599.2438, 955.35284, 717.7086, , 
65735.040150458, 005193, 0.6660419, -0.0099734105, 0.28558964, 0.6445108, -0.4463418, -0.30622742, 0.5400087, 1599.2438, 1599.2438, 955.35425, 717.6997, , 
65735.056819541, 005194, 0.6629666, -0.009302855, 0.28335613, 0.6458083, -0.44526193, -0.30742732, 0.5386667, 1599.2438, 1599.2438, 955.3544, 717.6941, , 
65735.073488541, 005195, 0.6600485, -0.008690938, 0.2804488, 0.64703816, -0.44451866, -0.3089303, 0.5369421, 1599.2438, 1599.2438, 955.35345, 717.686, , 
65735.106826458, 005196, 0.6543559, -0.0077322195, 0.2748391, 0.64846426, -0.44303635, -0.31127664, 0.5350885, 1599.2438, 1599.2438, 955.35254, 717.6772, , 
65735.123495458, 005197, 0.65142655, -0.0074166204, 0.27212942, 0.6484981, -0.44200435, -0.31198066, 0.5354908, 1599.2438, 1599.2438, 955.3527, 717.6755, , 
65735.156833541, 005198, 0.64587593, -0.0069032535, 0.2667756, 0.6474246, -0.44002026, -0.31383505, 0.53733706, 1599.2438, 1599.2438, 955.3536, 717.6757, , 
65735.173502416, 005199, 0.39568967, -0.0020944476, 0.1304163, 0.64499575, -0.43638155, -0.31862205, 0.54039943, 1599.2438, 1599.2438, 955.35333, 717.6762, , 
65735.206840416, 005200, 0.12027849, 0.0034399666, -0.02062723, 0.64147097, -0.43119743, -0.32498267, 0.5449496, 1599.2438, 1599.2438, 955.35297, 717.6774, , 
65735.223509541, 005201, 0.09747571, 0.0040311106, -0.034138963, 0.64043605, -0.42970976, -0.3260653, 0.5466925, 1599.2438, 1599.2438, 955.35333, 717.6788, , 
65735.240178375, 005202, 0.08865514, 0.0043068123, -0.04014894, 0.6394532, -0.42829236, -0.326566, 0.5486528, 1599.2438, 1599.2438, 955.3546, 717.68176, , 
65735.273516416, 005203, 0.081195444, 0.00448433, -0.04682548, 0.63717544, -0.4256334, -0.32700014, 0.55309546, 1599.2438, 1599.2438, 955.35706, 717.6881, , 
65735.290185458, 005204, 0.078733325, 0.0045231767, -0.049549296, 0.6357132, -0.42453027, -0.3273792, 0.55539685, 1599.2438, 1599.2438, 955.3581, 717.692, , 
65735.306854458, 005205, 0.076724395, 0.0047032125, -0.05201085, 0.63419855, -0.42376503, -0.3279802, 0.55735475, 1599.2438, 1599.2438, 955.35876, 717.6972, , 
65735.340192333, 005206, 0.07355504, 0.0053194053, -0.056575954, 0.63140225, -0.423112, -0.32953247, 0.5601031, 1599.2438, 1599.2438, 955.35846, 717.7036, , 
65735.356861458, 005207, 0.07218046, 0.005663876, -0.058750357, 0.63006365, -0.4229146, -0.3305299, 0.5611712, 1599.2438, 1599.2438, 955.3576, 717.707, , 
65735.390199375, 005208, 0.06912246, 0.005983684, -0.063473746, 0.6269549, -0.42205286, -0.33283114, 0.5639347, 1599.2438, 1599.2438, 955.35657, 717.7124, , 
65735.406868333, 005209, 0.06767458, 0.006068606, -0.065636665, 0.62525177, -0.42134458, -0.33406138, 0.56562525, 1599.2438, 1599.2438, 955.35626, 717.7167, , 
65735.423537416, 005210, 0.066300884, 0.0061215945, -0.067691535, 0.6236183, -0.4204994, -0.3353548, 0.5672897, 1599.2438, 1599.2438, 955.356, 717.7196, , 
65735.456875458, 005211, 0.06389262, 0.0062004365, -0.0715169, 0.62112266, -0.4185541, -0.33793947, 0.5699263, 1599.2438, 1599.2438, 955.35565, 717.72394, , 
65735.473544333, 005212, 0.06259899, 0.0060196146, -0.07341542, 0.6201358, -0.4173616, -0.33914456, 0.5711583, 1599.2438, 1599.2438, 955.3558, 717.72504, , 
65735.506882458, 005213, 0.060250346, 0.00515325, -0.07701261, 0.6182076, -0.4146288, -0.34070966, 0.5742988, 1599.2438, 1599.2438, 955.3572, 717.72876, , 
65735.523551458, 005214, 0.05911958, 0.0044823177, -0.07866971, 0.6173795, -0.41292056, -0.3411312, 0.57616705, 1599.2438, 1599.2438, 955.3586, 717.7308, , 
65735.556889416, 005215, 0.056890298, 0.0029112361, -0.08162275, 0.61628044, -0.40867567, -0.34225488, 0.57969326, 1599.2438, 1599.2438, 955.3623, 717.7331, , 
65735.573558375, 005216, 0.05552979, 0.0017597489, -0.083244205, 0.61578894, -0.40612584, -0.34264913, 0.58177084, 1599.2438, 1599.2438, 955.3644, 717.73413, , 
65735.590227416, 005217, 0.0541293, 0.0003831908, -0.08488363, 0.6153567, -0.4030612, -0.3425565, 0.5844081, 1598.7919, 1598.7919, 955.3675, 717.7357, , 
65735.623565333, 005218, 0.05169083, -0.0026721028, -0.0878896, 0.6149848, -0.3962647, -0.34134677, 0.5901273, 1599.2438, 1599.2438, 955.3774, 717.7405, , 
65735.640234291, 005219, 0.050726604, -0.004296854, -0.089335784, 0.6146495, -0.3932979, -0.34092924, 0.59269726, 1599.2438, 1599.2438, 955.38135, 717.74255, , 
65735.673572458, 005220, 0.04993241, -0.007863708, -0.092457265, 0.612999, -0.38936844, -0.3408697, 0.5970193, 1598.7919, 1598.7919, 955.3874, 717.74884, , 
65735.690241291, 005221, 0.049830478, -0.009743098, -0.09411517, 0.6118407, -0.38808814, -0.34082732, 0.599062, 1598.7919, 1598.7919, 955.38916, 717.75256, , 
65735.706910375, 005222, 0.049332317, -0.011401363, -0.09564836, 0.6107598, -0.38683945, -0.34061345, 0.60109085, 1599.2438, 1599.2438, 955.391, 717.7564, , 
65735.740248375, 005223, 0.047859672, -0.014000069, -0.09827705, 0.6085958, -0.38418117, -0.3408414, 0.6048497, 1599.2438, 1599.2438, 955.39496, 717.7642, , 
65735.756917458, 005224, 0.047210526, -0.014892556, -0.09945078, 0.6077705, -0.38308433, -0.34123155, 0.60615385, 1599.2438, 1599.2438, 955.396, 717.7665, , 
65735.790255333, 005225, 0.046335362, -0.01595978, -0.10169846, 0.60709053, -0.38127297, -0.34224612, 0.60740393, 1599.2438, 1599.2438, 955.3974, 717.76776, , 
65735.806924291, 005226, 0.046123024, -0.016046088, -0.10259695, 0.6069126, -0.38065422, -0.34293097, 0.6075836, 1599.2438, 1599.2438, 955.3975, 717.7672, , 
65735.823593333, 005227, 0.046017583, -0.015906543, -0.10338722, 0.6065347, -0.38021418, -0.3440243, 0.6076184, 1599.2438, 1599.2438, 955.3966, 717.7663, , 
65735.856931333, 005228, 0.04601259, -0.015210435, -0.10488011, 0.60543525, -0.37962455, -0.3468257, 0.607491, 1599.2438, 1599.2438, 955.39404, 717.7647, , 
65735.873600291, 005229, 0.04628234, -0.01474794, -0.10586848, 0.60468894, -0.379453, -0.34828752, 0.6075051, 1599.2438, 1599.2438, 955.39264, 717.76404, , 
65735.906938458, 005230, 0.04656413, -0.013947003, -0.107625976, 0.6028143, -0.37898034, -0.3512853, 0.60793704, 1598.7919, 1598.7919, 955.3893, 717.76404, , 
65735.923607291, 005231, 0.046454053, -0.013642851, -0.10829727, 0.60202134, -0.3785369, -0.3525906, 0.6082432, 1598.7919, 1598.7919, 955.3882, 717.76416, , 
65735.940276291, 005232, 0.046179686, -0.013384454, -0.10885872, 0.6014333, -0.377912, -0.35369867, 0.60857034, 1598.7919, 1598.7919, 955.38727, 717.764, , 
65735.973614333, 005233, 0.045472074, -0.01309162, -0.109884396, 0.60107106, -0.3763716, -0.3548901, 0.6091888, 1598.7919, 1598.7919, 955.3874, 717.7631, , 
65735.99028325, 005234, 0.045082953, -0.013042495, -0.11036302, 0.60134625, -0.37545782, -0.35499737, 0.60941845, 1598.7919, 1598.7919, 955.3883, 717.7621, , 
65736.023621291, 005235, 0.04407007, -0.012947459, -0.11101304, 0.60266525, -0.37329727, -0.35482353, 0.60954404, 1599.2438, 1599.2438, 955.39075, 717.7589, , 
65736.040290291, 005236, 0.04366324, -0.012900218, -0.111317456, 0.6034301, -0.37227955, -0.35471487, 0.60947305, 1599.2438, 1599.2438, 955.3919, 717.757, , 
65736.056959416, 005237, 0.043344382, -0.0128247775, -0.111619934, 0.60412, -0.37136292, -0.35470897, 0.60935205, 1599.2438, 1599.2438, 955.3933, 717.75446, , 
65736.090297333, 005238, 0.042937886, -0.012756173, -0.11207786, 0.6045787, -0.3700569, -0.35546046, 0.6092539, 1599.2438, 1599.2438, 955.3942, 717.7514, , 
65736.106966291, 005239, 0.04285939, -0.012733318, -0.112477556, 0.6042235, -0.3696543, -0.35613412, 0.6094572, 1599.2438, 1599.2438, 955.3939, 717.7509, , 
65736.140304166, 005240, 0.042737003, -0.012809202, -0.11345665, 0.60285264, -0.36885637, -0.35747787, 0.6105106, 1599.2438, 1599.2438, 955.3932, 717.7523, , 
65736.15697325, 005241, 0.042643897, -0.012857761, -0.11392327, 0.6021586, -0.36834309, -0.35802355, 0.61118525, 1599.2438, 1599.2438, 955.3932, 717.7538, , 
65736.17364225, 005242, 0.041021053, -0.012797315, -0.117610574, 0.6003728, -0.36563134, -0.36061186, 0.613046, 1599.2438, 1599.2438, 955.3932, 717.75464, , 
65736.206980333, 005243, 0.039347008, -0.012615278, -0.121880904, 0.59828496, -0.36257213, -0.36372086, 0.615064, 1599.2438, 1599.2438, 955.3932, 717.75543, , 
65736.223649125, 005244, 0.039321702, -0.012540787, -0.1224594, 0.597788, -0.36231947, -0.36439112, 0.6152992, 1599.2438, 1599.2438, 955.39276, 717.7557, , 
65736.25698725, 005245, 0.03953295, -0.012434814, -0.123221084, 0.59708065, -0.3622132, -0.365215, 0.6155602, 1599.2438, 1599.2438, 955.3917, 717.7562, , 
65736.273656291, 005246, 0.039563358, -0.012472957, -0.12379865, 0.5968809, -0.3622056, -0.365401, 0.6156479, 1599.2438, 1599.2438, 955.3915, 717.7564, , 
65736.290325083, 005247, 0.039602045, -0.0124956705, -0.12434946, 0.5967126, -0.36214197, -0.36557353, 0.6157461, 1599.2438, 1599.2438, 955.39124, 717.7565, , 
65736.32366325, 005248, 0.039852545, -0.012437813, -0.12513965, 0.5960852, -0.36195096, -0.36634126, 0.61600965, 1599.2438, 1599.2438, 955.3905, 717.7567, , 
65736.340332291, 005249, 0.04002439, -0.012443334, -0.12553868, 0.5955686, -0.36189035, -0.36687702, 0.61622614, 1599.2438, 1599.2438, 955.38995, 717.7571, , 
65736.357001125, 005250, 0.040221937, -0.012529306, -0.12600905, 0.5948543, -0.36197364, -0.36745137, 0.6165249, 1598.7919, 1598.7919, 955.38934, 717.7579, , 
